Date,SKU,Category,Sales
2025-09-01,HOM-SKU-1000,Home & Garden,17
2025-09-02,HOM-SKU-1000,Home & Garden,26
2025-09-03,HOM-SKU-1000,Home & Garden,0
2025-09-04,HOM-SKU-1000,Home & Garden,24
2025-09-05,HOM-SKU-1000,Home & Garden,17
2025-09-06,HOM-SKU-1000,Home & Garden,15
2025-09-07,HOM-SKU-1000,Home & Garden,13
2025-09-08,HOM-SKU-1000,Home & Garden,23
2025-09-09,HOM-SKU-1000,Home & Garden,24
2025-09-10,HOM-SKU-1000,Home & Garden,23
2025-09-11,HOM-SKU-1000,Home & Garden,24
2025-09-12,HOM-SKU-1000,Home & Garden,16
2025-09-13,HOM-SKU-1000,Home & Garden,15
2025-09-14,HOM-SKU-1000,Home & Garden,21
2025-09-15,HOM-SKU-1000,Home & Garden,18
2025-09-16,HOM-SKU-1000,Home & Garden,22
2025-09-17,HOM-SKU-1000,Home & Garden,22
2025-09-18,HOM-SKU-1000,Home & Garden,0
2025-09-19,HOM-SKU-1000,Home & Garden,22
2025-09-20,HOM-SKU-1000,Home & Garden,14
2025-09-21,HOM-SKU-1000,Home & Garden,19
2025-09-22,HOM-SKU-1000,Home & Garden,0
2025-09-23,HOM-SKU-1000,Home & Garden,26
2025-09-24,HOM-SKU-1000,Home & Garden,24
2025-09-25,HOM-SKU-1000,Home & Garden,27
2025-09-26,HOM-SKU-1000,Home & Garden,19
2025-09-27,HOM-SKU-1000,Home & Garden,19
2025-09-28,HOM-SKU-1000,Home & Garden,20
2025-09-29,HOM-SKU-1000,Home & Garden,27
2025-09-30,HOM-SKU-1000,Home & Garden,28
2025-10-01,HOM-SKU-1000,Home & Garden,30
2025-10-02,HOM-SKU-1000,Home & Garden,24
2025-10-03,HOM-SKU-1000,Home & Garden,20
2025-10-04,HOM-SKU-1000,Home & Garden,20
2025-10-05,HOM-SKU-1000,Home & Garden,16
2025-10-06,HOM-SKU-1000,Home & Garden,25
2025-10-07,HOM-SKU-1000,Home & Garden,0
2025-10-08,HOM-SKU-1000,Home & Garden,0
2025-10-09,HOM-SKU-1000,Home & Garden,27
2025-10-10,HOM-SKU-1000,Home & Garden,20
2025-10-11,HOM-SKU-1000,Home & Garden,23
2025-10-12,HOM-SKU-1000,Home & Garden,19
2025-10-13,HOM-SKU-1000,Home & Garden,27
2025-10-14,HOM-SKU-1000,Home & Garden,31
2025-10-15,HOM-SKU-1000,Home & Garden,27
2025-10-16,HOM-SKU-1000,Home & Garden,23
2025-10-17,HOM-SKU-1000,Home & Garden,19
2025-10-18,HOM-SKU-1000,Home & Garden,0
2025-10-19,HOM-SKU-1000,Home & Garden,21
2025-10-20,HOM-SKU-1000,Home & Garden,29
2025-10-21,HOM-SKU-1000,Home & Garden,29
2025-10-22,HOM-SKU-1000,Home & Garden,28
2025-10-23,HOM-SKU-1000,Home & Garden,21
2025-10-24,HOM-SKU-1000,Home & Garden,19
2025-10-25,HOM-SKU-1000,Home & Garden,0
2025-10-26,HOM-SKU-1000,Home & Garden,24
2025-10-27,HOM-SKU-1000,Home & Garden,27
2025-10-28,HOM-SKU-1000,Home & Garden,0
2025-10-29,HOM-SKU-1000,Home & Garden,30
2025-10-30,HOM-SKU-1000,Home & Garden,25
2025-10-31,HOM-SKU-1000,Home & Garden,18
2025-11-01,HOM-SKU-1000,Home & Garden,17
2025-11-02,HOM-SKU-1000,Home & Garden,0
2025-11-03,HOM-SKU-1000,Home & Garden,23
2025-11-04,HOM-SKU-1000,Home & Garden,27
2025-11-05,HOM-SKU-1000,Home & Garden,32
2025-11-06,HOM-SKU-1000,Home & Garden,25
2025-11-07,HOM-SKU-1000,Home & Garden,0
2025-11-08,HOM-SKU-1000,Home & Garden,19
2025-11-09,HOM-SKU-1000,Home & Garden,27
2025-11-10,HOM-SKU-1000,Home & Garden,26
2025-11-11,HOM-SKU-1000,Home & Garden,27
2025-11-12,HOM-SKU-1000,Home & Garden,30
2025-11-13,HOM-SKU-1000,Home & Garden,26
2025-11-14,HOM-SKU-1000,Home & Garden,19
2025-11-15,HOM-SKU-1000,Home & Garden,22
2025-11-16,HOM-SKU-1000,Home & Garden,28
2025-11-17,HOM-SKU-1000,Home & Garden,32
2025-11-18,HOM-SKU-1000,Home & Garden,29
2025-11-19,HOM-SKU-1000,Home & Garden,30
2025-11-20,HOM-SKU-1000,Home & Garden,30
2025-11-21,HOM-SKU-1000,Home & Garden,25
2025-11-22,HOM-SKU-1000,Home & Garden,22
2025-11-23,HOM-SKU-1000,Home & Garden,0
2025-11-24,HOM-SKU-1000,Home & Garden,27
2025-11-25,HOM-SKU-1000,Home & Garden,33
2025-11-26,HOM-SKU-1000,Home & Garden,35
2025-11-27,HOM-SKU-1000,Home & Garden,25
2025-11-28,HOM-SKU-1000,Home & Garden,27
2025-11-29,HOM-SKU-1000,Home & Garden,24
2025-11-30,HOM-SKU-1000,Home & Garden,29
2025-12-01,HOM-SKU-1000,Home & Garden,27
2025-12-02,HOM-SKU-1000,Home & Garden,35
2025-12-03,HOM-SKU-1000,Home & Garden,35
2025-12-04,HOM-SKU-1000,Home & Garden,27
2025-12-05,HOM-SKU-1000,Home & Garden,22
2025-12-06,HOM-SKU-1000,Home & Garden,26
2025-12-07,HOM-SKU-1000,Home & Garden,26
2025-12-08,HOM-SKU-1000,Home & Garden,32
2025-12-09,HOM-SKU-1000,Home & Garden,36
2025-12-10,HOM-SKU-1000,Home & Garden,33
2025-12-11,HOM-SKU-1000,Home & Garden,25
2025-12-12,HOM-SKU-1000,Home & Garden,23
2025-12-13,HOM-SKU-1000,Home & Garden,0
2025-12-14,HOM-SKU-1000,Home & Garden,29
2025-12-15,HOM-SKU-1000,Home & Garden,32
2025-12-16,HOM-SKU-1000,Home & Garden,36
2025-12-17,HOM-SKU-1000,Home & Garden,29
2025-12-18,HOM-SKU-1000,Home & Garden,33
2025-12-19,HOM-SKU-1000,Home & Garden,0
2025-12-20,HOM-SKU-1000,Home & Garden,28
2025-12-21,HOM-SKU-1000,Home & Garden,28
2025-12-22,HOM-SKU-1000,Home & Garden,0
2025-12-23,HOM-SKU-1000,Home & Garden,35
2025-12-24,HOM-SKU-1000,Home & Garden,34
2025-12-25,HOM-SKU-1000,Home & Garden,30
2025-12-26,HOM-SKU-1000,Home & Garden,30
2025-12-27,HOM-SKU-1000,Home & Garden,27
2025-12-28,HOM-SKU-1000,Home & Garden,29
2025-12-29,HOM-SKU-1000,Home & Garden,29
2025-12-30,HOM-SKU-1000,Home & Garden,32
2025-12-31,HOM-SKU-1000,Home & Garden,31
2026-01-01,HOM-SKU-1000,Home & Garden,30
2026-01-02,HOM-SKU-1000,Home & Garden,25
2026-01-03,HOM-SKU-1000,Home & Garden,25
2026-01-04,HOM-SKU-1000,Home & Garden,29
2026-01-05,HOM-SKU-1000,Home & Garden,34
2026-01-06,HOM-SKU-1000,Home & Garden,37
2026-01-07,HOM-SKU-1000,Home & Garden,34
2026-01-08,HOM-SKU-1000,Home & Garden,32
2026-01-09,HOM-SKU-1000,Home & Garden,29
2026-01-10,HOM-SKU-1000,Home & Garden,27
2026-01-11,HOM-SKU-1000,Home & Garden,30
2026-01-12,HOM-SKU-1000,Home & Garden,38
2026-01-13,HOM-SKU-1000,Home & Garden,39
2026-01-14,HOM-SKU-1000,Home & Garden,37
2026-01-15,HOM-SKU-1000,Home & Garden,0
2026-01-16,HOM-SKU-1000,Home & Garden,29
2026-01-17,HOM-SKU-1000,Home & Garden,23
2026-01-18,HOM-SKU-1000,Home & Garden,26
2026-01-19,HOM-SKU-1000,Home & Garden,31
2026-01-20,HOM-SKU-1000,Home & Garden,37
2026-01-21,HOM-SKU-1000,Home & Garden,0
2026-01-22,HOM-SKU-1000,Home & Garden,32
2026-01-23,HOM-SKU-1000,Home & Garden,27
2026-01-24,HOM-SKU-1000,Home & Garden,27
2026-01-25,HOM-SKU-1000,Home & Garden,33
2026-01-26,HOM-SKU-1000,Home & Garden,32
2026-01-27,HOM-SKU-1000,Home & Garden,0
2026-01-28,HOM-SKU-1000,Home & Garden,31
2026-01-29,HOM-SKU-1000,Home & Garden,28
2026-01-30,HOM-SKU-1000,Home & Garden,32
2026-01-31,HOM-SKU-1000,Home & Garden,0
2026-02-01,HOM-SKU-1000,Home & Garden,31
2026-02-02,HOM-SKU-1000,Home & Garden,40
2026-02-03,HOM-SKU-1000,Home & Garden,40
2026-02-04,HOM-SKU-1000,Home & Garden,38
2026-02-05,HOM-SKU-1000,Home & Garden,32
2026-02-06,HOM-SKU-1000,Home & Garden,27
2026-02-07,HOM-SKU-1000,Home & Garden,33
2026-02-08,HOM-SKU-1000,Home & Garden,36
2026-02-09,HOM-SKU-1000,Home & Garden,37
2026-02-10,HOM-SKU-1000,Home & Garden,41
2026-02-11,HOM-SKU-1000,Home & Garden,36
2026-02-12,HOM-SKU-1000,Home & Garden,29
2026-02-13,HOM-SKU-1000,Home & Garden,27
2026-02-14,HOM-SKU-1000,Home & Garden,28
2026-02-15,HOM-SKU-1000,Home & Garden,34
2026-02-16,HOM-SKU-1000,Home & Garden,39
2026-02-17,HOM-SKU-1000,Home & Garden,37
2026-02-18,HOM-SKU-1000,Home & Garden,40
2026-02-19,HOM-SKU-1000,Home & Garden,30
2026-02-20,HOM-SKU-1000,Home & Garden,27
2026-02-21,HOM-SKU-1000,Home & Garden,26
2026-02-22,HOM-SKU-1000,Home & Garden,36
2026-02-23,HOM-SKU-1000,Home & Garden,38
2026-02-24,HOM-SKU-1000,Home & Garden,36
2026-02-25,HOM-SKU-1000,Home & Garden,36
2026-02-26,HOM-SKU-1000,Home & Garden,28
2026-02-27,HOM-SKU-1000,Home & Garden,32
2025-09-01,SPO-SKU-1001,Sports & Outdoors,13
2025-09-02,SPO-SKU-1001,Sports & Outdoors,17
2025-09-03,SPO-SKU-1001,Sports & Outdoors,20
2025-09-04,SPO-SKU-1001,Sports & Outdoors,16
2025-09-05,SPO-SKU-1001,Sports & Outdoors,15
2025-09-06,SPO-SKU-1001,Sports & Outdoors,10
2025-09-07,SPO-SKU-1001,Sports & Outdoors,9
2025-09-08,SPO-SKU-1001,Sports & Outdoors,0
2025-09-09,SPO-SKU-1001,Sports & Outdoors,20
2025-09-10,SPO-SKU-1001,Sports & Outdoors,19
2025-09-11,SPO-SKU-1001,Sports & Outdoors,19
2025-09-12,SPO-SKU-1001,Sports & Outdoors,15
2025-09-13,SPO-SKU-1001,Sports & Outdoors,14
2025-09-14,SPO-SKU-1001,Sports & Outdoors,16
2025-09-15,SPO-SKU-1001,Sports & Outdoors,18
2025-09-16,SPO-SKU-1001,Sports & Outdoors,18
2025-09-17,SPO-SKU-1001,Sports & Outdoors,22
2025-09-18,SPO-SKU-1001,Sports & Outdoors,0
2025-09-19,SPO-SKU-1001,Sports & Outdoors,14
2025-09-20,SPO-SKU-1001,Sports & Outdoors,13
2025-09-21,SPO-SKU-1001,Sports & Outdoors,17
2025-09-22,SPO-SKU-1001,Sports & Outdoors,18
2025-09-23,SPO-SKU-1001,Sports & Outdoors,0
2025-09-24,SPO-SKU-1001,Sports & Outdoors,0
2025-09-25,SPO-SKU-1001,Sports & Outdoors,16
2025-09-26,SPO-SKU-1001,Sports & Outdoors,12
2025-09-27,SPO-SKU-1001,Sports & Outdoors,11
2025-09-28,SPO-SKU-1001,Sports & Outdoors,13
2025-09-29,SPO-SKU-1001,Sports & Outdoors,16
2025-09-30,SPO-SKU-1001,Sports & Outdoors,21
2025-10-01,SPO-SKU-1001,Sports & Outdoors,20
2025-10-02,SPO-SKU-1001,Sports & Outdoors,22
2025-10-03,SPO-SKU-1001,Sports & Outdoors,17
2025-10-04,SPO-SKU-1001,Sports & Outdoors,14
2025-10-05,SPO-SKU-1001,Sports & Outdoors,0
2025-10-06,SPO-SKU-1001,Sports & Outdoors,21
2025-10-07,SPO-SKU-1001,Sports & Outdoors,25
2025-10-08,SPO-SKU-1001,Sports & Outdoors,25
2025-10-09,SPO-SKU-1001,Sports & Outdoors,21
2025-10-10,SPO-SKU-1001,Sports & Outdoors,14
2025-10-11,SPO-SKU-1001,Sports & Outdoors,16
2025-10-12,SPO-SKU-1001,Sports & Outdoors,0
2025-10-13,SPO-SKU-1001,Sports & Outdoors,22
2025-10-14,SPO-SKU-1001,Sports & Outdoors,21
2025-10-15,SPO-SKU-1001,Sports & Outdoors,24
2025-10-16,SPO-SKU-1001,Sports & Outdoors,21
2025-10-17,SPO-SKU-1001,Sports & Outdoors,13
2025-10-18,SPO-SKU-1001,Sports & Outdoors,15
2025-10-19,SPO-SKU-1001,Sports & Outdoors,13
2025-10-20,SPO-SKU-1001,Sports & Outdoors,20
2025-10-21,SPO-SKU-1001,Sports & Outdoors,26
2025-10-22,SPO-SKU-1001,Sports & Outdoors,25
2025-10-23,SPO-SKU-1001,Sports & Outdoors,18
2025-10-24,SPO-SKU-1001,Sports & Outdoors,15
2025-10-25,SPO-SKU-1001,Sports & Outdoors,14
2025-10-26,SPO-SKU-1001,Sports & Outdoors,19
2025-10-27,SPO-SKU-1001,Sports & Outdoors,18
2025-10-28,SPO-SKU-1001,Sports & Outdoors,23
2025-10-29,SPO-SKU-1001,Sports & Outdoors,23
2025-10-30,SPO-SKU-1001,Sports & Outdoors,21
2025-10-31,SPO-SKU-1001,Sports & Outdoors,19
2025-11-01,SPO-SKU-1001,Sports & Outdoors,17
2025-11-02,SPO-SKU-1001,Sports & Outdoors,19
2025-11-03,SPO-SKU-1001,Sports & Outdoors,22
2025-11-04,SPO-SKU-1001,Sports & Outdoors,24
2025-11-05,SPO-SKU-1001,Sports & Outdoors,27
2025-11-06,SPO-SKU-1001,Sports & Outdoors,24
2025-11-07,SPO-SKU-1001,Sports & Outdoors,17
2025-11-08,SPO-SKU-1001,Sports & Outdoors,17
2025-11-09,SPO-SKU-1001,Sports & Outdoors,16
2025-11-10,SPO-SKU-1001,Sports & Outdoors,25
2025-11-11,SPO-SKU-1001,Sports & Outdoors,25
2025-11-12,SPO-SKU-1001,Sports & Outdoors,26
2025-11-13,SPO-SKU-1001,Sports & Outdoors,25
2025-11-14,SPO-SKU-1001,Sports & Outdoors,16
2025-11-15,SPO-SKU-1001,Sports & Outdoors,14
2025-11-16,SPO-SKU-1001,Sports & Outdoors,16
2025-11-17,SPO-SKU-1001,Sports & Outdoors,22
2025-11-18,SPO-SKU-1001,Sports & Outdoors,25
2025-11-19,SPO-SKU-1001,Sports & Outdoors,0
2025-11-20,SPO-SKU-1001,Sports & Outdoors,24
2025-11-21,SPO-SKU-1001,Sports & Outdoors,20
2025-11-22,SPO-SKU-1001,Sports & Outdoors,15
2025-11-23,SPO-SKU-1001,Sports & Outdoors,18
2025-11-24,SPO-SKU-1001,Sports & Outdoors,23
2025-11-25,SPO-SKU-1001,Sports & Outdoors,30
2025-11-26,SPO-SKU-1001,Sports & Outdoors,23
2025-11-27,SPO-SKU-1001,Sports & Outdoors,0
2025-11-28,SPO-SKU-1001,Sports & Outdoors,20
2025-11-29,SPO-SKU-1001,Sports & Outdoors,20
2025-11-30,SPO-SKU-1001,Sports & Outdoors,20
2025-12-01,SPO-SKU-1001,Sports & Outdoors,24
2025-12-02,SPO-SKU-1001,Sports & Outdoors,25
2025-12-03,SPO-SKU-1001,Sports & Outdoors,0
2025-12-04,SPO-SKU-1001,Sports & Outdoors,20
2025-12-05,SPO-SKU-1001,Sports & Outdoors,22
2025-12-06,SPO-SKU-1001,Sports & Outdoors,19
2025-12-07,SPO-SKU-1001,Sports & Outdoors,24
2025-12-08,SPO-SKU-1001,Sports & Outdoors,0
2025-12-09,SPO-SKU-1001,Sports & Outdoors,31
2025-12-10,SPO-SKU-1001,Sports & Outdoors,29
2025-12-11,SPO-SKU-1001,Sports & Outdoors,24
2025-12-12,SPO-SKU-1001,Sports & Outdoors,23
2025-12-13,SPO-SKU-1001,Sports & Outdoors,22
2025-12-14,SPO-SKU-1001,Sports & Outdoors,23
2025-12-15,SPO-SKU-1001,Sports & Outdoors,28
2025-12-16,SPO-SKU-1001,Sports & Outdoors,29
2025-12-17,SPO-SKU-1001,Sports & Outdoors,0
2025-12-18,SPO-SKU-1001,Sports & Outdoors,21
2025-12-19,SPO-SKU-1001,Sports & Outdoors,21
2025-12-20,SPO-SKU-1001,Sports & Outdoors,17
2025-12-21,SPO-SKU-1001,Sports & Outdoors,24
2025-12-22,SPO-SKU-1001,Sports & Outdoors,27
2025-12-23,SPO-SKU-1001,Sports & Outdoors,26
2025-12-24,SPO-SKU-1001,Sports & Outdoors,28
2025-12-25,SPO-SKU-1001,Sports & Outdoors,22
2025-12-26,SPO-SKU-1001,Sports & Outdoors,23
2025-12-27,SPO-SKU-1001,Sports & Outdoors,17
2025-12-28,SPO-SKU-1001,Sports & Outdoors,24
2025-12-29,SPO-SKU-1001,Sports & Outdoors,30
2025-12-30,SPO-SKU-1001,Sports & Outdoors,29
2025-12-31,SPO-SKU-1001,Sports & Outdoors,25
2026-01-01,SPO-SKU-1001,Sports & Outdoors,25
2026-01-02,SPO-SKU-1001,Sports & Outdoors,18
2026-01-03,SPO-SKU-1001,Sports & Outdoors,22
2026-01-04,SPO-SKU-1001,Sports & Outdoors,21
2026-01-05,SPO-SKU-1001,Sports & Outdoors,26
2026-01-06,SPO-SKU-1001,Sports & Outdoors,29
2026-01-07,SPO-SKU-1001,Sports & Outdoors,32
2026-01-08,SPO-SKU-1001,Sports & Outdoors,28
2026-01-09,SPO-SKU-1001,Sports & Outdoors,19
2026-01-10,SPO-SKU-1001,Sports & Outdoors,20
2026-01-11,SPO-SKU-1001,Sports & Outdoors,24
2026-01-12,SPO-SKU-1001,Sports & Outdoors,30
2026-01-13,SPO-SKU-1001,Sports & Outdoors,33
2026-01-14,SPO-SKU-1001,Sports & Outdoors,28
2026-01-15,SPO-SKU-1001,Sports & Outdoors,23
2026-01-16,SPO-SKU-1001,Sports & Outdoors,21
2026-01-17,SPO-SKU-1001,Sports & Outdoors,23
2026-01-18,SPO-SKU-1001,Sports & Outdoors,23
2026-01-19,SPO-SKU-1001,Sports & Outdoors,27
2026-01-20,SPO-SKU-1001,Sports & Outdoors,34
2026-01-21,SPO-SKU-1001,Sports & Outdoors,29
2026-01-22,SPO-SKU-1001,Sports & Outdoors,23
2026-01-23,SPO-SKU-1001,Sports & Outdoors,23
2026-01-24,SPO-SKU-1001,Sports & Outdoors,22
2026-01-25,SPO-SKU-1001,Sports & Outdoors,26
2026-01-26,SPO-SKU-1001,Sports & Outdoors,0
2026-01-27,SPO-SKU-1001,Sports & Outdoors,30
2026-01-28,SPO-SKU-1001,Sports & Outdoors,0
2026-01-29,SPO-SKU-1001,Sports & Outdoors,23
2026-01-30,SPO-SKU-1001,Sports & Outdoors,26
2026-01-31,SPO-SKU-1001,Sports & Outdoors,27
2026-02-01,SPO-SKU-1001,Sports & Outdoors,24
2026-02-02,SPO-SKU-1001,Sports & Outdoors,33
2026-02-03,SPO-SKU-1001,Sports & Outdoors,31
2026-02-04,SPO-SKU-1001,Sports & Outdoors,32
2026-02-05,SPO-SKU-1001,Sports & Outdoors,24
2026-02-06,SPO-SKU-1001,Sports & Outdoors,24
2026-02-07,SPO-SKU-1001,Sports & Outdoors,26
2026-02-08,SPO-SKU-1001,Sports & Outdoors,31
2026-02-09,SPO-SKU-1001,Sports & Outdoors,30
2026-02-10,SPO-SKU-1001,Sports & Outdoors,0
2026-02-11,SPO-SKU-1001,Sports & Outdoors,29
2026-02-12,SPO-SKU-1001,Sports & Outdoors,28
2026-02-13,SPO-SKU-1001,Sports & Outdoors,24
2026-02-14,SPO-SKU-1001,Sports & Outdoors,27
2026-02-15,SPO-SKU-1001,Sports & Outdoors,26
2026-02-16,SPO-SKU-1001,Sports & Outdoors,29
2026-02-17,SPO-SKU-1001,Sports & Outdoors,35
2026-02-18,SPO-SKU-1001,Sports & Outdoors,33
2026-02-19,SPO-SKU-1001,Sports & Outdoors,29
2026-02-20,SPO-SKU-1001,Sports & Outdoors,0
2026-02-21,SPO-SKU-1001,Sports & Outdoors,25
2026-02-22,SPO-SKU-1001,Sports & Outdoors,31
2026-02-23,SPO-SKU-1001,Sports & Outdoors,32
2026-02-24,SPO-SKU-1001,Sports & Outdoors,31
2026-02-25,SPO-SKU-1001,Sports & Outdoors,30
2026-02-26,SPO-SKU-1001,Sports & Outdoors,27
2026-02-27,SPO-SKU-1001,Sports & Outdoors,22
2025-09-01,SPO-SKU-1002,Sports & Outdoors,28
2025-09-02,SPO-SKU-1002,Sports & Outdoors,38
2025-09-03,SPO-SKU-1002,Sports & Outdoors,37
2025-09-04,SPO-SKU-1002,Sports & Outdoors,35
2025-09-05,SPO-SKU-1002,Sports & Outdoors,27
2025-09-06,SPO-SKU-1002,Sports & Outdoors,12
2025-09-07,SPO-SKU-1002,Sports & Outdoors,21
2025-09-08,SPO-SKU-1002,Sports & Outdoors,31
2025-09-09,SPO-SKU-1002,Sports & Outdoors,29
2025-09-10,SPO-SKU-1002,Sports & Outdoors,30
2025-09-11,SPO-SKU-1002,Sports & Outdoors,0
2025-09-12,SPO-SKU-1002,Sports & Outdoors,20
2025-09-13,SPO-SKU-1002,Sports & Outdoors,12
2025-09-14,SPO-SKU-1002,Sports & Outdoors,0
2025-09-15,SPO-SKU-1002,Sports & Outdoors,30
2025-09-16,SPO-SKU-1002,Sports & Outdoors,28
2025-09-17,SPO-SKU-1002,Sports & Outdoors,37
2025-09-18,SPO-SKU-1002,Sports & Outdoors,34
2025-09-19,SPO-SKU-1002,Sports & Outdoors,23
2025-09-20,SPO-SKU-1002,Sports & Outdoors,17
2025-09-21,SPO-SKU-1002,Sports & Outdoors,14
2025-09-22,SPO-SKU-1002,Sports & Outdoors,28
2025-09-23,SPO-SKU-1002,Sports & Outdoors,29
2025-09-24,SPO-SKU-1002,Sports & Outdoors,35
2025-09-25,SPO-SKU-1002,Sports & Outdoors,33
2025-09-26,SPO-SKU-1002,Sports & Outdoors,19
2025-09-27,SPO-SKU-1002,Sports & Outdoors,20
2025-09-28,SPO-SKU-1002,Sports & Outdoors,19
2025-09-29,SPO-SKU-1002,Sports & Outdoors,29
2025-09-30,SPO-SKU-1002,Sports & Outdoors,0
2025-10-01,SPO-SKU-1002,Sports & Outdoors,0
2025-10-02,SPO-SKU-1002,Sports & Outdoors,31
2025-10-03,SPO-SKU-1002,Sports & Outdoors,0
2025-10-04,SPO-SKU-1002,Sports & Outdoors,12
2025-10-05,SPO-SKU-1002,Sports & Outdoors,16
2025-10-06,SPO-SKU-1002,Sports & Outdoors,25
2025-10-07,SPO-SKU-1002,Sports & Outdoors,33
2025-10-08,SPO-SKU-1002,Sports & Outdoors,33
2025-10-09,SPO-SKU-1002,Sports & Outdoors,31
2025-10-10,SPO-SKU-1002,Sports & Outdoors,22
2025-10-11,SPO-SKU-1002,Sports & Outdoors,15
2025-10-12,SPO-SKU-1002,Sports & Outdoors,18
2025-10-13,SPO-SKU-1002,Sports & Outdoors,29
2025-10-14,SPO-SKU-1002,Sports & Outdoors,36
2025-10-15,SPO-SKU-1002,Sports & Outdoors,28
2025-10-16,SPO-SKU-1002,Sports & Outdoors,31
2025-10-17,SPO-SKU-1002,Sports & Outdoors,17
2025-10-18,SPO-SKU-1002,Sports & Outdoors,11
2025-10-19,SPO-SKU-1002,Sports & Outdoors,19
2025-10-20,SPO-SKU-1002,Sports & Outdoors,26
2025-10-21,SPO-SKU-1002,Sports & Outdoors,35
2025-10-22,SPO-SKU-1002,Sports & Outdoors,28
2025-10-23,SPO-SKU-1002,Sports & Outdoors,0
2025-10-24,SPO-SKU-1002,Sports & Outdoors,19
2025-10-25,SPO-SKU-1002,Sports & Outdoors,15
2025-10-26,SPO-SKU-1002,Sports & Outdoors,20
2025-10-27,SPO-SKU-1002,Sports & Outdoors,0
2025-10-28,SPO-SKU-1002,Sports & Outdoors,36
2025-10-29,SPO-SKU-1002,Sports & Outdoors,33
2025-10-30,SPO-SKU-1002,Sports & Outdoors,22
2025-10-31,SPO-SKU-1002,Sports & Outdoors,21
2025-11-01,SPO-SKU-1002,Sports & Outdoors,18
2025-11-02,SPO-SKU-1002,Sports & Outdoors,22
2025-11-03,SPO-SKU-1002,Sports & Outdoors,26
2025-11-04,SPO-SKU-1002,Sports & Outdoors,28
2025-11-05,SPO-SKU-1002,Sports & Outdoors,26
2025-11-06,SPO-SKU-1002,Sports & Outdoors,29
2025-11-07,SPO-SKU-1002,Sports & Outdoors,17
2025-11-08,SPO-SKU-1002,Sports & Outdoors,18
2025-11-09,SPO-SKU-1002,Sports & Outdoors,18
2025-11-10,SPO-SKU-1002,Sports & Outdoors,25
2025-11-11,SPO-SKU-1002,Sports & Outdoors,29
2025-11-12,SPO-SKU-1002,Sports & Outdoors,30
2025-11-13,SPO-SKU-1002,Sports & Outdoors,19
2025-11-14,SPO-SKU-1002,Sports & Outdoors,19
2025-11-15,SPO-SKU-1002,Sports & Outdoors,15
2025-11-16,SPO-SKU-1002,Sports & Outdoors,22
2025-11-17,SPO-SKU-1002,Sports & Outdoors,24
2025-11-18,SPO-SKU-1002,Sports & Outdoors,33
2025-11-19,SPO-SKU-1002,Sports & Outdoors,30
2025-11-20,SPO-SKU-1002,Sports & Outdoors,18
2025-11-21,SPO-SKU-1002,Sports & Outdoors,19
2025-11-22,SPO-SKU-1002,Sports & Outdoors,8
2025-11-23,SPO-SKU-1002,Sports & Outdoors,18
2025-11-24,SPO-SKU-1002,Sports & Outdoors,26
2025-11-25,SPO-SKU-1002,Sports & Outdoors,30
2025-11-26,SPO-SKU-1002,Sports & Outdoors,0
2025-11-27,SPO-SKU-1002,Sports & Outdoors,22
2025-11-28,SPO-SKU-1002,Sports & Outdoors,15
2025-11-29,SPO-SKU-1002,Sports & Outdoors,9
2025-11-30,SPO-SKU-1002,Sports & Outdoors,19
2025-12-01,SPO-SKU-1002,Sports & Outdoors,24
2025-12-02,SPO-SKU-1002,Sports & Outdoors,34
2025-12-03,SPO-SKU-1002,Sports & Outdoors,25
2025-12-04,SPO-SKU-1002,Sports & Outdoors,20
2025-12-05,SPO-SKU-1002,Sports & Outdoors,17
2025-12-06,SPO-SKU-1002,Sports & Outdoors,7
2025-12-07,SPO-SKU-1002,Sports & Outdoors,17
2025-12-08,SPO-SKU-1002,Sports & Outdoors,24
2025-12-09,SPO-SKU-1002,Sports & Outdoors,34
2025-12-10,SPO-SKU-1002,Sports & Outdoors,30
2025-12-11,SPO-SKU-1002,Sports & Outdoors,25
2025-12-12,SPO-SKU-1002,Sports & Outdoors,14
2025-12-13,SPO-SKU-1002,Sports & Outdoors,10
2025-12-14,SPO-SKU-1002,Sports & Outdoors,0
2025-12-15,SPO-SKU-1002,Sports & Outdoors,23
2025-12-16,SPO-SKU-1002,Sports & Outdoors,0
2025-12-17,SPO-SKU-1002,Sports & Outdoors,26
2025-12-18,SPO-SKU-1002,Sports & Outdoors,23
2025-12-19,SPO-SKU-1002,Sports & Outdoors,10
2025-12-20,SPO-SKU-1002,Sports & Outdoors,7
2025-12-21,SPO-SKU-1002,Sports & Outdoors,18
2025-12-22,SPO-SKU-1002,Sports & Outdoors,27
2025-12-23,SPO-SKU-1002,Sports & Outdoors,24
2025-12-24,SPO-SKU-1002,Sports & Outdoors,32
2025-12-25,SPO-SKU-1002,Sports & Outdoors,14
2025-12-26,SPO-SKU-1002,Sports & Outdoors,10
2025-12-27,SPO-SKU-1002,Sports & Outdoors,6
2025-12-28,SPO-SKU-1002,Sports & Outdoors,20
2025-12-29,SPO-SKU-1002,Sports & Outdoors,25
2025-12-30,SPO-SKU-1002,Sports & Outdoors,32
2025-12-31,SPO-SKU-1002,Sports & Outdoors,27
2026-01-01,SPO-SKU-1002,Sports & Outdoors,17
2026-01-02,SPO-SKU-1002,Sports & Outdoors,16
2026-01-03,SPO-SKU-1002,Sports & Outdoors,6
2026-01-04,SPO-SKU-1002,Sports & Outdoors,16
2026-01-05,SPO-SKU-1002,Sports & Outdoors,28
2026-01-06,SPO-SKU-1002,Sports & Outdoors,31
2026-01-07,SPO-SKU-1002,Sports & Outdoors,30
2026-01-08,SPO-SKU-1002,Sports & Outdoors,20
2026-01-09,SPO-SKU-1002,Sports & Outdoors,9
2026-01-10,SPO-SKU-1002,Sports & Outdoors,11
2026-01-11,SPO-SKU-1002,Sports & Outdoors,0
2026-01-12,SPO-SKU-1002,Sports & Outdoors,28
2026-01-13,SPO-SKU-1002,Sports & Outdoors,0
2026-01-14,SPO-SKU-1002,Sports & Outdoors,23
2026-01-15,SPO-SKU-1002,Sports & Outdoors,16
2026-01-16,SPO-SKU-1002,Sports & Outdoors,10
2026-01-17,SPO-SKU-1002,Sports & Outdoors,7
2026-01-18,SPO-SKU-1002,Sports & Outdoors,14
2026-01-19,SPO-SKU-1002,Sports & Outdoors,20
2026-01-20,SPO-SKU-1002,Sports & Outdoors,28
2026-01-21,SPO-SKU-1002,Sports & Outdoors,22
2026-01-22,SPO-SKU-1002,Sports & Outdoors,20
2026-01-23,SPO-SKU-1002,Sports & Outdoors,7
2026-01-24,SPO-SKU-1002,Sports & Outdoors,7
2026-01-25,SPO-SKU-1002,Sports & Outdoors,12
2026-01-26,SPO-SKU-1002,Sports & Outdoors,20
2026-01-27,SPO-SKU-1002,Sports & Outdoors,27
2026-01-28,SPO-SKU-1002,Sports & Outdoors,27
2026-01-29,SPO-SKU-1002,Sports & Outdoors,11
2026-01-30,SPO-SKU-1002,Sports & Outdoors,15
2026-01-31,SPO-SKU-1002,Sports & Outdoors,9
2026-02-01,SPO-SKU-1002,Sports & Outdoors,0
2026-02-02,SPO-SKU-1002,Sports & Outdoors,29
2026-02-03,SPO-SKU-1002,Sports & Outdoors,30
2026-02-04,SPO-SKU-1002,Sports & Outdoors,28
2026-02-05,SPO-SKU-1002,Sports & Outdoors,16
2026-02-06,SPO-SKU-1002,Sports & Outdoors,9
2026-02-07,SPO-SKU-1002,Sports & Outdoors,15
2026-02-08,SPO-SKU-1002,Sports & Outdoors,13
2026-02-09,SPO-SKU-1002,Sports & Outdoors,22
2026-02-10,SPO-SKU-1002,Sports & Outdoors,29
2026-02-11,SPO-SKU-1002,Sports & Outdoors,25
2026-02-12,SPO-SKU-1002,Sports & Outdoors,15
2026-02-13,SPO-SKU-1002,Sports & Outdoors,5
2026-02-14,SPO-SKU-1002,Sports & Outdoors,0
2026-02-15,SPO-SKU-1002,Sports & Outdoors,22
2026-02-16,SPO-SKU-1002,Sports & Outdoors,27
2026-02-17,SPO-SKU-1002,Sports & Outdoors,27
2026-02-18,SPO-SKU-1002,Sports & Outdoors,19
2026-02-19,SPO-SKU-1002,Sports & Outdoors,18
2026-02-20,SPO-SKU-1002,Sports & Outdoors,0
2026-02-21,SPO-SKU-1002,Sports & Outdoors,0
2026-02-22,SPO-SKU-1002,Sports & Outdoors,0
2026-02-23,SPO-SKU-1002,Sports & Outdoors,23
2026-02-24,SPO-SKU-1002,Sports & Outdoors,25
2026-02-25,SPO-SKU-1002,Sports & Outdoors,21
2026-02-26,SPO-SKU-1002,Sports & Outdoors,10
2026-02-27,SPO-SKU-1002,Sports & Outdoors,0
2025-09-01,ELE-SKU-1003,Electronics,25
2025-09-02,ELE-SKU-1003,Electronics,25
2025-09-03,ELE-SKU-1003,Electronics,28
2025-09-04,ELE-SKU-1003,Electronics,27
2025-09-05,ELE-SKU-1003,Electronics,0
2025-09-06,ELE-SKU-1003,Electronics,18
2025-09-07,ELE-SKU-1003,Electronics,21
2025-09-08,ELE-SKU-1003,Electronics,20
2025-09-09,ELE-SKU-1003,Electronics,0
2025-09-10,ELE-SKU-1003,Electronics,28
2025-09-11,ELE-SKU-1003,Electronics,27
2025-09-12,ELE-SKU-1003,Electronics,0
2025-09-13,ELE-SKU-1003,Electronics,15
2025-09-14,ELE-SKU-1003,Electronics,17
2025-09-15,ELE-SKU-1003,Electronics,25
2025-09-16,ELE-SKU-1003,Electronics,34
2025-09-17,ELE-SKU-1003,Electronics,28
2025-09-18,ELE-SKU-1003,Electronics,32
2025-09-19,ELE-SKU-1003,Electronics,23
2025-09-20,ELE-SKU-1003,Electronics,22
2025-09-21,ELE-SKU-1003,Electronics,19
2025-09-22,ELE-SKU-1003,Electronics,22
2025-09-23,ELE-SKU-1003,Electronics,34
2025-09-24,ELE-SKU-1003,Electronics,33
2025-09-25,ELE-SKU-1003,Electronics,32
2025-09-26,ELE-SKU-1003,Electronics,18
2025-09-27,ELE-SKU-1003,Electronics,18
2025-09-28,ELE-SKU-1003,Electronics,18
2025-09-29,ELE-SKU-1003,Electronics,30
2025-09-30,ELE-SKU-1003,Electronics,34
2025-10-01,ELE-SKU-1003,Electronics,32
2025-10-02,ELE-SKU-1003,Electronics,25
2025-10-03,ELE-SKU-1003,Electronics,24
2025-10-04,ELE-SKU-1003,Electronics,16
2025-10-05,ELE-SKU-1003,Electronics,0
2025-10-06,ELE-SKU-1003,Electronics,30
2025-10-07,ELE-SKU-1003,Electronics,0
2025-10-08,ELE-SKU-1003,Electronics,36
2025-10-09,ELE-SKU-1003,Electronics,26
2025-10-10,ELE-SKU-1003,Electronics,24
2025-10-11,ELE-SKU-1003,Electronics,23
2025-10-12,ELE-SKU-1003,Electronics,25
2025-10-13,ELE-SKU-1003,Electronics,31
2025-10-14,ELE-SKU-1003,Electronics,35
2025-10-15,ELE-SKU-1003,Electronics,32
2025-10-16,ELE-SKU-1003,Electronics,32
2025-10-17,ELE-SKU-1003,Electronics,25
2025-10-18,ELE-SKU-1003,Electronics,26
2025-10-19,ELE-SKU-1003,Electronics,25
2025-10-20,ELE-SKU-1003,Electronics,30
2025-10-21,ELE-SKU-1003,Electronics,38
2025-10-22,ELE-SKU-1003,Electronics,34
2025-10-23,ELE-SKU-1003,Electronics,34
2025-10-24,ELE-SKU-1003,Electronics,25
2025-10-25,ELE-SKU-1003,Electronics,23
2025-10-26,ELE-SKU-1003,Electronics,25
2025-10-27,ELE-SKU-1003,Electronics,34
2025-10-28,ELE-SKU-1003,Electronics,37
2025-10-29,ELE-SKU-1003,Electronics,35
2025-10-30,ELE-SKU-1003,Electronics,27
2025-10-31,ELE-SKU-1003,Electronics,0
2025-11-01,ELE-SKU-1003,Electronics,19
2025-11-02,ELE-SKU-1003,Electronics,22
2025-11-03,ELE-SKU-1003,Electronics,34
2025-11-04,ELE-SKU-1003,Electronics,35
2025-11-05,ELE-SKU-1003,Electronics,38
2025-11-06,ELE-SKU-1003,Electronics,29
2025-11-07,ELE-SKU-1003,Electronics,24
2025-11-08,ELE-SKU-1003,Electronics,24
2025-11-09,ELE-SKU-1003,Electronics,27
2025-11-10,ELE-SKU-1003,Electronics,37
2025-11-11,ELE-SKU-1003,Electronics,40
2025-11-12,ELE-SKU-1003,Electronics,38
2025-11-13,ELE-SKU-1003,Electronics,31
2025-11-14,ELE-SKU-1003,Electronics,28
2025-11-15,ELE-SKU-1003,Electronics,21
2025-11-16,ELE-SKU-1003,Electronics,24
2025-11-17,ELE-SKU-1003,Electronics,31
2025-11-18,ELE-SKU-1003,Electronics,35
2025-11-19,ELE-SKU-1003,Electronics,34
2025-11-20,ELE-SKU-1003,Electronics,28
2025-11-21,ELE-SKU-1003,Electronics,28
2025-11-22,ELE-SKU-1003,Electronics,23
2025-11-23,ELE-SKU-1003,Electronics,28
2025-11-24,ELE-SKU-1003,Electronics,33
2025-11-25,ELE-SKU-1003,Electronics,42
2025-11-26,ELE-SKU-1003,Electronics,41
2025-11-27,ELE-SKU-1003,Electronics,31
2025-11-28,ELE-SKU-1003,Electronics,30
2025-11-29,ELE-SKU-1003,Electronics,25
2025-11-30,ELE-SKU-1003,Electronics,34
2025-12-01,ELE-SKU-1003,Electronics,34
2025-12-02,ELE-SKU-1003,Electronics,38
2025-12-03,ELE-SKU-1003,Electronics,0
2025-12-04,ELE-SKU-1003,Electronics,31
2025-12-05,ELE-SKU-1003,Electronics,30
2025-12-06,ELE-SKU-1003,Electronics,31
2025-12-07,ELE-SKU-1003,Electronics,31
2025-12-08,ELE-SKU-1003,Electronics,36
2025-12-09,ELE-SKU-1003,Electronics,0
2025-12-10,ELE-SKU-1003,Electronics,0
2025-12-11,ELE-SKU-1003,Electronics,35
2025-12-12,ELE-SKU-1003,Electronics,28
2025-12-13,ELE-SKU-1003,Electronics,29
2025-12-14,ELE-SKU-1003,Electronics,33
2025-12-15,ELE-SKU-1003,Electronics,35
2025-12-16,ELE-SKU-1003,Electronics,43
2025-12-17,ELE-SKU-1003,Electronics,39
2025-12-18,ELE-SKU-1003,Electronics,34
2025-12-19,ELE-SKU-1003,Electronics,29
2025-12-20,ELE-SKU-1003,Electronics,24
2025-12-21,ELE-SKU-1003,Electronics,30
2025-12-22,ELE-SKU-1003,Electronics,35
2025-12-23,ELE-SKU-1003,Electronics,44
2025-12-24,ELE-SKU-1003,Electronics,37
2025-12-25,ELE-SKU-1003,Electronics,33
2025-12-26,ELE-SKU-1003,Electronics,31
2025-12-27,ELE-SKU-1003,Electronics,25
2025-12-28,ELE-SKU-1003,Electronics,29
2025-12-29,ELE-SKU-1003,Electronics,40
2025-12-30,ELE-SKU-1003,Electronics,0
2025-12-31,ELE-SKU-1003,Electronics,42
2026-01-01,ELE-SKU-1003,Electronics,39
2026-01-02,ELE-SKU-1003,Electronics,31
2026-01-03,ELE-SKU-1003,Electronics,29
2026-01-04,ELE-SKU-1003,Electronics,37
2026-01-05,ELE-SKU-1003,Electronics,40
2026-01-06,ELE-SKU-1003,Electronics,43
2026-01-07,ELE-SKU-1003,Electronics,44
2026-01-08,ELE-SKU-1003,Electronics,33
2026-01-09,ELE-SKU-1003,Electronics,32
2026-01-10,ELE-SKU-1003,Electronics,0
2026-01-11,ELE-SKU-1003,Electronics,32
2026-01-12,ELE-SKU-1003,Electronics,37
2026-01-13,ELE-SKU-1003,Electronics,40
2026-01-14,ELE-SKU-1003,Electronics,38
2026-01-15,ELE-SKU-1003,Electronics,0
2026-01-16,ELE-SKU-1003,Electronics,35
2026-01-17,ELE-SKU-1003,Electronics,32
2026-01-18,ELE-SKU-1003,Electronics,32
2026-01-19,ELE-SKU-1003,Electronics,42
2026-01-20,ELE-SKU-1003,Electronics,45
2026-01-21,ELE-SKU-1003,Electronics,46
2026-01-22,ELE-SKU-1003,Electronics,36
2026-01-23,ELE-SKU-1003,Electronics,0
2026-01-24,ELE-SKU-1003,Electronics,34
2026-01-25,ELE-SKU-1003,Electronics,37
2026-01-26,ELE-SKU-1003,Electronics,0
2026-01-27,ELE-SKU-1003,Electronics,47
2026-01-28,ELE-SKU-1003,Electronics,41
2026-01-29,ELE-SKU-1003,Electronics,39
2026-01-30,ELE-SKU-1003,Electronics,33
2026-01-31,ELE-SKU-1003,Electronics,34
2026-02-01,ELE-SKU-1003,Electronics,42
2026-02-02,ELE-SKU-1003,Electronics,47
2026-02-03,ELE-SKU-1003,Electronics,49
2026-02-04,ELE-SKU-1003,Electronics,47
2026-02-05,ELE-SKU-1003,Electronics,34
2026-02-06,ELE-SKU-1003,Electronics,34
2026-02-07,ELE-SKU-1003,Electronics,33
2026-02-08,ELE-SKU-1003,Electronics,38
2026-02-09,ELE-SKU-1003,Electronics,44
2026-02-10,ELE-SKU-1003,Electronics,50
2026-02-11,ELE-SKU-1003,Electronics,44
2026-02-12,ELE-SKU-1003,Electronics,37
2026-02-13,ELE-SKU-1003,Electronics,31
2026-02-14,ELE-SKU-1003,Electronics,32
2026-02-15,ELE-SKU-1003,Electronics,43
2026-02-16,ELE-SKU-1003,Electronics,42
2026-02-17,ELE-SKU-1003,Electronics,48
2026-02-18,ELE-SKU-1003,Electronics,41
2026-02-19,ELE-SKU-1003,Electronics,37
2026-02-20,ELE-SKU-1003,Electronics,0
2026-02-21,ELE-SKU-1003,Electronics,32
2026-02-22,ELE-SKU-1003,Electronics,45
2026-02-23,ELE-SKU-1003,Electronics,44
2026-02-24,ELE-SKU-1003,Electronics,48
2026-02-25,ELE-SKU-1003,Electronics,42
2026-02-26,ELE-SKU-1003,Electronics,36
2026-02-27,ELE-SKU-1003,Electronics,38
2025-09-01,HOM-SKU-1004,Home & Garden,4
2025-09-02,HOM-SKU-1004,Home & Garden,4
2025-09-03,HOM-SKU-1004,Home & Garden,5
2025-09-04,HOM-SKU-1004,Home & Garden,4
2025-09-05,HOM-SKU-1004,Home & Garden,3
2025-09-06,HOM-SKU-1004,Home & Garden,2
2025-09-07,HOM-SKU-1004,Home & Garden,3
2025-09-08,HOM-SKU-1004,Home & Garden,4
2025-09-09,HOM-SKU-1004,Home & Garden,4
2025-09-10,HOM-SKU-1004,Home & Garden,5
2025-09-11,HOM-SKU-1004,Home & Garden,4
2025-09-12,HOM-SKU-1004,Home & Garden,3
2025-09-13,HOM-SKU-1004,Home & Garden,2
2025-09-14,HOM-SKU-1004,Home & Garden,3
2025-09-15,HOM-SKU-1004,Home & Garden,4
2025-09-16,HOM-SKU-1004,Home & Garden,4
2025-09-17,HOM-SKU-1004,Home & Garden,4
2025-09-18,HOM-SKU-1004,Home & Garden,4
2025-09-19,HOM-SKU-1004,Home & Garden,3
2025-09-20,HOM-SKU-1004,Home & Garden,2
2025-09-21,HOM-SKU-1004,Home & Garden,0
2025-09-22,HOM-SKU-1004,Home & Garden,4
2025-09-23,HOM-SKU-1004,Home & Garden,4
2025-09-24,HOM-SKU-1004,Home & Garden,4
2025-09-25,HOM-SKU-1004,Home & Garden,0
2025-09-26,HOM-SKU-1004,Home & Garden,3
2025-09-27,HOM-SKU-1004,Home & Garden,2
2025-09-28,HOM-SKU-1004,Home & Garden,3
2025-09-29,HOM-SKU-1004,Home & Garden,4
2025-09-30,HOM-SKU-1004,Home & Garden,4
2025-10-01,HOM-SKU-1004,Home & Garden,4
2025-10-02,HOM-SKU-1004,Home & Garden,4
2025-10-03,HOM-SKU-1004,Home & Garden,3
2025-10-04,HOM-SKU-1004,Home & Garden,2
2025-10-05,HOM-SKU-1004,Home & Garden,3
2025-10-06,HOM-SKU-1004,Home & Garden,0
2025-10-07,HOM-SKU-1004,Home & Garden,4
2025-10-08,HOM-SKU-1004,Home & Garden,4
2025-10-09,HOM-SKU-1004,Home & Garden,0
2025-10-10,HOM-SKU-1004,Home & Garden,3
2025-10-11,HOM-SKU-1004,Home & Garden,2
2025-10-12,HOM-SKU-1004,Home & Garden,3
2025-10-13,HOM-SKU-1004,Home & Garden,4
2025-10-14,HOM-SKU-1004,Home & Garden,4
2025-10-15,HOM-SKU-1004,Home & Garden,4
2025-10-16,HOM-SKU-1004,Home & Garden,3
2025-10-17,HOM-SKU-1004,Home & Garden,0
2025-10-18,HOM-SKU-1004,Home & Garden,2
2025-10-19,HOM-SKU-1004,Home & Garden,3
2025-10-20,HOM-SKU-1004,Home & Garden,4
2025-10-21,HOM-SKU-1004,Home & Garden,4
2025-10-22,HOM-SKU-1004,Home & Garden,4
2025-10-23,HOM-SKU-1004,Home & Garden,0
2025-10-24,HOM-SKU-1004,Home & Garden,2
2025-10-25,HOM-SKU-1004,Home & Garden,2
2025-10-26,HOM-SKU-1004,Home & Garden,0
2025-10-27,HOM-SKU-1004,Home & Garden,4
2025-10-28,HOM-SKU-1004,Home & Garden,4
2025-10-29,HOM-SKU-1004,Home & Garden,4
2025-10-30,HOM-SKU-1004,Home & Garden,3
2025-10-31,HOM-SKU-1004,Home & Garden,2
2025-11-01,HOM-SKU-1004,Home & Garden,2
2025-11-02,HOM-SKU-1004,Home & Garden,0
2025-11-03,HOM-SKU-1004,Home & Garden,4
2025-11-04,HOM-SKU-1004,Home & Garden,4
2025-11-05,HOM-SKU-1004,Home & Garden,0
2025-11-06,HOM-SKU-1004,Home & Garden,3
2025-11-07,HOM-SKU-1004,Home & Garden,2
2025-11-08,HOM-SKU-1004,Home & Garden,2
2025-11-09,HOM-SKU-1004,Home & Garden,0
2025-11-10,HOM-SKU-1004,Home & Garden,3
2025-11-11,HOM-SKU-1004,Home & Garden,4
2025-11-12,HOM-SKU-1004,Home & Garden,4
2025-11-13,HOM-SKU-1004,Home & Garden,3
2025-11-14,HOM-SKU-1004,Home & Garden,2
2025-11-15,HOM-SKU-1004,Home & Garden,2
2025-11-16,HOM-SKU-1004,Home & Garden,3
2025-11-17,HOM-SKU-1004,Home & Garden,3
2025-11-18,HOM-SKU-1004,Home & Garden,4
2025-11-19,HOM-SKU-1004,Home & Garden,4
2025-11-20,HOM-SKU-1004,Home & Garden,3
2025-11-21,HOM-SKU-1004,Home & Garden,2
2025-11-22,HOM-SKU-1004,Home & Garden,2
2025-11-23,HOM-SKU-1004,Home & Garden,0
2025-11-24,HOM-SKU-1004,Home & Garden,3
2025-11-25,HOM-SKU-1004,Home & Garden,4
2025-11-26,HOM-SKU-1004,Home & Garden,4
2025-11-27,HOM-SKU-1004,Home & Garden,3
2025-11-28,HOM-SKU-1004,Home & Garden,2
2025-11-29,HOM-SKU-1004,Home & Garden,2
2025-11-30,HOM-SKU-1004,Home & Garden,3
2025-12-01,HOM-SKU-1004,Home & Garden,3
2025-12-02,HOM-SKU-1004,Home & Garden,4
2025-12-03,HOM-SKU-1004,Home & Garden,4
2025-12-04,HOM-SKU-1004,Home & Garden,3
2025-12-05,HOM-SKU-1004,Home & Garden,2
2025-12-06,HOM-SKU-1004,Home & Garden,2
2025-12-07,HOM-SKU-1004,Home & Garden,3
2025-12-08,HOM-SKU-1004,Home & Garden,3
2025-12-09,HOM-SKU-1004,Home & Garden,4
2025-12-10,HOM-SKU-1004,Home & Garden,4
2025-12-11,HOM-SKU-1004,Home & Garden,3
2025-12-12,HOM-SKU-1004,Home & Garden,2
2025-12-13,HOM-SKU-1004,Home & Garden,2
2025-12-14,HOM-SKU-1004,Home & Garden,2
2025-12-15,HOM-SKU-1004,Home & Garden,0
2025-12-16,HOM-SKU-1004,Home & Garden,4
2025-12-17,HOM-SKU-1004,Home & Garden,4
2025-12-18,HOM-SKU-1004,Home & Garden,3
2025-12-19,HOM-SKU-1004,Home & Garden,2
2025-12-20,HOM-SKU-1004,Home & Garden,2
2025-12-21,HOM-SKU-1004,Home & Garden,2
2025-12-22,HOM-SKU-1004,Home & Garden,0
2025-12-23,HOM-SKU-1004,Home & Garden,4
2025-12-24,HOM-SKU-1004,Home & Garden,4
2025-12-25,HOM-SKU-1004,Home & Garden,3
2025-12-26,HOM-SKU-1004,Home & Garden,0
2025-12-27,HOM-SKU-1004,Home & Garden,2
2025-12-28,HOM-SKU-1004,Home & Garden,2
2025-12-29,HOM-SKU-1004,Home & Garden,3
2025-12-30,HOM-SKU-1004,Home & Garden,4
2025-12-31,HOM-SKU-1004,Home & Garden,4
2026-01-01,HOM-SKU-1004,Home & Garden,3
2026-01-02,HOM-SKU-1004,Home & Garden,2
2026-01-03,HOM-SKU-1004,Home & Garden,2
2026-01-04,HOM-SKU-1004,Home & Garden,2
2026-01-05,HOM-SKU-1004,Home & Garden,3
2026-01-06,HOM-SKU-1004,Home & Garden,4
2026-01-07,HOM-SKU-1004,Home & Garden,4
2026-01-08,HOM-SKU-1004,Home & Garden,3
2026-01-09,HOM-SKU-1004,Home & Garden,0
2026-01-10,HOM-SKU-1004,Home & Garden,2
2026-01-11,HOM-SKU-1004,Home & Garden,2
2026-01-12,HOM-SKU-1004,Home & Garden,3
2026-01-13,HOM-SKU-1004,Home & Garden,4
2026-01-14,HOM-SKU-1004,Home & Garden,3
2026-01-15,HOM-SKU-1004,Home & Garden,2
2026-01-16,HOM-SKU-1004,Home & Garden,2
2026-01-17,HOM-SKU-1004,Home & Garden,2
2026-01-18,HOM-SKU-1004,Home & Garden,2
2026-01-19,HOM-SKU-1004,Home & Garden,3
2026-01-20,HOM-SKU-1004,Home & Garden,4
2026-01-21,HOM-SKU-1004,Home & Garden,3
2026-01-22,HOM-SKU-1004,Home & Garden,2
2026-01-23,HOM-SKU-1004,Home & Garden,2
2026-01-24,HOM-SKU-1004,Home & Garden,2
2026-01-25,HOM-SKU-1004,Home & Garden,2
2026-01-26,HOM-SKU-1004,Home & Garden,3
2026-01-27,HOM-SKU-1004,Home & Garden,4
2026-01-28,HOM-SKU-1004,Home & Garden,0
2026-01-29,HOM-SKU-1004,Home & Garden,0
2026-01-30,HOM-SKU-1004,Home & Garden,2
2026-01-31,HOM-SKU-1004,Home & Garden,2
2026-02-01,HOM-SKU-1004,Home & Garden,2
2026-02-02,HOM-SKU-1004,Home & Garden,3
2026-02-03,HOM-SKU-1004,Home & Garden,0
2026-02-04,HOM-SKU-1004,Home & Garden,3
2026-02-05,HOM-SKU-1004,Home & Garden,2
2026-02-06,HOM-SKU-1004,Home & Garden,2
2026-02-07,HOM-SKU-1004,Home & Garden,0
2026-02-08,HOM-SKU-1004,Home & Garden,2
2026-02-09,HOM-SKU-1004,Home & Garden,3
2026-02-10,HOM-SKU-1004,Home & Garden,4
2026-02-11,HOM-SKU-1004,Home & Garden,3
2026-02-12,HOM-SKU-1004,Home & Garden,2
2026-02-13,HOM-SKU-1004,Home & Garden,0
2026-02-14,HOM-SKU-1004,Home & Garden,2
2026-02-15,HOM-SKU-1004,Home & Garden,2
2026-02-16,HOM-SKU-1004,Home & Garden,3
2026-02-17,HOM-SKU-1004,Home & Garden,4
2026-02-18,HOM-SKU-1004,Home & Garden,3
2026-02-19,HOM-SKU-1004,Home & Garden,2
2026-02-20,HOM-SKU-1004,Home & Garden,1
2026-02-21,HOM-SKU-1004,Home & Garden,0
2026-02-22,HOM-SKU-1004,Home & Garden,2
2026-02-23,HOM-SKU-1004,Home & Garden,3
2026-02-24,HOM-SKU-1004,Home & Garden,4
2026-02-25,HOM-SKU-1004,Home & Garden,3
2026-02-26,HOM-SKU-1004,Home & Garden,2
2026-02-27,HOM-SKU-1004,Home & Garden,0
2025-09-01,HOM-SKU-1005,Home & Garden,44
2025-09-02,HOM-SKU-1005,Home & Garden,55
2025-09-03,HOM-SKU-1005,Home & Garden,49
2025-09-04,HOM-SKU-1005,Home & Garden,42
2025-09-05,HOM-SKU-1005,Home & Garden,40
2025-09-06,HOM-SKU-1005,Home & Garden,24
2025-09-07,HOM-SKU-1005,Home & Garden,27
2025-09-08,HOM-SKU-1005,Home & Garden,39
2025-09-09,HOM-SKU-1005,Home & Garden,56
2025-09-10,HOM-SKU-1005,Home & Garden,57
2025-09-11,HOM-SKU-1005,Home & Garden,0
2025-09-12,HOM-SKU-1005,Home & Garden,23
2025-09-13,HOM-SKU-1005,Home & Garden,19
2025-09-14,HOM-SKU-1005,Home & Garden,25
2025-09-15,HOM-SKU-1005,Home & Garden,32
2025-09-16,HOM-SKU-1005,Home & Garden,47
2025-09-17,HOM-SKU-1005,Home & Garden,45
2025-09-18,HOM-SKU-1005,Home & Garden,50
2025-09-19,HOM-SKU-1005,Home & Garden,0
2025-09-20,HOM-SKU-1005,Home & Garden,27
2025-09-21,HOM-SKU-1005,Home & Garden,0
2025-09-22,HOM-SKU-1005,Home & Garden,42
2025-09-23,HOM-SKU-1005,Home & Garden,59
2025-09-24,HOM-SKU-1005,Home & Garden,50
2025-09-25,HOM-SKU-1005,Home & Garden,39
2025-09-26,HOM-SKU-1005,Home & Garden,28
2025-09-27,HOM-SKU-1005,Home & Garden,23
2025-09-28,HOM-SKU-1005,Home & Garden,19
2025-09-29,HOM-SKU-1005,Home & Garden,32
2025-09-30,HOM-SKU-1005,Home & Garden,58
2025-10-01,HOM-SKU-1005,Home & Garden,45
2025-10-02,HOM-SKU-1005,Home & Garden,39
2025-10-03,HOM-SKU-1005,Home & Garden,25
2025-10-04,HOM-SKU-1005,Home & Garden,16
2025-10-05,HOM-SKU-1005,Home & Garden,23
2025-10-06,HOM-SKU-1005,Home & Garden,41
2025-10-07,HOM-SKU-1005,Home & Garden,48
2025-10-08,HOM-SKU-1005,Home & Garden,59
2025-10-09,HOM-SKU-1005,Home & Garden,47
2025-10-10,HOM-SKU-1005,Home & Garden,20
2025-10-11,HOM-SKU-1005,Home & Garden,20
2025-10-12,HOM-SKU-1005,Home & Garden,26
2025-10-13,HOM-SKU-1005,Home & Garden,32
2025-10-14,HOM-SKU-1005,Home & Garden,46
2025-10-15,HOM-SKU-1005,Home & Garden,52
2025-10-16,HOM-SKU-1005,Home & Garden,33
2025-10-17,HOM-SKU-1005,Home & Garden,34
2025-10-18,HOM-SKU-1005,Home & Garden,20
2025-10-19,HOM-SKU-1005,Home & Garden,28
2025-10-20,HOM-SKU-1005,Home & Garden,43
2025-10-21,HOM-SKU-1005,Home & Garden,57
2025-10-22,HOM-SKU-1005,Home & Garden,47
2025-10-23,HOM-SKU-1005,Home & Garden,38
2025-10-24,HOM-SKU-1005,Home & Garden,27
2025-10-25,HOM-SKU-1005,Home & Garden,21
2025-10-26,HOM-SKU-1005,Home & Garden,22
2025-10-27,HOM-SKU-1005,Home & Garden,43
2025-10-28,HOM-SKU-1005,Home & Garden,53
2025-10-29,HOM-SKU-1005,Home & Garden,47
2025-10-30,HOM-SKU-1005,Home & Garden,30
2025-10-31,HOM-SKU-1005,Home & Garden,0
2025-11-01,HOM-SKU-1005,Home & Garden,15
2025-11-02,HOM-SKU-1005,Home & Garden,21
2025-11-03,HOM-SKU-1005,Home & Garden,38
2025-11-04,HOM-SKU-1005,Home & Garden,55
2025-11-05,HOM-SKU-1005,Home & Garden,51
2025-11-06,HOM-SKU-1005,Home & Garden,35
2025-11-07,HOM-SKU-1005,Home & Garden,19
2025-11-08,HOM-SKU-1005,Home & Garden,19
2025-11-09,HOM-SKU-1005,Home & Garden,30
2025-11-10,HOM-SKU-1005,Home & Garden,44
2025-11-11,HOM-SKU-1005,Home & Garden,51
2025-11-12,HOM-SKU-1005,Home & Garden,48
2025-11-13,HOM-SKU-1005,Home & Garden,31
2025-11-14,HOM-SKU-1005,Home & Garden,25
2025-11-15,HOM-SKU-1005,Home & Garden,21
2025-11-16,HOM-SKU-1005,Home & Garden,27
2025-11-17,HOM-SKU-1005,Home & Garden,47
2025-11-18,HOM-SKU-1005,Home & Garden,47
2025-11-19,HOM-SKU-1005,Home & Garden,38
2025-11-20,HOM-SKU-1005,Home & Garden,40
2025-11-21,HOM-SKU-1005,Home & Garden,17
2025-11-22,HOM-SKU-1005,Home & Garden,0
2025-11-23,HOM-SKU-1005,Home & Garden,33
2025-11-24,HOM-SKU-1005,Home & Garden,0
2025-11-25,HOM-SKU-1005,Home & Garden,49
2025-11-26,HOM-SKU-1005,Home & Garden,41
2025-11-27,HOM-SKU-1005,Home & Garden,26
2025-11-28,HOM-SKU-1005,Home & Garden,21
2025-11-29,HOM-SKU-1005,Home & Garden,19
2025-11-30,HOM-SKU-1005,Home & Garden,25
2025-12-01,HOM-SKU-1005,Home & Garden,47
2025-12-02,HOM-SKU-1005,Home & Garden,56
2025-12-03,HOM-SKU-1005,Home & Garden,0
2025-12-04,HOM-SKU-1005,Home & Garden,25
2025-12-05,HOM-SKU-1005,Home & Garden,27
2025-12-06,HOM-SKU-1005,Home & Garden,13
2025-12-07,HOM-SKU-1005,Home & Garden,33
2025-12-08,HOM-SKU-1005,Home & Garden,0
2025-12-09,HOM-SKU-1005,Home & Garden,45
2025-12-10,HOM-SKU-1005,Home & Garden,43
2025-12-11,HOM-SKU-1005,Home & Garden,31
2025-12-12,HOM-SKU-1005,Home & Garden,0
2025-12-13,HOM-SKU-1005,Home & Garden,10
2025-12-14,HOM-SKU-1005,Home & Garden,19
2025-12-15,HOM-SKU-1005,Home & Garden,45
2025-12-16,HOM-SKU-1005,Home & Garden,49
2025-12-17,HOM-SKU-1005,Home & Garden,46
2025-12-18,HOM-SKU-1005,Home & Garden,0
2025-12-19,HOM-SKU-1005,Home & Garden,20
2025-12-20,HOM-SKU-1005,Home & Garden,24
2025-12-21,HOM-SKU-1005,Home & Garden,34
2025-12-22,HOM-SKU-1005,Home & Garden,46
2025-12-23,HOM-SKU-1005,Home & Garden,48
2025-12-24,HOM-SKU-1005,Home & Garden,39
2025-12-25,HOM-SKU-1005,Home & Garden,36
2025-12-26,HOM-SKU-1005,Home & Garden,10
2025-12-27,HOM-SKU-1005,Home & Garden,23
2025-12-28,HOM-SKU-1005,Home & Garden,22
2025-12-29,HOM-SKU-1005,Home & Garden,37
2025-12-30,HOM-SKU-1005,Home & Garden,47
2025-12-31,HOM-SKU-1005,Home & Garden,48
2026-01-01,HOM-SKU-1005,Home & Garden,23
2026-01-02,HOM-SKU-1005,Home & Garden,0
2026-01-03,HOM-SKU-1005,Home & Garden,23
2026-01-04,HOM-SKU-1005,Home & Garden,18
2026-01-05,HOM-SKU-1005,Home & Garden,33
2026-01-06,HOM-SKU-1005,Home & Garden,42
2026-01-07,HOM-SKU-1005,Home & Garden,0
2026-01-08,HOM-SKU-1005,Home & Garden,0
2026-01-09,HOM-SKU-1005,Home & Garden,18
2026-01-10,HOM-SKU-1005,Home & Garden,22
2026-01-11,HOM-SKU-1005,Home & Garden,33
2026-01-12,HOM-SKU-1005,Home & Garden,33
2026-01-13,HOM-SKU-1005,Home & Garden,48
2026-01-14,HOM-SKU-1005,Home & Garden,0
2026-01-15,HOM-SKU-1005,Home & Garden,0
2026-01-16,HOM-SKU-1005,Home & Garden,16
2026-01-17,HOM-SKU-1005,Home & Garden,9
2026-01-18,HOM-SKU-1005,Home & Garden,24
2026-01-19,HOM-SKU-1005,Home & Garden,37
2026-01-20,HOM-SKU-1005,Home & Garden,53
2026-01-21,HOM-SKU-1005,Home & Garden,32
2026-01-22,HOM-SKU-1005,Home & Garden,33
2026-01-23,HOM-SKU-1005,Home & Garden,7
2026-01-24,HOM-SKU-1005,Home & Garden,9
2026-01-25,HOM-SKU-1005,Home & Garden,34
2026-01-26,HOM-SKU-1005,Home & Garden,35
2026-01-27,HOM-SKU-1005,Home & Garden,49
2026-01-28,HOM-SKU-1005,Home & Garden,43
2026-01-29,HOM-SKU-1005,Home & Garden,30
2026-01-30,HOM-SKU-1005,Home & Garden,17
2026-01-31,HOM-SKU-1005,Home & Garden,22
2026-02-01,HOM-SKU-1005,Home & Garden,20
2026-02-02,HOM-SKU-1005,Home & Garden,42
2026-02-03,HOM-SKU-1005,Home & Garden,40
2026-02-04,HOM-SKU-1005,Home & Garden,29
2026-02-05,HOM-SKU-1005,Home & Garden,15
2026-02-06,HOM-SKU-1005,Home & Garden,0
2026-02-07,HOM-SKU-1005,Home & Garden,22
2026-02-08,HOM-SKU-1005,Home & Garden,22
2026-02-09,HOM-SKU-1005,Home & Garden,35
2026-02-10,HOM-SKU-1005,Home & Garden,48
2026-02-11,HOM-SKU-1005,Home & Garden,29
2026-02-12,HOM-SKU-1005,Home & Garden,23
2026-02-13,HOM-SKU-1005,Home & Garden,8
2026-02-14,HOM-SKU-1005,Home & Garden,0
2026-02-15,HOM-SKU-1005,Home & Garden,27
2026-02-16,HOM-SKU-1005,Home & Garden,36
2026-02-17,HOM-SKU-1005,Home & Garden,35
2026-02-18,HOM-SKU-1005,Home & Garden,27
2026-02-19,HOM-SKU-1005,Home & Garden,0
2026-02-20,HOM-SKU-1005,Home & Garden,4
2026-02-21,HOM-SKU-1005,Home & Garden,18
2026-02-22,HOM-SKU-1005,Home & Garden,34
2026-02-23,HOM-SKU-1005,Home & Garden,34
2026-02-24,HOM-SKU-1005,Home & Garden,48
2026-02-25,HOM-SKU-1005,Home & Garden,39
2026-02-26,HOM-SKU-1005,Home & Garden,26
2026-02-27,HOM-SKU-1005,Home & Garden,6
2025-09-01,SPO-SKU-1006,Sports & Outdoors,3
2025-09-02,SPO-SKU-1006,Sports & Outdoors,3
2025-09-03,SPO-SKU-1006,Sports & Outdoors,3
2025-09-04,SPO-SKU-1006,Sports & Outdoors,3
2025-09-05,SPO-SKU-1006,Sports & Outdoors,2
2025-09-06,SPO-SKU-1006,Sports & Outdoors,2
2025-09-07,SPO-SKU-1006,Sports & Outdoors,2
2025-09-08,SPO-SKU-1006,Sports & Outdoors,3
2025-09-09,SPO-SKU-1006,Sports & Outdoors,0
2025-09-10,SPO-SKU-1006,Sports & Outdoors,3
2025-09-11,SPO-SKU-1006,Sports & Outdoors,3
2025-09-12,SPO-SKU-1006,Sports & Outdoors,2
2025-09-13,SPO-SKU-1006,Sports & Outdoors,2
2025-09-14,SPO-SKU-1006,Sports & Outdoors,2
2025-09-15,SPO-SKU-1006,Sports & Outdoors,3
2025-09-16,SPO-SKU-1006,Sports & Outdoors,0
2025-09-17,SPO-SKU-1006,Sports & Outdoors,3
2025-09-18,SPO-SKU-1006,Sports & Outdoors,3
2025-09-19,SPO-SKU-1006,Sports & Outdoors,2
2025-09-20,SPO-SKU-1006,Sports & Outdoors,2
2025-09-21,SPO-SKU-1006,Sports & Outdoors,2
2025-09-22,SPO-SKU-1006,Sports & Outdoors,3
2025-09-23,SPO-SKU-1006,Sports & Outdoors,0
2025-09-24,SPO-SKU-1006,Sports & Outdoors,3
2025-09-25,SPO-SKU-1006,Sports & Outdoors,3
2025-09-26,SPO-SKU-1006,Sports & Outdoors,2
2025-09-27,SPO-SKU-1006,Sports & Outdoors,2
2025-09-28,SPO-SKU-1006,Sports & Outdoors,2
2025-09-29,SPO-SKU-1006,Sports & Outdoors,3
2025-09-30,SPO-SKU-1006,Sports & Outdoors,3
2025-10-01,SPO-SKU-1006,Sports & Outdoors,3
2025-10-02,SPO-SKU-1006,Sports & Outdoors,3
2025-10-03,SPO-SKU-1006,Sports & Outdoors,2
2025-10-04,SPO-SKU-1006,Sports & Outdoors,2
2025-10-05,SPO-SKU-1006,Sports & Outdoors,2
2025-10-06,SPO-SKU-1006,Sports & Outdoors,3
2025-10-07,SPO-SKU-1006,Sports & Outdoors,3
2025-10-08,SPO-SKU-1006,Sports & Outdoors,3
2025-10-09,SPO-SKU-1006,Sports & Outdoors,3
2025-10-10,SPO-SKU-1006,Sports & Outdoors,2
2025-10-11,SPO-SKU-1006,Sports & Outdoors,2
2025-10-12,SPO-SKU-1006,Sports & Outdoors,2
2025-10-13,SPO-SKU-1006,Sports & Outdoors,3
2025-10-14,SPO-SKU-1006,Sports & Outdoors,3
2025-10-15,SPO-SKU-1006,Sports & Outdoors,3
2025-10-16,SPO-SKU-1006,Sports & Outdoors,3
2025-10-17,SPO-SKU-1006,Sports & Outdoors,2
2025-10-18,SPO-SKU-1006,Sports & Outdoors,2
2025-10-19,SPO-SKU-1006,Sports & Outdoors,2
2025-10-20,SPO-SKU-1006,Sports & Outdoors,3
2025-10-21,SPO-SKU-1006,Sports & Outdoors,3
2025-10-22,SPO-SKU-1006,Sports & Outdoors,3
2025-10-23,SPO-SKU-1006,Sports & Outdoors,3
2025-10-24,SPO-SKU-1006,Sports & Outdoors,2
2025-10-25,SPO-SKU-1006,Sports & Outdoors,2
2025-10-26,SPO-SKU-1006,Sports & Outdoors,2
2025-10-27,SPO-SKU-1006,Sports & Outdoors,3
2025-10-28,SPO-SKU-1006,Sports & Outdoors,3
2025-10-29,SPO-SKU-1006,Sports & Outdoors,3
2025-10-30,SPO-SKU-1006,Sports & Outdoors,3
2025-10-31,SPO-SKU-1006,Sports & Outdoors,2
2025-11-01,SPO-SKU-1006,Sports & Outdoors,2
2025-11-02,SPO-SKU-1006,Sports & Outdoors,2
2025-11-03,SPO-SKU-1006,Sports & Outdoors,3
2025-11-04,SPO-SKU-1006,Sports & Outdoors,0
2025-11-05,SPO-SKU-1006,Sports & Outdoors,3
2025-11-06,SPO-SKU-1006,Sports & Outdoors,3
2025-11-07,SPO-SKU-1006,Sports & Outdoors,2
2025-11-08,SPO-SKU-1006,Sports & Outdoors,0
2025-11-09,SPO-SKU-1006,Sports & Outdoors,0
2025-11-10,SPO-SKU-1006,Sports & Outdoors,3
2025-11-11,SPO-SKU-1006,Sports & Outdoors,0
2025-11-12,SPO-SKU-1006,Sports & Outdoors,3
2025-11-13,SPO-SKU-1006,Sports & Outdoors,3
2025-11-14,SPO-SKU-1006,Sports & Outdoors,2
2025-11-15,SPO-SKU-1006,Sports & Outdoors,2
2025-11-16,SPO-SKU-1006,Sports & Outdoors,2
2025-11-17,SPO-SKU-1006,Sports & Outdoors,3
2025-11-18,SPO-SKU-1006,Sports & Outdoors,3
2025-11-19,SPO-SKU-1006,Sports & Outdoors,3
2025-11-20,SPO-SKU-1006,Sports & Outdoors,3
2025-11-21,SPO-SKU-1006,Sports & Outdoors,2
2025-11-22,SPO-SKU-1006,Sports & Outdoors,2
2025-11-23,SPO-SKU-1006,Sports & Outdoors,2
2025-11-24,SPO-SKU-1006,Sports & Outdoors,3
2025-11-25,SPO-SKU-1006,Sports & Outdoors,3
2025-11-26,SPO-SKU-1006,Sports & Outdoors,0
2025-11-27,SPO-SKU-1006,Sports & Outdoors,3
2025-11-28,SPO-SKU-1006,Sports & Outdoors,0
2025-11-29,SPO-SKU-1006,Sports & Outdoors,2
2025-11-30,SPO-SKU-1006,Sports & Outdoors,2
2025-12-01,SPO-SKU-1006,Sports & Outdoors,0
2025-12-02,SPO-SKU-1006,Sports & Outdoors,3
2025-12-03,SPO-SKU-1006,Sports & Outdoors,3
2025-12-04,SPO-SKU-1006,Sports & Outdoors,2
2025-12-05,SPO-SKU-1006,Sports & Outdoors,2
2025-12-06,SPO-SKU-1006,Sports & Outdoors,2
2025-12-07,SPO-SKU-1006,Sports & Outdoors,2
2025-12-08,SPO-SKU-1006,Sports & Outdoors,3
2025-12-09,SPO-SKU-1006,Sports & Outdoors,3
2025-12-10,SPO-SKU-1006,Sports & Outdoors,0
2025-12-11,SPO-SKU-1006,Sports & Outdoors,2
2025-12-12,SPO-SKU-1006,Sports & Outdoors,2
2025-12-13,SPO-SKU-1006,Sports & Outdoors,2
2025-12-14,SPO-SKU-1006,Sports & Outdoors,2
2025-12-15,SPO-SKU-1006,Sports & Outdoors,3
2025-12-16,SPO-SKU-1006,Sports & Outdoors,3
2025-12-17,SPO-SKU-1006,Sports & Outdoors,3
2025-12-18,SPO-SKU-1006,Sports & Outdoors,2
2025-12-19,SPO-SKU-1006,Sports & Outdoors,2
2025-12-20,SPO-SKU-1006,Sports & Outdoors,2
2025-12-21,SPO-SKU-1006,Sports & Outdoors,2
2025-12-22,SPO-SKU-1006,Sports & Outdoors,3
2025-12-23,SPO-SKU-1006,Sports & Outdoors,3
2025-12-24,SPO-SKU-1006,Sports & Outdoors,0
2025-12-25,SPO-SKU-1006,Sports & Outdoors,2
2025-12-26,SPO-SKU-1006,Sports & Outdoors,2
2025-12-27,SPO-SKU-1006,Sports & Outdoors,2
2025-12-28,SPO-SKU-1006,Sports & Outdoors,2
2025-12-29,SPO-SKU-1006,Sports & Outdoors,3
2025-12-30,SPO-SKU-1006,Sports & Outdoors,3
2025-12-31,SPO-SKU-1006,Sports & Outdoors,3
2026-01-01,SPO-SKU-1006,Sports & Outdoors,2
2026-01-02,SPO-SKU-1006,Sports & Outdoors,2
2026-01-03,SPO-SKU-1006,Sports & Outdoors,2
2026-01-04,SPO-SKU-1006,Sports & Outdoors,2
2026-01-05,SPO-SKU-1006,Sports & Outdoors,3
2026-01-06,SPO-SKU-1006,Sports & Outdoors,3
2026-01-07,SPO-SKU-1006,Sports & Outdoors,3
2026-01-08,SPO-SKU-1006,Sports & Outdoors,2
2026-01-09,SPO-SKU-1006,Sports & Outdoors,2
2026-01-10,SPO-SKU-1006,Sports & Outdoors,0
2026-01-11,SPO-SKU-1006,Sports & Outdoors,2
2026-01-12,SPO-SKU-1006,Sports & Outdoors,3
2026-01-13,SPO-SKU-1006,Sports & Outdoors,3
2026-01-14,SPO-SKU-1006,Sports & Outdoors,3
2026-01-15,SPO-SKU-1006,Sports & Outdoors,2
2026-01-16,SPO-SKU-1006,Sports & Outdoors,2
2026-01-17,SPO-SKU-1006,Sports & Outdoors,0
2026-01-18,SPO-SKU-1006,Sports & Outdoors,0
2026-01-19,SPO-SKU-1006,Sports & Outdoors,3
2026-01-20,SPO-SKU-1006,Sports & Outdoors,3
2026-01-21,SPO-SKU-1006,Sports & Outdoors,3
2026-01-22,SPO-SKU-1006,Sports & Outdoors,2
2026-01-23,SPO-SKU-1006,Sports & Outdoors,2
2026-01-24,SPO-SKU-1006,Sports & Outdoors,2
2026-01-25,SPO-SKU-1006,Sports & Outdoors,2
2026-01-26,SPO-SKU-1006,Sports & Outdoors,3
2026-01-27,SPO-SKU-1006,Sports & Outdoors,3
2026-01-28,SPO-SKU-1006,Sports & Outdoors,3
2026-01-29,SPO-SKU-1006,Sports & Outdoors,2
2026-01-30,SPO-SKU-1006,Sports & Outdoors,2
2026-01-31,SPO-SKU-1006,Sports & Outdoors,2
2026-02-01,SPO-SKU-1006,Sports & Outdoors,2
2026-02-02,SPO-SKU-1006,Sports & Outdoors,3
2026-02-03,SPO-SKU-1006,Sports & Outdoors,3
2026-02-04,SPO-SKU-1006,Sports & Outdoors,3
2026-02-05,SPO-SKU-1006,Sports & Outdoors,2
2026-02-06,SPO-SKU-1006,Sports & Outdoors,2
2026-02-07,SPO-SKU-1006,Sports & Outdoors,2
2026-02-08,SPO-SKU-1006,Sports & Outdoors,0
2026-02-09,SPO-SKU-1006,Sports & Outdoors,3
2026-02-10,SPO-SKU-1006,Sports & Outdoors,3
2026-02-11,SPO-SKU-1006,Sports & Outdoors,3
2026-02-12,SPO-SKU-1006,Sports & Outdoors,2
2026-02-13,SPO-SKU-1006,Sports & Outdoors,2
2026-02-14,SPO-SKU-1006,Sports & Outdoors,2
2026-02-15,SPO-SKU-1006,Sports & Outdoors,2
2026-02-16,SPO-SKU-1006,Sports & Outdoors,3
2026-02-17,SPO-SKU-1006,Sports & Outdoors,3
2026-02-18,SPO-SKU-1006,Sports & Outdoors,3
2026-02-19,SPO-SKU-1006,Sports & Outdoors,2
2026-02-20,SPO-SKU-1006,Sports & Outdoors,0
2026-02-21,SPO-SKU-1006,Sports & Outdoors,2
2026-02-22,SPO-SKU-1006,Sports & Outdoors,2
2026-02-23,SPO-SKU-1006,Sports & Outdoors,3
2026-02-24,SPO-SKU-1006,Sports & Outdoors,3
2026-02-25,SPO-SKU-1006,Sports & Outdoors,3
2026-02-26,SPO-SKU-1006,Sports & Outdoors,2
2026-02-27,SPO-SKU-1006,Sports & Outdoors,2
2025-09-01,HOM-SKU-1007,Home & Garden,6
2025-09-02,HOM-SKU-1007,Home & Garden,7
2025-09-03,HOM-SKU-1007,Home & Garden,8
2025-09-04,HOM-SKU-1007,Home & Garden,8
2025-09-05,HOM-SKU-1007,Home & Garden,0
2025-09-06,HOM-SKU-1007,Home & Garden,5
2025-09-07,HOM-SKU-1007,Home & Garden,4
2025-09-08,HOM-SKU-1007,Home & Garden,6
2025-09-09,HOM-SKU-1007,Home & Garden,0
2025-09-10,HOM-SKU-1007,Home & Garden,9
2025-09-11,HOM-SKU-1007,Home & Garden,8
2025-09-12,HOM-SKU-1007,Home & Garden,5
2025-09-13,HOM-SKU-1007,Home & Garden,6
2025-09-14,HOM-SKU-1007,Home & Garden,6
2025-09-15,HOM-SKU-1007,Home & Garden,8
2025-09-16,HOM-SKU-1007,Home & Garden,8
2025-09-17,HOM-SKU-1007,Home & Garden,10
2025-09-18,HOM-SKU-1007,Home & Garden,8
2025-09-19,HOM-SKU-1007,Home & Garden,0
2025-09-20,HOM-SKU-1007,Home & Garden,4
2025-09-21,HOM-SKU-1007,Home & Garden,0
2025-09-22,HOM-SKU-1007,Home & Garden,7
2025-09-23,HOM-SKU-1007,Home & Garden,8
2025-09-24,HOM-SKU-1007,Home & Garden,0
2025-09-25,HOM-SKU-1007,Home & Garden,7
2025-09-26,HOM-SKU-1007,Home & Garden,7
2025-09-27,HOM-SKU-1007,Home & Garden,4
2025-09-28,HOM-SKU-1007,Home & Garden,6
2025-09-29,HOM-SKU-1007,Home & Garden,8
2025-09-30,HOM-SKU-1007,Home & Garden,9
2025-10-01,HOM-SKU-1007,Home & Garden,10
2025-10-02,HOM-SKU-1007,Home & Garden,8
2025-10-03,HOM-SKU-1007,Home & Garden,6
2025-10-04,HOM-SKU-1007,Home & Garden,4
2025-10-05,HOM-SKU-1007,Home & Garden,0
2025-10-06,HOM-SKU-1007,Home & Garden,8
2025-10-07,HOM-SKU-1007,Home & Garden,9
2025-10-08,HOM-SKU-1007,Home & Garden,11
2025-10-09,HOM-SKU-1007,Home & Garden,9
2025-10-10,HOM-SKU-1007,Home & Garden,5
2025-10-11,HOM-SKU-1007,Home & Garden,6
2025-10-12,HOM-SKU-1007,Home & Garden,6
2025-10-13,HOM-SKU-1007,Home & Garden,0
2025-10-14,HOM-SKU-1007,Home & Garden,9
2025-10-15,HOM-SKU-1007,Home & Garden,11
2025-10-16,HOM-SKU-1007,Home & Garden,10
2025-10-17,HOM-SKU-1007,Home & Garden,8
2025-10-18,HOM-SKU-1007,Home & Garden,7
2025-10-19,HOM-SKU-1007,Home & Garden,6
2025-10-20,HOM-SKU-1007,Home & Garden,0
2025-10-21,HOM-SKU-1007,Home & Garden,9
2025-10-22,HOM-SKU-1007,Home & Garden,0
2025-10-23,HOM-SKU-1007,Home & Garden,9
2025-10-24,HOM-SKU-1007,Home & Garden,8
2025-10-25,HOM-SKU-1007,Home & Garden,5
2025-10-26,HOM-SKU-1007,Home & Garden,7
2025-10-27,HOM-SKU-1007,Home & Garden,8
2025-10-28,HOM-SKU-1007,Home & Garden,12
2025-10-29,HOM-SKU-1007,Home & Garden,10
2025-10-30,HOM-SKU-1007,Home & Garden,9
2025-10-31,HOM-SKU-1007,Home & Garden,7
2025-11-01,HOM-SKU-1007,Home & Garden,0
2025-11-02,HOM-SKU-1007,Home & Garden,7
2025-11-03,HOM-SKU-1007,Home & Garden,9
2025-11-04,HOM-SKU-1007,Home & Garden,10
2025-11-05,HOM-SKU-1007,Home & Garden,10
2025-11-06,HOM-SKU-1007,Home & Garden,9
2025-11-07,HOM-SKU-1007,Home & Garden,0
2025-11-08,HOM-SKU-1007,Home & Garden,0
2025-11-09,HOM-SKU-1007,Home & Garden,8
2025-11-10,HOM-SKU-1007,Home & Garden,11
2025-11-11,HOM-SKU-1007,Home & Garden,10
2025-11-12,HOM-SKU-1007,Home & Garden,11
2025-11-13,HOM-SKU-1007,Home & Garden,9
2025-11-14,HOM-SKU-1007,Home & Garden,8
2025-11-15,HOM-SKU-1007,Home & Garden,8
2025-11-16,HOM-SKU-1007,Home & Garden,7
2025-11-17,HOM-SKU-1007,Home & Garden,0
2025-11-18,HOM-SKU-1007,Home & Garden,12
2025-11-19,HOM-SKU-1007,Home & Garden,0
2025-11-20,HOM-SKU-1007,Home & Garden,0
2025-11-21,HOM-SKU-1007,Home & Garden,9
2025-11-22,HOM-SKU-1007,Home & Garden,7
2025-11-23,HOM-SKU-1007,Home & Garden,8
2025-11-24,HOM-SKU-1007,Home & Garden,10
2025-11-25,HOM-SKU-1007,Home & Garden,13
2025-11-26,HOM-SKU-1007,Home & Garden,12
2025-11-27,HOM-SKU-1007,Home & Garden,10
2025-11-28,HOM-SKU-1007,Home & Garden,7
2025-11-29,HOM-SKU-1007,Home & Garden,8
2025-11-30,HOM-SKU-1007,Home & Garden,0
2025-12-01,HOM-SKU-1007,Home & Garden,10
2025-12-02,HOM-SKU-1007,Home & Garden,13
2025-12-03,HOM-SKU-1007,Home & Garden,10
2025-12-04,HOM-SKU-1007,Home & Garden,10
2025-12-05,HOM-SKU-1007,Home & Garden,0
2025-12-06,HOM-SKU-1007,Home & Garden,9
2025-12-07,HOM-SKU-1007,Home & Garden,8
2025-12-08,HOM-SKU-1007,Home & Garden,12
2025-12-09,HOM-SKU-1007,Home & Garden,12
2025-12-10,HOM-SKU-1007,Home & Garden,13
2025-12-11,HOM-SKU-1007,Home & Garden,0
2025-12-12,HOM-SKU-1007,Home & Garden,9
2025-12-13,HOM-SKU-1007,Home & Garden,7
2025-12-14,HOM-SKU-1007,Home & Garden,9
2025-12-15,HOM-SKU-1007,Home & Garden,10
2025-12-16,HOM-SKU-1007,Home & Garden,12
2025-12-17,HOM-SKU-1007,Home & Garden,13
2025-12-18,HOM-SKU-1007,Home & Garden,9
2025-12-19,HOM-SKU-1007,Home & Garden,7
2025-12-20,HOM-SKU-1007,Home & Garden,8
2025-12-21,HOM-SKU-1007,Home & Garden,9
2025-12-22,HOM-SKU-1007,Home & Garden,12
2025-12-23,HOM-SKU-1007,Home & Garden,12
2025-12-24,HOM-SKU-1007,Home & Garden,12
2025-12-25,HOM-SKU-1007,Home & Garden,11
2025-12-26,HOM-SKU-1007,Home & Garden,8
2025-12-27,HOM-SKU-1007,Home & Garden,8
2025-12-28,HOM-SKU-1007,Home & Garden,10
2025-12-29,HOM-SKU-1007,Home & Garden,13
2025-12-30,HOM-SKU-1007,Home & Garden,0
2025-12-31,HOM-SKU-1007,Home & Garden,13
2026-01-01,HOM-SKU-1007,Home & Garden,10
2026-01-02,HOM-SKU-1007,Home & Garden,9
2026-01-03,HOM-SKU-1007,Home & Garden,8
2026-01-04,HOM-SKU-1007,Home & Garden,11
2026-01-05,HOM-SKU-1007,Home & Garden,13
2026-01-06,HOM-SKU-1007,Home & Garden,0
2026-01-07,HOM-SKU-1007,Home & Garden,11
2026-01-08,HOM-SKU-1007,Home & Garden,0
2026-01-09,HOM-SKU-1007,Home & Garden,10
2026-01-10,HOM-SKU-1007,Home & Garden,10
2026-01-11,HOM-SKU-1007,Home & Garden,11
2026-01-12,HOM-SKU-1007,Home & Garden,13
2026-01-13,HOM-SKU-1007,Home & Garden,14
2026-01-14,HOM-SKU-1007,Home & Garden,14
2026-01-15,HOM-SKU-1007,Home & Garden,11
2026-01-16,HOM-SKU-1007,Home & Garden,9
2026-01-17,HOM-SKU-1007,Home & Garden,8
2026-01-18,HOM-SKU-1007,Home & Garden,12
2026-01-19,HOM-SKU-1007,Home & Garden,0
2026-01-20,HOM-SKU-1007,Home & Garden,13
2026-01-21,HOM-SKU-1007,Home & Garden,14
2026-01-22,HOM-SKU-1007,Home & Garden,12
2026-01-23,HOM-SKU-1007,Home & Garden,10
2026-01-24,HOM-SKU-1007,Home & Garden,11
2026-01-25,HOM-SKU-1007,Home & Garden,12
2026-01-26,HOM-SKU-1007,Home & Garden,13
2026-01-27,HOM-SKU-1007,Home & Garden,14
2026-01-28,HOM-SKU-1007,Home & Garden,12
2026-01-29,HOM-SKU-1007,Home & Garden,11
2026-01-30,HOM-SKU-1007,Home & Garden,11
2026-01-31,HOM-SKU-1007,Home & Garden,11
2026-02-01,HOM-SKU-1007,Home & Garden,11
2026-02-02,HOM-SKU-1007,Home & Garden,14
2026-02-03,HOM-SKU-1007,Home & Garden,13
2026-02-04,HOM-SKU-1007,Home & Garden,12
2026-02-05,HOM-SKU-1007,Home & Garden,10
2026-02-06,HOM-SKU-1007,Home & Garden,10
2026-02-07,HOM-SKU-1007,Home & Garden,11
2026-02-08,HOM-SKU-1007,Home & Garden,13
2026-02-09,HOM-SKU-1007,Home & Garden,15
2026-02-10,HOM-SKU-1007,Home & Garden,15
2026-02-11,HOM-SKU-1007,Home & Garden,13
2026-02-12,HOM-SKU-1007,Home & Garden,12
2026-02-13,HOM-SKU-1007,Home & Garden,11
2026-02-14,HOM-SKU-1007,Home & Garden,0
2026-02-15,HOM-SKU-1007,Home & Garden,12
2026-02-16,HOM-SKU-1007,Home & Garden,15
2026-02-17,HOM-SKU-1007,Home & Garden,16
2026-02-18,HOM-SKU-1007,Home & Garden,14
2026-02-19,HOM-SKU-1007,Home & Garden,13
2026-02-20,HOM-SKU-1007,Home & Garden,0
2026-02-21,HOM-SKU-1007,Home & Garden,11
2026-02-22,HOM-SKU-1007,Home & Garden,12
2026-02-23,HOM-SKU-1007,Home & Garden,14
2026-02-24,HOM-SKU-1007,Home & Garden,0
2026-02-25,HOM-SKU-1007,Home & Garden,15
2026-02-26,HOM-SKU-1007,Home & Garden,12
2026-02-27,HOM-SKU-1007,Home & Garden,0
2025-09-01,SPO-SKU-1008,Sports & Outdoors,12
2025-09-02,SPO-SKU-1008,Sports & Outdoors,23
2025-09-03,SPO-SKU-1008,Sports & Outdoors,23
2025-09-04,SPO-SKU-1008,Sports & Outdoors,17
2025-09-05,SPO-SKU-1008,Sports & Outdoors,13
2025-09-06,SPO-SKU-1008,Sports & Outdoors,7
2025-09-07,SPO-SKU-1008,Sports & Outdoors,8
2025-09-08,SPO-SKU-1008,Sports & Outdoors,12
2025-09-09,SPO-SKU-1008,Sports & Outdoors,23
2025-09-10,SPO-SKU-1008,Sports & Outdoors,22
2025-09-11,SPO-SKU-1008,Sports & Outdoors,15
2025-09-12,SPO-SKU-1008,Sports & Outdoors,11
2025-09-13,SPO-SKU-1008,Sports & Outdoors,6
2025-09-14,SPO-SKU-1008,Sports & Outdoors,11
2025-09-15,SPO-SKU-1008,Sports & Outdoors,18
2025-09-16,SPO-SKU-1008,Sports & Outdoors,24
2025-09-17,SPO-SKU-1008,Sports & Outdoors,21
2025-09-18,SPO-SKU-1008,Sports & Outdoors,0
2025-09-19,SPO-SKU-1008,Sports & Outdoors,11
2025-09-20,SPO-SKU-1008,Sports & Outdoors,7
2025-09-21,SPO-SKU-1008,Sports & Outdoors,9
2025-09-22,SPO-SKU-1008,Sports & Outdoors,13
2025-09-23,SPO-SKU-1008,Sports & Outdoors,21
2025-09-24,SPO-SKU-1008,Sports & Outdoors,21
2025-09-25,SPO-SKU-1008,Sports & Outdoors,20
2025-09-26,SPO-SKU-1008,Sports & Outdoors,10
2025-09-27,SPO-SKU-1008,Sports & Outdoors,8
2025-09-28,SPO-SKU-1008,Sports & Outdoors,10
2025-09-29,SPO-SKU-1008,Sports & Outdoors,19
2025-09-30,SPO-SKU-1008,Sports & Outdoors,21
2025-10-01,SPO-SKU-1008,Sports & Outdoors,0
2025-10-02,SPO-SKU-1008,Sports & Outdoors,18
2025-10-03,SPO-SKU-1008,Sports & Outdoors,10
2025-10-04,SPO-SKU-1008,Sports & Outdoors,10
2025-10-05,SPO-SKU-1008,Sports & Outdoors,9
2025-10-06,SPO-SKU-1008,Sports & Outdoors,18
2025-10-07,SPO-SKU-1008,Sports & Outdoors,22
2025-10-08,SPO-SKU-1008,Sports & Outdoors,25
2025-10-09,SPO-SKU-1008,Sports & Outdoors,19
2025-10-10,SPO-SKU-1008,Sports & Outdoors,11
2025-10-11,SPO-SKU-1008,Sports & Outdoors,10
2025-10-12,SPO-SKU-1008,Sports & Outdoors,8
2025-10-13,SPO-SKU-1008,Sports & Outdoors,0
2025-10-14,SPO-SKU-1008,Sports & Outdoors,23
2025-10-15,SPO-SKU-1008,Sports & Outdoors,20
2025-10-16,SPO-SKU-1008,Sports & Outdoors,15
2025-10-17,SPO-SKU-1008,Sports & Outdoors,0
2025-10-18,SPO-SKU-1008,Sports & Outdoors,6
2025-10-19,SPO-SKU-1008,Sports & Outdoors,10
2025-10-20,SPO-SKU-1008,Sports & Outdoors,19
2025-10-21,SPO-SKU-1008,Sports & Outdoors,25
2025-10-22,SPO-SKU-1008,Sports & Outdoors,24
2025-10-23,SPO-SKU-1008,Sports & Outdoors,13
2025-10-24,SPO-SKU-1008,Sports & Outdoors,13
2025-10-25,SPO-SKU-1008,Sports & Outdoors,7
2025-10-26,SPO-SKU-1008,Sports & Outdoors,10
2025-10-27,SPO-SKU-1008,Sports & Outdoors,14
2025-10-28,SPO-SKU-1008,Sports & Outdoors,22
2025-10-29,SPO-SKU-1008,Sports & Outdoors,19
2025-10-30,SPO-SKU-1008,Sports & Outdoors,15
2025-10-31,SPO-SKU-1008,Sports & Outdoors,12
2025-11-01,SPO-SKU-1008,Sports & Outdoors,7
2025-11-02,SPO-SKU-1008,Sports & Outdoors,10
2025-11-03,SPO-SKU-1008,Sports & Outdoors,16
2025-11-04,SPO-SKU-1008,Sports & Outdoors,0
2025-11-05,SPO-SKU-1008,Sports & Outdoors,20
2025-11-06,SPO-SKU-1008,Sports & Outdoors,18
2025-11-07,SPO-SKU-1008,Sports & Outdoors,7
2025-11-08,SPO-SKU-1008,Sports & Outdoors,5
2025-11-09,SPO-SKU-1008,Sports & Outdoors,14
2025-11-10,SPO-SKU-1008,Sports & Outdoors,21
2025-11-11,SPO-SKU-1008,Sports & Outdoors,19
2025-11-12,SPO-SKU-1008,Sports & Outdoors,18
2025-11-13,SPO-SKU-1008,Sports & Outdoors,15
2025-11-14,SPO-SKU-1008,Sports & Outdoors,0
2025-11-15,SPO-SKU-1008,Sports & Outdoors,7
2025-11-16,SPO-SKU-1008,Sports & Outdoors,9
2025-11-17,SPO-SKU-1008,Sports & Outdoors,16
2025-11-18,SPO-SKU-1008,Sports & Outdoors,24
2025-11-19,SPO-SKU-1008,Sports & Outdoors,23
2025-11-20,SPO-SKU-1008,Sports & Outdoors,16
2025-11-21,SPO-SKU-1008,Sports & Outdoors,13
2025-11-22,SPO-SKU-1008,Sports & Outdoors,6
2025-11-23,SPO-SKU-1008,Sports & Outdoors,10
2025-11-24,SPO-SKU-1008,Sports & Outdoors,19
2025-11-25,SPO-SKU-1008,Sports & Outdoors,24
2025-11-26,SPO-SKU-1008,Sports & Outdoors,0
2025-11-27,SPO-SKU-1008,Sports & Outdoors,13
2025-11-28,SPO-SKU-1008,Sports & Outdoors,10
2025-11-29,SPO-SKU-1008,Sports & Outdoors,8
2025-11-30,SPO-SKU-1008,Sports & Outdoors,10
2025-12-01,SPO-SKU-1008,Sports & Outdoors,18
2025-12-02,SPO-SKU-1008,Sports & Outdoors,20
2025-12-03,SPO-SKU-1008,Sports & Outdoors,21
2025-12-04,SPO-SKU-1008,Sports & Outdoors,16
2025-12-05,SPO-SKU-1008,Sports & Outdoors,9
2025-12-06,SPO-SKU-1008,Sports & Outdoors,11
2025-12-07,SPO-SKU-1008,Sports & Outdoors,15
2025-12-08,SPO-SKU-1008,Sports & Outdoors,18
2025-12-09,SPO-SKU-1008,Sports & Outdoors,25
2025-12-10,SPO-SKU-1008,Sports & Outdoors,0
2025-12-11,SPO-SKU-1008,Sports & Outdoors,13
2025-12-12,SPO-SKU-1008,Sports & Outdoors,10
2025-12-13,SPO-SKU-1008,Sports & Outdoors,7
2025-12-14,SPO-SKU-1008,Sports & Outdoors,12
2025-12-15,SPO-SKU-1008,Sports & Outdoors,16
2025-12-16,SPO-SKU-1008,Sports & Outdoors,25
2025-12-17,SPO-SKU-1008,Sports & Outdoors,21
2025-12-18,SPO-SKU-1008,Sports & Outdoors,17
2025-12-19,SPO-SKU-1008,Sports & Outdoors,0
2025-12-20,SPO-SKU-1008,Sports & Outdoors,6
2025-12-21,SPO-SKU-1008,Sports & Outdoors,10
2025-12-22,SPO-SKU-1008,Sports & Outdoors,20
2025-12-23,SPO-SKU-1008,Sports & Outdoors,20
2025-12-24,SPO-SKU-1008,Sports & Outdoors,22
2025-12-25,SPO-SKU-1008,Sports & Outdoors,14
2025-12-26,SPO-SKU-1008,Sports & Outdoors,6
2025-12-27,SPO-SKU-1008,Sports & Outdoors,11
2025-12-28,SPO-SKU-1008,Sports & Outdoors,14
2025-12-29,SPO-SKU-1008,Sports & Outdoors,20
2025-12-30,SPO-SKU-1008,Sports & Outdoors,22
2025-12-31,SPO-SKU-1008,Sports & Outdoors,20
2026-01-01,SPO-SKU-1008,Sports & Outdoors,14
2026-01-02,SPO-SKU-1008,Sports & Outdoors,11
2026-01-03,SPO-SKU-1008,Sports & Outdoors,9
2026-01-04,SPO-SKU-1008,Sports & Outdoors,12
2026-01-05,SPO-SKU-1008,Sports & Outdoors,22
2026-01-06,SPO-SKU-1008,Sports & Outdoors,22
2026-01-07,SPO-SKU-1008,Sports & Outdoors,0
2026-01-08,SPO-SKU-1008,Sports & Outdoors,16
2026-01-09,SPO-SKU-1008,Sports & Outdoors,8
2026-01-10,SPO-SKU-1008,Sports & Outdoors,6
2026-01-11,SPO-SKU-1008,Sports & Outdoors,12
2026-01-12,SPO-SKU-1008,Sports & Outdoors,0
2026-01-13,SPO-SKU-1008,Sports & Outdoors,20
2026-01-14,SPO-SKU-1008,Sports & Outdoors,20
2026-01-15,SPO-SKU-1008,Sports & Outdoors,14
2026-01-16,SPO-SKU-1008,Sports & Outdoors,6
2026-01-17,SPO-SKU-1008,Sports & Outdoors,8
2026-01-18,SPO-SKU-1008,Sports & Outdoors,11
2026-01-19,SPO-SKU-1008,Sports & Outdoors,23
2026-01-20,SPO-SKU-1008,Sports & Outdoors,22
2026-01-21,SPO-SKU-1008,Sports & Outdoors,23
2026-01-22,SPO-SKU-1008,Sports & Outdoors,16
2026-01-23,SPO-SKU-1008,Sports & Outdoors,8
2026-01-24,SPO-SKU-1008,Sports & Outdoors,12
2026-01-25,SPO-SKU-1008,Sports & Outdoors,14
2026-01-26,SPO-SKU-1008,Sports & Outdoors,21
2026-01-27,SPO-SKU-1008,Sports & Outdoors,25
2026-01-28,SPO-SKU-1008,Sports & Outdoors,22
2026-01-29,SPO-SKU-1008,Sports & Outdoors,17
2026-01-30,SPO-SKU-1008,Sports & Outdoors,12
2026-01-31,SPO-SKU-1008,Sports & Outdoors,8
2026-02-01,SPO-SKU-1008,Sports & Outdoors,18
2026-02-02,SPO-SKU-1008,Sports & Outdoors,0
2026-02-03,SPO-SKU-1008,Sports & Outdoors,20
2026-02-04,SPO-SKU-1008,Sports & Outdoors,19
2026-02-05,SPO-SKU-1008,Sports & Outdoors,13
2026-02-06,SPO-SKU-1008,Sports & Outdoors,12
2026-02-07,SPO-SKU-1008,Sports & Outdoors,13
2026-02-08,SPO-SKU-1008,Sports & Outdoors,16
2026-02-09,SPO-SKU-1008,Sports & Outdoors,0
2026-02-10,SPO-SKU-1008,Sports & Outdoors,20
2026-02-11,SPO-SKU-1008,Sports & Outdoors,17
2026-02-12,SPO-SKU-1008,Sports & Outdoors,13
2026-02-13,SPO-SKU-1008,Sports & Outdoors,0
2026-02-14,SPO-SKU-1008,Sports & Outdoors,0
2026-02-15,SPO-SKU-1008,Sports & Outdoors,15
2026-02-16,SPO-SKU-1008,Sports & Outdoors,24
2026-02-17,SPO-SKU-1008,Sports & Outdoors,21
2026-02-18,SPO-SKU-1008,Sports & Outdoors,19
2026-02-19,SPO-SKU-1008,Sports & Outdoors,16
2026-02-20,SPO-SKU-1008,Sports & Outdoors,9
2026-02-21,SPO-SKU-1008,Sports & Outdoors,12
2026-02-22,SPO-SKU-1008,Sports & Outdoors,14
2026-02-23,SPO-SKU-1008,Sports & Outdoors,21
2026-02-24,SPO-SKU-1008,Sports & Outdoors,25
2026-02-25,SPO-SKU-1008,Sports & Outdoors,17
2026-02-26,SPO-SKU-1008,Sports & Outdoors,11
2026-02-27,SPO-SKU-1008,Sports & Outdoors,9
2025-09-01,SPO-SKU-1009,Sports & Outdoors,0
2025-09-02,SPO-SKU-1009,Sports & Outdoors,35
2025-09-03,SPO-SKU-1009,Sports & Outdoors,30
2025-09-04,SPO-SKU-1009,Sports & Outdoors,25
2025-09-05,SPO-SKU-1009,Sports & Outdoors,27
2025-09-06,SPO-SKU-1009,Sports & Outdoors,20
2025-09-07,SPO-SKU-1009,Sports & Outdoors,0
2025-09-08,SPO-SKU-1009,Sports & Outdoors,30
2025-09-09,SPO-SKU-1009,Sports & Outdoors,31
2025-09-10,SPO-SKU-1009,Sports & Outdoors,36
2025-09-11,SPO-SKU-1009,Sports & Outdoors,32
2025-09-12,SPO-SKU-1009,Sports & Outdoors,24
2025-09-13,SPO-SKU-1009,Sports & Outdoors,24
2025-09-14,SPO-SKU-1009,Sports & Outdoors,19
2025-09-15,SPO-SKU-1009,Sports & Outdoors,27
2025-09-16,SPO-SKU-1009,Sports & Outdoors,31
2025-09-17,SPO-SKU-1009,Sports & Outdoors,33
2025-09-18,SPO-SKU-1009,Sports & Outdoors,26
2025-09-19,SPO-SKU-1009,Sports & Outdoors,27
2025-09-20,SPO-SKU-1009,Sports & Outdoors,21
2025-09-21,SPO-SKU-1009,Sports & Outdoors,28
2025-09-22,SPO-SKU-1009,Sports & Outdoors,28
2025-09-23,SPO-SKU-1009,Sports & Outdoors,33
2025-09-24,SPO-SKU-1009,Sports & Outdoors,37
2025-09-25,SPO-SKU-1009,Sports & Outdoors,32
2025-09-26,SPO-SKU-1009,Sports & Outdoors,30
2025-09-27,SPO-SKU-1009,Sports & Outdoors,0
2025-09-28,SPO-SKU-1009,Sports & Outdoors,27
2025-09-29,SPO-SKU-1009,Sports & Outdoors,31
2025-09-30,SPO-SKU-1009,Sports & Outdoors,30
2025-10-01,SPO-SKU-1009,Sports & Outdoors,28
2025-10-02,SPO-SKU-1009,Sports & Outdoors,0
2025-10-03,SPO-SKU-1009,Sports & Outdoors,0
2025-10-04,SPO-SKU-1009,Sports & Outdoors,19
2025-10-05,SPO-SKU-1009,Sports & Outdoors,29
2025-10-06,SPO-SKU-1009,Sports & Outdoors,0
2025-10-07,SPO-SKU-1009,Sports & Outdoors,28
2025-10-08,SPO-SKU-1009,Sports & Outdoors,31
2025-10-09,SPO-SKU-1009,Sports & Outdoors,27
2025-10-10,SPO-SKU-1009,Sports & Outdoors,25
2025-10-11,SPO-SKU-1009,Sports & Outdoors,0
2025-10-12,SPO-SKU-1009,Sports & Outdoors,24
2025-10-13,SPO-SKU-1009,Sports & Outdoors,28
2025-10-14,SPO-SKU-1009,Sports & Outdoors,37
2025-10-15,SPO-SKU-1009,Sports & Outdoors,33
2025-10-16,SPO-SKU-1009,Sports & Outdoors,27
2025-10-17,SPO-SKU-1009,Sports & Outdoors,26
2025-10-18,SPO-SKU-1009,Sports & Outdoors,25
2025-10-19,SPO-SKU-1009,Sports & Outdoors,30
2025-10-20,SPO-SKU-1009,Sports & Outdoors,34
2025-10-21,SPO-SKU-1009,Sports & Outdoors,28
2025-10-22,SPO-SKU-1009,Sports & Outdoors,0
2025-10-23,SPO-SKU-1009,Sports & Outdoors,34
2025-10-24,SPO-SKU-1009,Sports & Outdoors,31
2025-10-25,SPO-SKU-1009,Sports & Outdoors,29
2025-10-26,SPO-SKU-1009,Sports & Outdoors,30
2025-10-27,SPO-SKU-1009,Sports & Outdoors,28
2025-10-28,SPO-SKU-1009,Sports & Outdoors,35
2025-10-29,SPO-SKU-1009,Sports & Outdoors,0
2025-10-30,SPO-SKU-1009,Sports & Outdoors,28
2025-10-31,SPO-SKU-1009,Sports & Outdoors,24
2025-11-01,SPO-SKU-1009,Sports & Outdoors,21
2025-11-02,SPO-SKU-1009,Sports & Outdoors,29
2025-11-03,SPO-SKU-1009,Sports & Outdoors,29
2025-11-04,SPO-SKU-1009,Sports & Outdoors,36
2025-11-05,SPO-SKU-1009,Sports & Outdoors,34
2025-11-06,SPO-SKU-1009,Sports & Outdoors,35
2025-11-07,SPO-SKU-1009,Sports & Outdoors,23
2025-11-08,SPO-SKU-1009,Sports & Outdoors,0
2025-11-09,SPO-SKU-1009,Sports & Outdoors,24
2025-11-10,SPO-SKU-1009,Sports & Outdoors,28
2025-11-11,SPO-SKU-1009,Sports & Outdoors,33
2025-11-12,SPO-SKU-1009,Sports & Outdoors,35
2025-11-13,SPO-SKU-1009,Sports & Outdoors,25
2025-11-14,SPO-SKU-1009,Sports & Outdoors,28
2025-11-15,SPO-SKU-1009,Sports & Outdoors,20
2025-11-16,SPO-SKU-1009,Sports & Outdoors,28
2025-11-17,SPO-SKU-1009,Sports & Outdoors,31
2025-11-18,SPO-SKU-1009,Sports & Outdoors,40
2025-11-19,SPO-SKU-1009,Sports & Outdoors,0
2025-11-20,SPO-SKU-1009,Sports & Outdoors,32
2025-11-21,SPO-SKU-1009,Sports & Outdoors,27
2025-11-22,SPO-SKU-1009,Sports & Outdoors,25
2025-11-23,SPO-SKU-1009,Sports & Outdoors,26
2025-11-24,SPO-SKU-1009,Sports & Outdoors,36
2025-11-25,SPO-SKU-1009,Sports & Outdoors,39
2025-11-26,SPO-SKU-1009,Sports & Outdoors,39
2025-11-27,SPO-SKU-1009,Sports & Outdoors,29
2025-11-28,SPO-SKU-1009,Sports & Outdoors,24
2025-11-29,SPO-SKU-1009,Sports & Outdoors,21
2025-11-30,SPO-SKU-1009,Sports & Outdoors,31
2025-12-01,SPO-SKU-1009,Sports & Outdoors,37
2025-12-02,SPO-SKU-1009,Sports & Outdoors,0
2025-12-03,SPO-SKU-1009,Sports & Outdoors,0
2025-12-04,SPO-SKU-1009,Sports & Outdoors,29
2025-12-05,SPO-SKU-1009,Sports & Outdoors,23
2025-12-06,SPO-SKU-1009,Sports & Outdoors,31
2025-12-07,SPO-SKU-1009,Sports & Outdoors,24
2025-12-08,SPO-SKU-1009,Sports & Outdoors,37
2025-12-09,SPO-SKU-1009,Sports & Outdoors,39
2025-12-10,SPO-SKU-1009,Sports & Outdoors,37
2025-12-11,SPO-SKU-1009,Sports & Outdoors,28
2025-12-12,SPO-SKU-1009,Sports & Outdoors,23
2025-12-13,SPO-SKU-1009,Sports & Outdoors,31
2025-12-14,SPO-SKU-1009,Sports & Outdoors,34
2025-12-15,SPO-SKU-1009,Sports & Outdoors,36
2025-12-16,SPO-SKU-1009,Sports & Outdoors,31
2025-12-17,SPO-SKU-1009,Sports & Outdoors,40
2025-12-18,SPO-SKU-1009,Sports & Outdoors,27
2025-12-19,SPO-SKU-1009,Sports & Outdoors,29
2025-12-20,SPO-SKU-1009,Sports & Outdoors,29
2025-12-21,SPO-SKU-1009,Sports & Outdoors,33
2025-12-22,SPO-SKU-1009,Sports & Outdoors,29
2025-12-23,SPO-SKU-1009,Sports & Outdoors,37
2025-12-24,SPO-SKU-1009,Sports & Outdoors,31
2025-12-25,SPO-SKU-1009,Sports & Outdoors,35
2025-12-26,SPO-SKU-1009,Sports & Outdoors,22
2025-12-27,SPO-SKU-1009,Sports & Outdoors,22
2025-12-28,SPO-SKU-1009,Sports & Outdoors,33
2025-12-29,SPO-SKU-1009,Sports & Outdoors,34
2025-12-30,SPO-SKU-1009,Sports & Outdoors,35
2025-12-31,SPO-SKU-1009,Sports & Outdoors,31
2026-01-01,SPO-SKU-1009,Sports & Outdoors,32
2026-01-02,SPO-SKU-1009,Sports & Outdoors,0
2026-01-03,SPO-SKU-1009,Sports & Outdoors,29
2026-01-04,SPO-SKU-1009,Sports & Outdoors,31
2026-01-05,SPO-SKU-1009,Sports & Outdoors,39
2026-01-06,SPO-SKU-1009,Sports & Outdoors,33
2026-01-07,SPO-SKU-1009,Sports & Outdoors,37
2026-01-08,SPO-SKU-1009,Sports & Outdoors,27
2026-01-09,SPO-SKU-1009,Sports & Outdoors,30
2026-01-10,SPO-SKU-1009,Sports & Outdoors,33
2026-01-11,SPO-SKU-1009,Sports & Outdoors,36
2026-01-12,SPO-SKU-1009,Sports & Outdoors,32
2026-01-13,SPO-SKU-1009,Sports & Outdoors,37
2026-01-14,SPO-SKU-1009,Sports & Outdoors,0
2026-01-15,SPO-SKU-1009,Sports & Outdoors,33
2026-01-16,SPO-SKU-1009,Sports & Outdoors,33
2026-01-17,SPO-SKU-1009,Sports & Outdoors,30
2026-01-18,SPO-SKU-1009,Sports & Outdoors,31
2026-01-19,SPO-SKU-1009,Sports & Outdoors,36
2026-01-20,SPO-SKU-1009,Sports & Outdoors,37
2026-01-21,SPO-SKU-1009,Sports & Outdoors,0
2026-01-22,SPO-SKU-1009,Sports & Outdoors,28
2026-01-23,SPO-SKU-1009,Sports & Outdoors,25
2026-01-24,SPO-SKU-1009,Sports & Outdoors,26
2026-01-25,SPO-SKU-1009,Sports & Outdoors,31
2026-01-26,SPO-SKU-1009,Sports & Outdoors,40
2026-01-27,SPO-SKU-1009,Sports & Outdoors,33
2026-01-28,SPO-SKU-1009,Sports & Outdoors,0
2026-01-29,SPO-SKU-1009,Sports & Outdoors,27
2026-01-30,SPO-SKU-1009,Sports & Outdoors,32
2026-01-31,SPO-SKU-1009,Sports & Outdoors,28
2026-02-01,SPO-SKU-1009,Sports & Outdoors,31
2026-02-02,SPO-SKU-1009,Sports & Outdoors,33
2026-02-03,SPO-SKU-1009,Sports & Outdoors,36
2026-02-04,SPO-SKU-1009,Sports & Outdoors,40
2026-02-05,SPO-SKU-1009,Sports & Outdoors,0
2026-02-06,SPO-SKU-1009,Sports & Outdoors,24
2026-02-07,SPO-SKU-1009,Sports & Outdoors,33
2026-02-08,SPO-SKU-1009,Sports & Outdoors,0
2026-02-09,SPO-SKU-1009,Sports & Outdoors,32
2026-02-10,SPO-SKU-1009,Sports & Outdoors,38
2026-02-11,SPO-SKU-1009,Sports & Outdoors,40
2026-02-12,SPO-SKU-1009,Sports & Outdoors,0
2026-02-13,SPO-SKU-1009,Sports & Outdoors,30
2026-02-14,SPO-SKU-1009,Sports & Outdoors,26
2026-02-15,SPO-SKU-1009,Sports & Outdoors,35
2026-02-16,SPO-SKU-1009,Sports & Outdoors,34
2026-02-17,SPO-SKU-1009,Sports & Outdoors,42
2026-02-18,SPO-SKU-1009,Sports & Outdoors,41
2026-02-19,SPO-SKU-1009,Sports & Outdoors,34
2026-02-20,SPO-SKU-1009,Sports & Outdoors,29
2026-02-21,SPO-SKU-1009,Sports & Outdoors,35
2026-02-22,SPO-SKU-1009,Sports & Outdoors,38
2026-02-23,SPO-SKU-1009,Sports & Outdoors,42
2026-02-24,SPO-SKU-1009,Sports & Outdoors,0
2026-02-25,SPO-SKU-1009,Sports & Outdoors,36
2026-02-26,SPO-SKU-1009,Sports & Outdoors,36
2026-02-27,SPO-SKU-1009,Sports & Outdoors,29
2025-09-01,APP-SKU-1010,Apparel,5
2025-09-02,APP-SKU-1010,Apparel,5
2025-09-03,APP-SKU-1010,Apparel,8
2025-09-04,APP-SKU-1010,Apparel,0
2025-09-05,APP-SKU-1010,Apparel,5
2025-09-06,APP-SKU-1010,Apparel,4
2025-09-07,APP-SKU-1010,Apparel,6
2025-09-08,APP-SKU-1010,Apparel,7
2025-09-09,APP-SKU-1010,Apparel,6
2025-09-10,APP-SKU-1010,Apparel,6
2025-09-11,APP-SKU-1010,Apparel,6
2025-09-12,APP-SKU-1010,Apparel,6
2025-09-13,APP-SKU-1010,Apparel,4
2025-09-14,APP-SKU-1010,Apparel,6
2025-09-15,APP-SKU-1010,Apparel,7
2025-09-16,APP-SKU-1010,Apparel,8
2025-09-17,APP-SKU-1010,Apparel,7
2025-09-18,APP-SKU-1010,Apparel,5
2025-09-19,APP-SKU-1010,Apparel,5
2025-09-20,APP-SKU-1010,Apparel,0
2025-09-21,APP-SKU-1010,Apparel,5
2025-09-22,APP-SKU-1010,Apparel,6
2025-09-23,APP-SKU-1010,Apparel,7
2025-09-24,APP-SKU-1010,Apparel,8
2025-09-25,APP-SKU-1010,Apparel,6
2025-09-26,APP-SKU-1010,Apparel,7
2025-09-27,APP-SKU-1010,Apparel,5
2025-09-28,APP-SKU-1010,Apparel,4
2025-09-29,APP-SKU-1010,Apparel,0
2025-09-30,APP-SKU-1010,Apparel,7
2025-10-01,APP-SKU-1010,Apparel,9
2025-10-02,APP-SKU-1010,Apparel,6
2025-10-03,APP-SKU-1010,Apparel,7
2025-10-04,APP-SKU-1010,Apparel,0
2025-10-05,APP-SKU-1010,Apparel,5
2025-10-06,APP-SKU-1010,Apparel,7
2025-10-07,APP-SKU-1010,Apparel,9
2025-10-08,APP-SKU-1010,Apparel,8
2025-10-09,APP-SKU-1010,Apparel,8
2025-10-10,APP-SKU-1010,Apparel,6
2025-10-11,APP-SKU-1010,Apparel,5
2025-10-12,APP-SKU-1010,Apparel,6
2025-10-13,APP-SKU-1010,Apparel,7
2025-10-14,APP-SKU-1010,Apparel,7
2025-10-15,APP-SKU-1010,Apparel,7
2025-10-16,APP-SKU-1010,Apparel,8
2025-10-17,APP-SKU-1010,Apparel,7
2025-10-18,APP-SKU-1010,Apparel,6
2025-10-19,APP-SKU-1010,Apparel,5
2025-10-20,APP-SKU-1010,Apparel,8
2025-10-21,APP-SKU-1010,Apparel,9
2025-10-22,APP-SKU-1010,Apparel,8
2025-10-23,APP-SKU-1010,Apparel,6
2025-10-24,APP-SKU-1010,Apparel,7
2025-10-25,APP-SKU-1010,Apparel,6
2025-10-26,APP-SKU-1010,Apparel,5
2025-10-27,APP-SKU-1010,Apparel,7
2025-10-28,APP-SKU-1010,Apparel,0
2025-10-29,APP-SKU-1010,Apparel,8
2025-10-30,APP-SKU-1010,Apparel,6
2025-10-31,APP-SKU-1010,Apparel,6
2025-11-01,APP-SKU-1010,Apparel,5
2025-11-02,APP-SKU-1010,Apparel,6
2025-11-03,APP-SKU-1010,Apparel,7
2025-11-04,APP-SKU-1010,Apparel,9
2025-11-05,APP-SKU-1010,Apparel,9
2025-11-06,APP-SKU-1010,Apparel,7
2025-11-07,APP-SKU-1010,Apparel,7
2025-11-08,APP-SKU-1010,Apparel,7
2025-11-09,APP-SKU-1010,Apparel,0
2025-11-10,APP-SKU-1010,Apparel,9
2025-11-11,APP-SKU-1010,Apparel,10
2025-11-12,APP-SKU-1010,Apparel,10
2025-11-13,APP-SKU-1010,Apparel,9
2025-11-14,APP-SKU-1010,Apparel,7
2025-11-15,APP-SKU-1010,Apparel,5
2025-11-16,APP-SKU-1010,Apparel,7
2025-11-17,APP-SKU-1010,Apparel,0
2025-11-18,APP-SKU-1010,Apparel,10
2025-11-19,APP-SKU-1010,Apparel,8
2025-11-20,APP-SKU-1010,Apparel,9
2025-11-21,APP-SKU-1010,Apparel,8
2025-11-22,APP-SKU-1010,Apparel,7
2025-11-23,APP-SKU-1010,Apparel,7
2025-11-24,APP-SKU-1010,Apparel,7
2025-11-25,APP-SKU-1010,Apparel,8
2025-11-26,APP-SKU-1010,Apparel,10
2025-11-27,APP-SKU-1010,Apparel,0
2025-11-28,APP-SKU-1010,Apparel,7
2025-11-29,APP-SKU-1010,Apparel,7
2025-11-30,APP-SKU-1010,Apparel,7
2025-12-01,APP-SKU-1010,Apparel,9
2025-12-02,APP-SKU-1010,Apparel,10
2025-12-03,APP-SKU-1010,Apparel,8
2025-12-04,APP-SKU-1010,Apparel,7
2025-12-05,APP-SKU-1010,Apparel,6
2025-12-06,APP-SKU-1010,Apparel,8
2025-12-07,APP-SKU-1010,Apparel,8
2025-12-08,APP-SKU-1010,Apparel,8
2025-12-09,APP-SKU-1010,Apparel,11
2025-12-10,APP-SKU-1010,Apparel,10
2025-12-11,APP-SKU-1010,Apparel,7
2025-12-12,APP-SKU-1010,Apparel,8
2025-12-13,APP-SKU-1010,Apparel,8
2025-12-14,APP-SKU-1010,Apparel,9
2025-12-15,APP-SKU-1010,Apparel,10
2025-12-16,APP-SKU-1010,Apparel,9
2025-12-17,APP-SKU-1010,Apparel,9
2025-12-18,APP-SKU-1010,Apparel,8
2025-12-19,APP-SKU-1010,Apparel,9
2025-12-20,APP-SKU-1010,Apparel,7
2025-12-21,APP-SKU-1010,Apparel,8
2025-12-22,APP-SKU-1010,Apparel,8
2025-12-23,APP-SKU-1010,Apparel,11
2025-12-24,APP-SKU-1010,Apparel,10
2025-12-25,APP-SKU-1010,Apparel,9
2025-12-26,APP-SKU-1010,Apparel,8
2025-12-27,APP-SKU-1010,Apparel,8
2025-12-28,APP-SKU-1010,Apparel,9
2025-12-29,APP-SKU-1010,Apparel,10
2025-12-30,APP-SKU-1010,Apparel,10
2025-12-31,APP-SKU-1010,Apparel,9
2026-01-01,APP-SKU-1010,Apparel,8
2026-01-02,APP-SKU-1010,Apparel,9
2026-01-03,APP-SKU-1010,Apparel,7
2026-01-04,APP-SKU-1010,Apparel,9
2026-01-05,APP-SKU-1010,Apparel,10
2026-01-06,APP-SKU-1010,Apparel,11
2026-01-07,APP-SKU-1010,Apparel,10
2026-01-08,APP-SKU-1010,Apparel,0
2026-01-09,APP-SKU-1010,Apparel,7
2026-01-10,APP-SKU-1010,Apparel,9
2026-01-11,APP-SKU-1010,Apparel,10
2026-01-12,APP-SKU-1010,Apparel,11
2026-01-13,APP-SKU-1010,Apparel,0
2026-01-14,APP-SKU-1010,Apparel,9
2026-01-15,APP-SKU-1010,Apparel,9
2026-01-16,APP-SKU-1010,Apparel,0
2026-01-17,APP-SKU-1010,Apparel,8
2026-01-18,APP-SKU-1010,Apparel,10
2026-01-19,APP-SKU-1010,Apparel,0
2026-01-20,APP-SKU-1010,Apparel,11
2026-01-21,APP-SKU-1010,Apparel,9
2026-01-22,APP-SKU-1010,Apparel,8
2026-01-23,APP-SKU-1010,Apparel,9
2026-01-24,APP-SKU-1010,Apparel,8
2026-01-25,APP-SKU-1010,Apparel,10
2026-01-26,APP-SKU-1010,Apparel,0
2026-01-27,APP-SKU-1010,Apparel,0
2026-01-28,APP-SKU-1010,Apparel,10
2026-01-29,APP-SKU-1010,Apparel,10
2026-01-30,APP-SKU-1010,Apparel,10
2026-01-31,APP-SKU-1010,Apparel,10
2026-02-01,APP-SKU-1010,Apparel,10
2026-02-02,APP-SKU-1010,Apparel,0
2026-02-03,APP-SKU-1010,Apparel,11
2026-02-04,APP-SKU-1010,Apparel,12
2026-02-05,APP-SKU-1010,Apparel,11
2026-02-06,APP-SKU-1010,Apparel,9
2026-02-07,APP-SKU-1010,Apparel,10
2026-02-08,APP-SKU-1010,Apparel,11
2026-02-09,APP-SKU-1010,Apparel,11
2026-02-10,APP-SKU-1010,Apparel,11
2026-02-11,APP-SKU-1010,Apparel,11
2026-02-12,APP-SKU-1010,Apparel,11
2026-02-13,APP-SKU-1010,Apparel,8
2026-02-14,APP-SKU-1010,Apparel,10
2026-02-15,APP-SKU-1010,Apparel,9
2026-02-16,APP-SKU-1010,Apparel,11
2026-02-17,APP-SKU-1010,Apparel,11
2026-02-18,APP-SKU-1010,Apparel,12
2026-02-19,APP-SKU-1010,Apparel,10
2026-02-20,APP-SKU-1010,Apparel,8
2026-02-21,APP-SKU-1010,Apparel,10
2026-02-22,APP-SKU-1010,Apparel,10
2026-02-23,APP-SKU-1010,Apparel,12
2026-02-24,APP-SKU-1010,Apparel,13
2026-02-25,APP-SKU-1010,Apparel,12
2026-02-26,APP-SKU-1010,Apparel,9
2026-02-27,APP-SKU-1010,Apparel,11
2025-09-01,APP-SKU-1011,Apparel,15
2025-09-02,APP-SKU-1011,Apparel,23
2025-09-03,APP-SKU-1011,Apparel,23
2025-09-04,APP-SKU-1011,Apparel,19
2025-09-05,APP-SKU-1011,Apparel,17
2025-09-06,APP-SKU-1011,Apparel,11
2025-09-07,APP-SKU-1011,Apparel,16
2025-09-08,APP-SKU-1011,Apparel,21
2025-09-09,APP-SKU-1011,Apparel,17
2025-09-10,APP-SKU-1011,Apparel,19
2025-09-11,APP-SKU-1011,Apparel,19
2025-09-12,APP-SKU-1011,Apparel,14
2025-09-13,APP-SKU-1011,Apparel,12
2025-09-14,APP-SKU-1011,Apparel,14
2025-09-15,APP-SKU-1011,Apparel,20
2025-09-16,APP-SKU-1011,Apparel,21
2025-09-17,APP-SKU-1011,Apparel,23
2025-09-18,APP-SKU-1011,Apparel,17
2025-09-19,APP-SKU-1011,Apparel,18
2025-09-20,APP-SKU-1011,Apparel,16
2025-09-21,APP-SKU-1011,Apparel,16
2025-09-22,APP-SKU-1011,Apparel,15
2025-09-23,APP-SKU-1011,Apparel,19
2025-09-24,APP-SKU-1011,Apparel,17
2025-09-25,APP-SKU-1011,Apparel,16
2025-09-26,APP-SKU-1011,Apparel,0
2025-09-27,APP-SKU-1011,Apparel,13
2025-09-28,APP-SKU-1011,Apparel,12
2025-09-29,APP-SKU-1011,Apparel,20
2025-09-30,APP-SKU-1011,Apparel,21
2025-10-01,APP-SKU-1011,Apparel,18
2025-10-02,APP-SKU-1011,Apparel,21
2025-10-03,APP-SKU-1011,Apparel,13
2025-10-04,APP-SKU-1011,Apparel,17
2025-10-05,APP-SKU-1011,Apparel,18
2025-10-06,APP-SKU-1011,Apparel,21
2025-10-07,APP-SKU-1011,Apparel,17
2025-10-08,APP-SKU-1011,Apparel,17
2025-10-09,APP-SKU-1011,Apparel,18
2025-10-10,APP-SKU-1011,Apparel,0
2025-10-11,APP-SKU-1011,Apparel,11
2025-10-12,APP-SKU-1011,Apparel,14
2025-10-13,APP-SKU-1011,Apparel,16
2025-10-14,APP-SKU-1011,Apparel,21
2025-10-15,APP-SKU-1011,Apparel,21
2025-10-16,APP-SKU-1011,Apparel,20
2025-10-17,APP-SKU-1011,Apparel,17
2025-10-18,APP-SKU-1011,Apparel,13
2025-10-19,APP-SKU-1011,Apparel,16
2025-10-20,APP-SKU-1011,Apparel,17
2025-10-21,APP-SKU-1011,Apparel,18
2025-10-22,APP-SKU-1011,Apparel,19
2025-10-23,APP-SKU-1011,Apparel,15
2025-10-24,APP-SKU-1011,Apparel,13
2025-10-25,APP-SKU-1011,Apparel,11
2025-10-26,APP-SKU-1011,Apparel,15
2025-10-27,APP-SKU-1011,Apparel,20
2025-10-28,APP-SKU-1011,Apparel,18
2025-10-29,APP-SKU-1011,Apparel,19
2025-10-30,APP-SKU-1011,Apparel,20
2025-10-31,APP-SKU-1011,Apparel,14
2025-11-01,APP-SKU-1011,Apparel,16
2025-11-02,APP-SKU-1011,Apparel,12
2025-11-03,APP-SKU-1011,Apparel,16
2025-11-04,APP-SKU-1011,Apparel,23
2025-11-05,APP-SKU-1011,Apparel,18
2025-11-06,APP-SKU-1011,Apparel,15
2025-11-07,APP-SKU-1011,Apparel,16
2025-11-08,APP-SKU-1011,Apparel,17
2025-11-09,APP-SKU-1011,Apparel,15
2025-11-10,APP-SKU-1011,Apparel,20
2025-11-11,APP-SKU-1011,Apparel,17
2025-11-12,APP-SKU-1011,Apparel,18
2025-11-13,APP-SKU-1011,Apparel,15
2025-11-14,APP-SKU-1011,Apparel,17
2025-11-15,APP-SKU-1011,Apparel,0
2025-11-16,APP-SKU-1011,Apparel,0
2025-11-17,APP-SKU-1011,Apparel,20
2025-11-18,APP-SKU-1011,Apparel,17
2025-11-19,APP-SKU-1011,Apparel,20
2025-11-20,APP-SKU-1011,Apparel,15
2025-11-21,APP-SKU-1011,Apparel,12
2025-11-22,APP-SKU-1011,Apparel,16
2025-11-23,APP-SKU-1011,Apparel,15
2025-11-24,APP-SKU-1011,Apparel,15
2025-11-25,APP-SKU-1011,Apparel,17
2025-11-26,APP-SKU-1011,Apparel,17
2025-11-27,APP-SKU-1011,Apparel,15
2025-11-28,APP-SKU-1011,Apparel,16
2025-11-29,APP-SKU-1011,Apparel,12
2025-11-30,APP-SKU-1011,Apparel,17
2025-12-01,APP-SKU-1011,Apparel,15
2025-12-02,APP-SKU-1011,Apparel,19
2025-12-03,APP-SKU-1011,Apparel,20
2025-12-04,APP-SKU-1011,Apparel,15
2025-12-05,APP-SKU-1011,Apparel,16
2025-12-06,APP-SKU-1011,Apparel,10
2025-12-07,APP-SKU-1011,Apparel,14
2025-12-08,APP-SKU-1011,Apparel,16
2025-12-09,APP-SKU-1011,Apparel,17
2025-12-10,APP-SKU-1011,Apparel,22
2025-12-11,APP-SKU-1011,Apparel,18
2025-12-12,APP-SKU-1011,Apparel,12
2025-12-13,APP-SKU-1011,Apparel,15
2025-12-14,APP-SKU-1011,Apparel,16
2025-12-15,APP-SKU-1011,Apparel,19
2025-12-16,APP-SKU-1011,Apparel,0
2025-12-17,APP-SKU-1011,Apparel,19
2025-12-18,APP-SKU-1011,Apparel,18
2025-12-19,APP-SKU-1011,Apparel,13
2025-12-20,APP-SKU-1011,Apparel,10
2025-12-21,APP-SKU-1011,Apparel,12
2025-12-22,APP-SKU-1011,Apparel,15
2025-12-23,APP-SKU-1011,Apparel,16
2025-12-24,APP-SKU-1011,Apparel,19
2025-12-25,APP-SKU-1011,Apparel,13
2025-12-26,APP-SKU-1011,Apparel,12
2025-12-27,APP-SKU-1011,Apparel,16
2025-12-28,APP-SKU-1011,Apparel,15
2025-12-29,APP-SKU-1011,Apparel,0
2025-12-30,APP-SKU-1011,Apparel,18
2025-12-31,APP-SKU-1011,Apparel,18
2026-01-01,APP-SKU-1011,Apparel,16
2026-01-02,APP-SKU-1011,Apparel,13
2026-01-03,APP-SKU-1011,Apparel,15
2026-01-04,APP-SKU-1011,Apparel,18
2026-01-05,APP-SKU-1011,Apparel,15
2026-01-06,APP-SKU-1011,Apparel,21
2026-01-07,APP-SKU-1011,Apparel,21
2026-01-08,APP-SKU-1011,Apparel,14
2026-01-09,APP-SKU-1011,Apparel,15
2026-01-10,APP-SKU-1011,Apparel,11
2026-01-11,APP-SKU-1011,Apparel,16
2026-01-12,APP-SKU-1011,Apparel,18
2026-01-13,APP-SKU-1011,Apparel,19
2026-01-14,APP-SKU-1011,Apparel,18
2026-01-15,APP-SKU-1011,Apparel,13
2026-01-16,APP-SKU-1011,Apparel,10
2026-01-17,APP-SKU-1011,Apparel,15
2026-01-18,APP-SKU-1011,Apparel,15
2026-01-19,APP-SKU-1011,Apparel,19
2026-01-20,APP-SKU-1011,Apparel,22
2026-01-21,APP-SKU-1011,Apparel,18
2026-01-22,APP-SKU-1011,Apparel,12
2026-01-23,APP-SKU-1011,Apparel,12
2026-01-24,APP-SKU-1011,Apparel,15
2026-01-25,APP-SKU-1011,Apparel,0
2026-01-26,APP-SKU-1011,Apparel,16
2026-01-27,APP-SKU-1011,Apparel,17
2026-01-28,APP-SKU-1011,Apparel,20
2026-01-29,APP-SKU-1011,Apparel,12
2026-01-30,APP-SKU-1011,Apparel,12
2026-01-31,APP-SKU-1011,Apparel,13
2026-02-01,APP-SKU-1011,Apparel,15
2026-02-02,APP-SKU-1011,Apparel,17
2026-02-03,APP-SKU-1011,Apparel,19
2026-02-04,APP-SKU-1011,Apparel,20
2026-02-05,APP-SKU-1011,Apparel,13
2026-02-06,APP-SKU-1011,Apparel,13
2026-02-07,APP-SKU-1011,Apparel,13
2026-02-08,APP-SKU-1011,Apparel,14
2026-02-09,APP-SKU-1011,Apparel,0
2026-02-10,APP-SKU-1011,Apparel,0
2026-02-11,APP-SKU-1011,Apparel,14
2026-02-12,APP-SKU-1011,Apparel,17
2026-02-13,APP-SKU-1011,Apparel,15
2026-02-14,APP-SKU-1011,Apparel,12
2026-02-15,APP-SKU-1011,Apparel,13
2026-02-16,APP-SKU-1011,Apparel,19
2026-02-17,APP-SKU-1011,Apparel,16
2026-02-18,APP-SKU-1011,Apparel,19
2026-02-19,APP-SKU-1011,Apparel,17
2026-02-20,APP-SKU-1011,Apparel,10
2026-02-21,APP-SKU-1011,Apparel,15
2026-02-22,APP-SKU-1011,Apparel,17
2026-02-23,APP-SKU-1011,Apparel,15
2026-02-24,APP-SKU-1011,Apparel,17
2026-02-25,APP-SKU-1011,Apparel,18
2026-02-26,APP-SKU-1011,Apparel,12
2026-02-27,APP-SKU-1011,Apparel,9
2025-09-01,ELE-SKU-1012,Electronics,40
2025-09-02,ELE-SKU-1012,Electronics,44
2025-09-03,ELE-SKU-1012,Electronics,45
2025-09-04,ELE-SKU-1012,Electronics,37
2025-09-05,ELE-SKU-1012,Electronics,42
2025-09-06,ELE-SKU-1012,Electronics,33
2025-09-07,ELE-SKU-1012,Electronics,31
2025-09-08,ELE-SKU-1012,Electronics,41
2025-09-09,ELE-SKU-1012,Electronics,50
2025-09-10,ELE-SKU-1012,Electronics,54
2025-09-11,ELE-SKU-1012,Electronics,0
2025-09-12,ELE-SKU-1012,Electronics,44
2025-09-13,ELE-SKU-1012,Electronics,23
2025-09-14,ELE-SKU-1012,Electronics,0
2025-09-15,ELE-SKU-1012,Electronics,0
2025-09-16,ELE-SKU-1012,Electronics,41
2025-09-17,ELE-SKU-1012,Electronics,0
2025-09-18,ELE-SKU-1012,Electronics,41
2025-09-19,ELE-SKU-1012,Electronics,35
2025-09-20,ELE-SKU-1012,Electronics,26
2025-09-21,ELE-SKU-1012,Electronics,0
2025-09-22,ELE-SKU-1012,Electronics,47
2025-09-23,ELE-SKU-1012,Electronics,51
2025-09-24,ELE-SKU-1012,Electronics,57
2025-09-25,ELE-SKU-1012,Electronics,37
2025-09-26,ELE-SKU-1012,Electronics,43
2025-09-27,ELE-SKU-1012,Electronics,31
2025-09-28,ELE-SKU-1012,Electronics,35
2025-09-29,ELE-SKU-1012,Electronics,36
2025-09-30,ELE-SKU-1012,Electronics,50
2025-10-01,ELE-SKU-1012,Electronics,53
2025-10-02,ELE-SKU-1012,Electronics,41
2025-10-03,ELE-SKU-1012,Electronics,30
2025-10-04,ELE-SKU-1012,Electronics,32
2025-10-05,ELE-SKU-1012,Electronics,0
2025-10-06,ELE-SKU-1012,Electronics,43
2025-10-07,ELE-SKU-1012,Electronics,50
2025-10-08,ELE-SKU-1012,Electronics,44
2025-10-09,ELE-SKU-1012,Electronics,0
2025-10-10,ELE-SKU-1012,Electronics,40
2025-10-11,ELE-SKU-1012,Electronics,25
2025-10-12,ELE-SKU-1012,Electronics,42
2025-10-13,ELE-SKU-1012,Electronics,46
2025-10-14,ELE-SKU-1012,Electronics,54
2025-10-15,ELE-SKU-1012,Electronics,58
2025-10-16,ELE-SKU-1012,Electronics,47
2025-10-17,ELE-SKU-1012,Electronics,43
2025-10-18,ELE-SKU-1012,Electronics,35
2025-10-19,ELE-SKU-1012,Electronics,42
2025-10-20,ELE-SKU-1012,Electronics,47
2025-10-21,ELE-SKU-1012,Electronics,57
2025-10-22,ELE-SKU-1012,Electronics,61
2025-10-23,ELE-SKU-1012,Electronics,38
2025-10-24,ELE-SKU-1012,Electronics,0
2025-10-25,ELE-SKU-1012,Electronics,0
2025-10-26,ELE-SKU-1012,Electronics,45
2025-10-27,ELE-SKU-1012,Electronics,47
2025-10-28,ELE-SKU-1012,Electronics,62
2025-10-29,ELE-SKU-1012,Electronics,58
2025-10-30,ELE-SKU-1012,Electronics,0
2025-10-31,ELE-SKU-1012,Electronics,35
2025-11-01,ELE-SKU-1012,Electronics,35
2025-11-02,ELE-SKU-1012,Electronics,46
2025-11-03,ELE-SKU-1012,Electronics,45
2025-11-04,ELE-SKU-1012,Electronics,48
2025-11-05,ELE-SKU-1012,Electronics,50
2025-11-06,ELE-SKU-1012,Electronics,51
2025-11-07,ELE-SKU-1012,Electronics,36
2025-11-08,ELE-SKU-1012,Electronics,0
2025-11-09,ELE-SKU-1012,Electronics,45
2025-11-10,ELE-SKU-1012,Electronics,44
2025-11-11,ELE-SKU-1012,Electronics,48
2025-11-12,ELE-SKU-1012,Electronics,50
2025-11-13,ELE-SKU-1012,Electronics,0
2025-11-14,ELE-SKU-1012,Electronics,39
2025-11-15,ELE-SKU-1012,Electronics,39
2025-11-16,ELE-SKU-1012,Electronics,34
2025-11-17,ELE-SKU-1012,Electronics,50
2025-11-18,ELE-SKU-1012,Electronics,63
2025-11-19,ELE-SKU-1012,Electronics,0
2025-11-20,ELE-SKU-1012,Electronics,51
2025-11-21,ELE-SKU-1012,Electronics,39
2025-11-22,ELE-SKU-1012,Electronics,45
2025-11-23,ELE-SKU-1012,Electronics,49
2025-11-24,ELE-SKU-1012,Electronics,58
2025-11-25,ELE-SKU-1012,Electronics,50
2025-11-26,ELE-SKU-1012,Electronics,59
2025-11-27,ELE-SKU-1012,Electronics,46
2025-11-28,ELE-SKU-1012,Electronics,0
2025-11-29,ELE-SKU-1012,Electronics,37
2025-11-30,ELE-SKU-1012,Electronics,48
2025-12-01,ELE-SKU-1012,Electronics,56
2025-12-02,ELE-SKU-1012,Electronics,63
2025-12-03,ELE-SKU-1012,Electronics,57
2025-12-04,ELE-SKU-1012,Electronics,50
2025-12-05,ELE-SKU-1012,Electronics,47
2025-12-06,ELE-SKU-1012,Electronics,36
2025-12-07,ELE-SKU-1012,Electronics,47
2025-12-08,ELE-SKU-1012,Electronics,47
2025-12-09,ELE-SKU-1012,Electronics,59
2025-12-10,ELE-SKU-1012,Electronics,55
2025-12-11,ELE-SKU-1012,Electronics,53
2025-12-12,ELE-SKU-1012,Electronics,32
2025-12-13,ELE-SKU-1012,Electronics,40
2025-12-14,ELE-SKU-1012,Electronics,45
2025-12-15,ELE-SKU-1012,Electronics,57
2025-12-16,ELE-SKU-1012,Electronics,65
2025-12-17,ELE-SKU-1012,Electronics,64
2025-12-18,ELE-SKU-1012,Electronics,48
2025-12-19,ELE-SKU-1012,Electronics,44
2025-12-20,ELE-SKU-1012,Electronics,33
2025-12-21,ELE-SKU-1012,Electronics,39
2025-12-22,ELE-SKU-1012,Electronics,0
2025-12-23,ELE-SKU-1012,Electronics,64
2025-12-24,ELE-SKU-1012,Electronics,65
2025-12-25,ELE-SKU-1012,Electronics,46
2025-12-26,ELE-SKU-1012,Electronics,42
2025-12-27,ELE-SKU-1012,Electronics,42
2025-12-28,ELE-SKU-1012,Electronics,46
2025-12-29,ELE-SKU-1012,Electronics,60
2025-12-30,ELE-SKU-1012,Electronics,0
2025-12-31,ELE-SKU-1012,Electronics,57
2026-01-01,ELE-SKU-1012,Electronics,48
2026-01-02,ELE-SKU-1012,Electronics,46
2026-01-03,ELE-SKU-1012,Electronics,37
2026-01-04,ELE-SKU-1012,Electronics,51
2026-01-05,ELE-SKU-1012,Electronics,57
2026-01-06,ELE-SKU-1012,Electronics,0
2026-01-07,ELE-SKU-1012,Electronics,53
2026-01-08,ELE-SKU-1012,Electronics,42
2026-01-09,ELE-SKU-1012,Electronics,49
2026-01-10,ELE-SKU-1012,Electronics,49
2026-01-11,ELE-SKU-1012,Electronics,55
2026-01-12,ELE-SKU-1012,Electronics,0
2026-01-13,ELE-SKU-1012,Electronics,53
2026-01-14,ELE-SKU-1012,Electronics,66
2026-01-15,ELE-SKU-1012,Electronics,55
2026-01-16,ELE-SKU-1012,Electronics,45
2026-01-17,ELE-SKU-1012,Electronics,50
2026-01-18,ELE-SKU-1012,Electronics,46
2026-01-19,ELE-SKU-1012,Electronics,0
2026-01-20,ELE-SKU-1012,Electronics,56
2026-01-21,ELE-SKU-1012,Electronics,62
2026-01-22,ELE-SKU-1012,Electronics,47
2026-01-23,ELE-SKU-1012,Electronics,42
2026-01-24,ELE-SKU-1012,Electronics,50
2026-01-25,ELE-SKU-1012,Electronics,57
2026-01-26,ELE-SKU-1012,Electronics,63
2026-01-27,ELE-SKU-1012,Electronics,70
2026-01-28,ELE-SKU-1012,Electronics,55
2026-01-29,ELE-SKU-1012,Electronics,54
2026-01-30,ELE-SKU-1012,Electronics,50
2026-01-31,ELE-SKU-1012,Electronics,44
2026-02-01,ELE-SKU-1012,Electronics,54
2026-02-02,ELE-SKU-1012,Electronics,67
2026-02-03,ELE-SKU-1012,Electronics,59
2026-02-04,ELE-SKU-1012,Electronics,66
2026-02-05,ELE-SKU-1012,Electronics,45
2026-02-06,ELE-SKU-1012,Electronics,45
2026-02-07,ELE-SKU-1012,Electronics,41
2026-02-08,ELE-SKU-1012,Electronics,56
2026-02-09,ELE-SKU-1012,Electronics,64
2026-02-10,ELE-SKU-1012,Electronics,72
2026-02-11,ELE-SKU-1012,Electronics,0
2026-02-12,ELE-SKU-1012,Electronics,53
2026-02-13,ELE-SKU-1012,Electronics,50
2026-02-14,ELE-SKU-1012,Electronics,44
2026-02-15,ELE-SKU-1012,Electronics,46
2026-02-16,ELE-SKU-1012,Electronics,68
2026-02-17,ELE-SKU-1012,Electronics,59
2026-02-18,ELE-SKU-1012,Electronics,51
2026-02-19,ELE-SKU-1012,Electronics,52
2026-02-20,ELE-SKU-1012,Electronics,51
2026-02-21,ELE-SKU-1012,Electronics,51
2026-02-22,ELE-SKU-1012,Electronics,50
2026-02-23,ELE-SKU-1012,Electronics,61
2026-02-24,ELE-SKU-1012,Electronics,58
2026-02-25,ELE-SKU-1012,Electronics,0
2026-02-26,ELE-SKU-1012,Electronics,49
2026-02-27,ELE-SKU-1012,Electronics,52
2025-09-01,SPO-SKU-1013,Sports & Outdoors,26
2025-09-02,SPO-SKU-1013,Sports & Outdoors,0
2025-09-03,SPO-SKU-1013,Sports & Outdoors,25
2025-09-04,SPO-SKU-1013,Sports & Outdoors,0
2025-09-05,SPO-SKU-1013,Sports & Outdoors,21
2025-09-06,SPO-SKU-1013,Sports & Outdoors,26
2025-09-07,SPO-SKU-1013,Sports & Outdoors,22
2025-09-08,SPO-SKU-1013,Sports & Outdoors,31
2025-09-09,SPO-SKU-1013,Sports & Outdoors,34
2025-09-10,SPO-SKU-1013,Sports & Outdoors,0
2025-09-11,SPO-SKU-1013,Sports & Outdoors,24
2025-09-12,SPO-SKU-1013,Sports & Outdoors,27
2025-09-13,SPO-SKU-1013,Sports & Outdoors,0
2025-09-14,SPO-SKU-1013,Sports & Outdoors,19
2025-09-15,SPO-SKU-1013,Sports & Outdoors,28
2025-09-16,SPO-SKU-1013,Sports & Outdoors,29
2025-09-17,SPO-SKU-1013,Sports & Outdoors,0
2025-09-18,SPO-SKU-1013,Sports & Outdoors,28
2025-09-19,SPO-SKU-1013,Sports & Outdoors,29
2025-09-20,SPO-SKU-1013,Sports & Outdoors,28
2025-09-21,SPO-SKU-1013,Sports & Outdoors,22
2025-09-22,SPO-SKU-1013,Sports & Outdoors,24
2025-09-23,SPO-SKU-1013,Sports & Outdoors,30
2025-09-24,SPO-SKU-1013,Sports & Outdoors,27
2025-09-25,SPO-SKU-1013,Sports & Outdoors,25
2025-09-26,SPO-SKU-1013,Sports & Outdoors,22
2025-09-27,SPO-SKU-1013,Sports & Outdoors,22
2025-09-28,SPO-SKU-1013,Sports & Outdoors,28
2025-09-29,SPO-SKU-1013,Sports & Outdoors,22
2025-09-30,SPO-SKU-1013,Sports & Outdoors,29
2025-10-01,SPO-SKU-1013,Sports & Outdoors,0
2025-10-02,SPO-SKU-1013,Sports & Outdoors,30
2025-10-03,SPO-SKU-1013,Sports & Outdoors,21
2025-10-04,SPO-SKU-1013,Sports & Outdoors,0
2025-10-05,SPO-SKU-1013,Sports & Outdoors,0
2025-10-06,SPO-SKU-1013,Sports & Outdoors,25
2025-10-07,SPO-SKU-1013,Sports & Outdoors,31
2025-10-08,SPO-SKU-1013,Sports & Outdoors,27
2025-10-09,SPO-SKU-1013,Sports & Outdoors,26
2025-10-10,SPO-SKU-1013,Sports & Outdoors,28
2025-10-11,SPO-SKU-1013,Sports & Outdoors,26
2025-10-12,SPO-SKU-1013,Sports & Outdoors,24
2025-10-13,SPO-SKU-1013,Sports & Outdoors,31
2025-10-14,SPO-SKU-1013,Sports & Outdoors,35
2025-10-15,SPO-SKU-1013,Sports & Outdoors,27
2025-10-16,SPO-SKU-1013,Sports & Outdoors,32
2025-10-17,SPO-SKU-1013,Sports & Outdoors,0
2025-10-18,SPO-SKU-1013,Sports & Outdoors,20
2025-10-19,SPO-SKU-1013,Sports & Outdoors,23
2025-10-20,SPO-SKU-1013,Sports & Outdoors,26
2025-10-21,SPO-SKU-1013,Sports & Outdoors,32
2025-10-22,SPO-SKU-1013,Sports & Outdoors,26
2025-10-23,SPO-SKU-1013,Sports & Outdoors,33
2025-10-24,SPO-SKU-1013,Sports & Outdoors,25
2025-10-25,SPO-SKU-1013,Sports & Outdoors,27
2025-10-26,SPO-SKU-1013,Sports & Outdoors,29
2025-10-27,SPO-SKU-1013,Sports & Outdoors,0
2025-10-28,SPO-SKU-1013,Sports & Outdoors,32
2025-10-29,SPO-SKU-1013,Sports & Outdoors,34
2025-10-30,SPO-SKU-1013,Sports & Outdoors,0
2025-10-31,SPO-SKU-1013,Sports & Outdoors,29
2025-11-01,SPO-SKU-1013,Sports & Outdoors,28
2025-11-02,SPO-SKU-1013,Sports & Outdoors,30
2025-11-03,SPO-SKU-1013,Sports & Outdoors,0
2025-11-04,SPO-SKU-1013,Sports & Outdoors,30
2025-11-05,SPO-SKU-1013,Sports & Outdoors,34
2025-11-06,SPO-SKU-1013,Sports & Outdoors,28
2025-11-07,SPO-SKU-1013,Sports & Outdoors,20
2025-11-08,SPO-SKU-1013,Sports & Outdoors,28
2025-11-09,SPO-SKU-1013,Sports & Outdoors,29
2025-11-10,SPO-SKU-1013,Sports & Outdoors,31
2025-11-11,SPO-SKU-1013,Sports & Outdoors,35
2025-11-12,SPO-SKU-1013,Sports & Outdoors,31
2025-11-13,SPO-SKU-1013,Sports & Outdoors,25
2025-11-14,SPO-SKU-1013,Sports & Outdoors,26
2025-11-15,SPO-SKU-1013,Sports & Outdoors,24
2025-11-16,SPO-SKU-1013,Sports & Outdoors,23
2025-11-17,SPO-SKU-1013,Sports & Outdoors,24
2025-11-18,SPO-SKU-1013,Sports & Outdoors,0
2025-11-19,SPO-SKU-1013,Sports & Outdoors,32
2025-11-20,SPO-SKU-1013,Sports & Outdoors,31
2025-11-21,SPO-SKU-1013,Sports & Outdoors,30
2025-11-22,SPO-SKU-1013,Sports & Outdoors,29
2025-11-23,SPO-SKU-1013,Sports & Outdoors,23
2025-11-24,SPO-SKU-1013,Sports & Outdoors,24
2025-11-25,SPO-SKU-1013,Sports & Outdoors,33
2025-11-26,SPO-SKU-1013,Sports & Outdoors,0
2025-11-27,SPO-SKU-1013,Sports & Outdoors,26
2025-11-28,SPO-SKU-1013,Sports & Outdoors,20
2025-11-29,SPO-SKU-1013,Sports & Outdoors,24
2025-11-30,SPO-SKU-1013,Sports & Outdoors,29
2025-12-01,SPO-SKU-1013,Sports & Outdoors,28
2025-12-02,SPO-SKU-1013,Sports & Outdoors,33
2025-12-03,SPO-SKU-1013,Sports & Outdoors,30
2025-12-04,SPO-SKU-1013,Sports & Outdoors,0
2025-12-05,SPO-SKU-1013,Sports & Outdoors,25
2025-12-06,SPO-SKU-1013,Sports & Outdoors,0
2025-12-07,SPO-SKU-1013,Sports & Outdoors,28
2025-12-08,SPO-SKU-1013,Sports & Outdoors,33
2025-12-09,SPO-SKU-1013,Sports & Outdoors,30
2025-12-10,SPO-SKU-1013,Sports & Outdoors,30
2025-12-11,SPO-SKU-1013,Sports & Outdoors,33
2025-12-12,SPO-SKU-1013,Sports & Outdoors,30
2025-12-13,SPO-SKU-1013,Sports & Outdoors,20
2025-12-14,SPO-SKU-1013,Sports & Outdoors,27
2025-12-15,SPO-SKU-1013,Sports & Outdoors,29
2025-12-16,SPO-SKU-1013,Sports & Outdoors,35
2025-12-17,SPO-SKU-1013,Sports & Outdoors,30
2025-12-18,SPO-SKU-1013,Sports & Outdoors,27
2025-12-19,SPO-SKU-1013,Sports & Outdoors,24
2025-12-20,SPO-SKU-1013,Sports & Outdoors,25
2025-12-21,SPO-SKU-1013,Sports & Outdoors,30
2025-12-22,SPO-SKU-1013,Sports & Outdoors,34
2025-12-23,SPO-SKU-1013,Sports & Outdoors,34
2025-12-24,SPO-SKU-1013,Sports & Outdoors,29
2025-12-25,SPO-SKU-1013,Sports & Outdoors,32
2025-12-26,SPO-SKU-1013,Sports & Outdoors,0
2025-12-27,SPO-SKU-1013,Sports & Outdoors,22
2025-12-28,SPO-SKU-1013,Sports & Outdoors,31
2025-12-29,SPO-SKU-1013,Sports & Outdoors,26
2025-12-30,SPO-SKU-1013,Sports & Outdoors,27
2025-12-31,SPO-SKU-1013,Sports & Outdoors,33
2026-01-01,SPO-SKU-1013,Sports & Outdoors,0
2026-01-02,SPO-SKU-1013,Sports & Outdoors,0
2026-01-03,SPO-SKU-1013,Sports & Outdoors,24
2026-01-04,SPO-SKU-1013,Sports & Outdoors,0
2026-01-05,SPO-SKU-1013,Sports & Outdoors,31
2026-01-06,SPO-SKU-1013,Sports & Outdoors,34
2026-01-07,SPO-SKU-1013,Sports & Outdoors,28
2026-01-08,SPO-SKU-1013,Sports & Outdoors,31
2026-01-09,SPO-SKU-1013,Sports & Outdoors,24
2026-01-10,SPO-SKU-1013,Sports & Outdoors,28
2026-01-11,SPO-SKU-1013,Sports & Outdoors,29
2026-01-12,SPO-SKU-1013,Sports & Outdoors,31
2026-01-13,SPO-SKU-1013,Sports & Outdoors,33
2026-01-14,SPO-SKU-1013,Sports & Outdoors,29
2026-01-15,SPO-SKU-1013,Sports & Outdoors,0
2026-01-16,SPO-SKU-1013,Sports & Outdoors,29
2026-01-17,SPO-SKU-1013,Sports & Outdoors,0
2026-01-18,SPO-SKU-1013,Sports & Outdoors,30
2026-01-19,SPO-SKU-1013,Sports & Outdoors,26
2026-01-20,SPO-SKU-1013,Sports & Outdoors,0
2026-01-21,SPO-SKU-1013,Sports & Outdoors,28
2026-01-22,SPO-SKU-1013,Sports & Outdoors,27
2026-01-23,SPO-SKU-1013,Sports & Outdoors,0
2026-01-24,SPO-SKU-1013,Sports & Outdoors,27
2026-01-25,SPO-SKU-1013,Sports & Outdoors,31
2026-01-26,SPO-SKU-1013,Sports & Outdoors,29
2026-01-27,SPO-SKU-1013,Sports & Outdoors,27
2026-01-28,SPO-SKU-1013,Sports & Outdoors,0
2026-01-29,SPO-SKU-1013,Sports & Outdoors,26
2026-01-30,SPO-SKU-1013,Sports & Outdoors,22
2026-01-31,SPO-SKU-1013,Sports & Outdoors,24
2026-02-01,SPO-SKU-1013,Sports & Outdoors,0
2026-02-02,SPO-SKU-1013,Sports & Outdoors,0
2026-02-03,SPO-SKU-1013,Sports & Outdoors,33
2026-02-04,SPO-SKU-1013,Sports & Outdoors,29
2026-02-05,SPO-SKU-1013,Sports & Outdoors,26
2026-02-06,SPO-SKU-1013,Sports & Outdoors,28
2026-02-07,SPO-SKU-1013,Sports & Outdoors,24
2026-02-08,SPO-SKU-1013,Sports & Outdoors,25
2026-02-09,SPO-SKU-1013,Sports & Outdoors,28
2026-02-10,SPO-SKU-1013,Sports & Outdoors,32
2026-02-11,SPO-SKU-1013,Sports & Outdoors,34
2026-02-12,SPO-SKU-1013,Sports & Outdoors,26
2026-02-13,SPO-SKU-1013,Sports & Outdoors,28
2026-02-14,SPO-SKU-1013,Sports & Outdoors,0
2026-02-15,SPO-SKU-1013,Sports & Outdoors,30
2026-02-16,SPO-SKU-1013,Sports & Outdoors,31
2026-02-17,SPO-SKU-1013,Sports & Outdoors,30
2026-02-18,SPO-SKU-1013,Sports & Outdoors,0
2026-02-19,SPO-SKU-1013,Sports & Outdoors,31
2026-02-20,SPO-SKU-1013,Sports & Outdoors,29
2026-02-21,SPO-SKU-1013,Sports & Outdoors,24
2026-02-22,SPO-SKU-1013,Sports & Outdoors,24
2026-02-23,SPO-SKU-1013,Sports & Outdoors,0
2026-02-24,SPO-SKU-1013,Sports & Outdoors,37
2026-02-25,SPO-SKU-1013,Sports & Outdoors,26
2026-02-26,SPO-SKU-1013,Sports & Outdoors,25
2026-02-27,SPO-SKU-1013,Sports & Outdoors,24
2025-09-01,SPO-SKU-1014,Sports & Outdoors,2
2025-09-02,SPO-SKU-1014,Sports & Outdoors,2
2025-09-03,SPO-SKU-1014,Sports & Outdoors,2
2025-09-04,SPO-SKU-1014,Sports & Outdoors,2
2025-09-05,SPO-SKU-1014,Sports & Outdoors,1
2025-09-06,SPO-SKU-1014,Sports & Outdoors,1
2025-09-07,SPO-SKU-1014,Sports & Outdoors,1
2025-09-08,SPO-SKU-1014,Sports & Outdoors,0
2025-09-09,SPO-SKU-1014,Sports & Outdoors,2
2025-09-10,SPO-SKU-1014,Sports & Outdoors,0
2025-09-11,SPO-SKU-1014,Sports & Outdoors,2
2025-09-12,SPO-SKU-1014,Sports & Outdoors,1
2025-09-13,SPO-SKU-1014,Sports & Outdoors,1
2025-09-14,SPO-SKU-1014,Sports & Outdoors,1
2025-09-15,SPO-SKU-1014,Sports & Outdoors,2
2025-09-16,SPO-SKU-1014,Sports & Outdoors,2
2025-09-17,SPO-SKU-1014,Sports & Outdoors,2
2025-09-18,SPO-SKU-1014,Sports & Outdoors,2
2025-09-19,SPO-SKU-1014,Sports & Outdoors,1
2025-09-20,SPO-SKU-1014,Sports & Outdoors,1
2025-09-21,SPO-SKU-1014,Sports & Outdoors,0
2025-09-22,SPO-SKU-1014,Sports & Outdoors,2
2025-09-23,SPO-SKU-1014,Sports & Outdoors,2
2025-09-24,SPO-SKU-1014,Sports & Outdoors,2
2025-09-25,SPO-SKU-1014,Sports & Outdoors,2
2025-09-26,SPO-SKU-1014,Sports & Outdoors,0
2025-09-27,SPO-SKU-1014,Sports & Outdoors,0
2025-09-28,SPO-SKU-1014,Sports & Outdoors,1
2025-09-29,SPO-SKU-1014,Sports & Outdoors,2
2025-09-30,SPO-SKU-1014,Sports & Outdoors,0
2025-10-01,SPO-SKU-1014,Sports & Outdoors,2
2025-10-02,SPO-SKU-1014,Sports & Outdoors,2
2025-10-03,SPO-SKU-1014,Sports & Outdoors,1
2025-10-04,SPO-SKU-1014,Sports & Outdoors,1
2025-10-05,SPO-SKU-1014,Sports & Outdoors,1
2025-10-06,SPO-SKU-1014,Sports & Outdoors,2
2025-10-07,SPO-SKU-1014,Sports & Outdoors,2
2025-10-08,SPO-SKU-1014,Sports & Outdoors,2
2025-10-09,SPO-SKU-1014,Sports & Outdoors,2
2025-10-10,SPO-SKU-1014,Sports & Outdoors,1
2025-10-11,SPO-SKU-1014,Sports & Outdoors,1
2025-10-12,SPO-SKU-1014,Sports & Outdoors,1
2025-10-13,SPO-SKU-1014,Sports & Outdoors,2
2025-10-14,SPO-SKU-1014,Sports & Outdoors,2
2025-10-15,SPO-SKU-1014,Sports & Outdoors,2
2025-10-16,SPO-SKU-1014,Sports & Outdoors,2
2025-10-17,SPO-SKU-1014,Sports & Outdoors,1
2025-10-18,SPO-SKU-1014,Sports & Outdoors,1
2025-10-19,SPO-SKU-1014,Sports & Outdoors,0
2025-10-20,SPO-SKU-1014,Sports & Outdoors,2
2025-10-21,SPO-SKU-1014,Sports & Outdoors,2
2025-10-22,SPO-SKU-1014,Sports & Outdoors,2
2025-10-23,SPO-SKU-1014,Sports & Outdoors,2
2025-10-24,SPO-SKU-1014,Sports & Outdoors,1
2025-10-25,SPO-SKU-1014,Sports & Outdoors,1
2025-10-26,SPO-SKU-1014,Sports & Outdoors,1
2025-10-27,SPO-SKU-1014,Sports & Outdoors,2
2025-10-28,SPO-SKU-1014,Sports & Outdoors,0
2025-10-29,SPO-SKU-1014,Sports & Outdoors,2
2025-10-30,SPO-SKU-1014,Sports & Outdoors,2
2025-10-31,SPO-SKU-1014,Sports & Outdoors,1
2025-11-01,SPO-SKU-1014,Sports & Outdoors,1
2025-11-02,SPO-SKU-1014,Sports & Outdoors,1
2025-11-03,SPO-SKU-1014,Sports & Outdoors,0
2025-11-04,SPO-SKU-1014,Sports & Outdoors,2
2025-11-05,SPO-SKU-1014,Sports & Outdoors,2
2025-11-06,SPO-SKU-1014,Sports & Outdoors,1
2025-11-07,SPO-SKU-1014,Sports & Outdoors,1
2025-11-08,SPO-SKU-1014,Sports & Outdoors,1
2025-11-09,SPO-SKU-1014,Sports & Outdoors,1
2025-11-10,SPO-SKU-1014,Sports & Outdoors,2
2025-11-11,SPO-SKU-1014,Sports & Outdoors,2
2025-11-12,SPO-SKU-1014,Sports & Outdoors,2
2025-11-13,SPO-SKU-1014,Sports & Outdoors,1
2025-11-14,SPO-SKU-1014,Sports & Outdoors,1
2025-11-15,SPO-SKU-1014,Sports & Outdoors,1
2025-11-16,SPO-SKU-1014,Sports & Outdoors,1
2025-11-17,SPO-SKU-1014,Sports & Outdoors,2
2025-11-18,SPO-SKU-1014,Sports & Outdoors,2
2025-11-19,SPO-SKU-1014,Sports & Outdoors,0
2025-11-20,SPO-SKU-1014,Sports & Outdoors,1
2025-11-21,SPO-SKU-1014,Sports & Outdoors,1
2025-11-22,SPO-SKU-1014,Sports & Outdoors,1
2025-11-23,SPO-SKU-1014,Sports & Outdoors,1
2025-11-24,SPO-SKU-1014,Sports & Outdoors,2
2025-11-25,SPO-SKU-1014,Sports & Outdoors,2
2025-11-26,SPO-SKU-1014,Sports & Outdoors,2
2025-11-27,SPO-SKU-1014,Sports & Outdoors,1
2025-11-28,SPO-SKU-1014,Sports & Outdoors,1
2025-11-29,SPO-SKU-1014,Sports & Outdoors,1
2025-11-30,SPO-SKU-1014,Sports & Outdoors,1
2025-12-01,SPO-SKU-1014,Sports & Outdoors,0
2025-12-02,SPO-SKU-1014,Sports & Outdoors,2
2025-12-03,SPO-SKU-1014,Sports & Outdoors,2
2025-12-04,SPO-SKU-1014,Sports & Outdoors,1
2025-12-05,SPO-SKU-1014,Sports & Outdoors,1
2025-12-06,SPO-SKU-1014,Sports & Outdoors,1
2025-12-07,SPO-SKU-1014,Sports & Outdoors,1
2025-12-08,SPO-SKU-1014,Sports & Outdoors,2
2025-12-09,SPO-SKU-1014,Sports & Outdoors,2
2025-12-10,SPO-SKU-1014,Sports & Outdoors,2
2025-12-11,SPO-SKU-1014,Sports & Outdoors,1
2025-12-12,SPO-SKU-1014,Sports & Outdoors,1
2025-12-13,SPO-SKU-1014,Sports & Outdoors,1
2025-12-14,SPO-SKU-1014,Sports & Outdoors,1
2025-12-15,SPO-SKU-1014,Sports & Outdoors,2
2025-12-16,SPO-SKU-1014,Sports & Outdoors,2
2025-12-17,SPO-SKU-1014,Sports & Outdoors,2
2025-12-18,SPO-SKU-1014,Sports & Outdoors,1
2025-12-19,SPO-SKU-1014,Sports & Outdoors,1
2025-12-20,SPO-SKU-1014,Sports & Outdoors,1
2025-12-21,SPO-SKU-1014,Sports & Outdoors,1
2025-12-22,SPO-SKU-1014,Sports & Outdoors,0
2025-12-23,SPO-SKU-1014,Sports & Outdoors,2
2025-12-24,SPO-SKU-1014,Sports & Outdoors,2
2025-12-25,SPO-SKU-1014,Sports & Outdoors,1
2025-12-26,SPO-SKU-1014,Sports & Outdoors,1
2025-12-27,SPO-SKU-1014,Sports & Outdoors,1
2025-12-28,SPO-SKU-1014,Sports & Outdoors,0
2025-12-29,SPO-SKU-1014,Sports & Outdoors,2
2025-12-30,SPO-SKU-1014,Sports & Outdoors,2
2025-12-31,SPO-SKU-1014,Sports & Outdoors,2
2026-01-01,SPO-SKU-1014,Sports & Outdoors,1
2026-01-02,SPO-SKU-1014,Sports & Outdoors,1
2026-01-03,SPO-SKU-1014,Sports & Outdoors,1
2026-01-04,SPO-SKU-1014,Sports & Outdoors,1
2026-01-05,SPO-SKU-1014,Sports & Outdoors,2
2026-01-06,SPO-SKU-1014,Sports & Outdoors,2
2026-01-07,SPO-SKU-1014,Sports & Outdoors,2
2026-01-08,SPO-SKU-1014,Sports & Outdoors,1
2026-01-09,SPO-SKU-1014,Sports & Outdoors,1
2026-01-10,SPO-SKU-1014,Sports & Outdoors,1
2026-01-11,SPO-SKU-1014,Sports & Outdoors,0
2026-01-12,SPO-SKU-1014,Sports & Outdoors,2
2026-01-13,SPO-SKU-1014,Sports & Outdoors,2
2026-01-14,SPO-SKU-1014,Sports & Outdoors,2
2026-01-15,SPO-SKU-1014,Sports & Outdoors,1
2026-01-16,SPO-SKU-1014,Sports & Outdoors,1
2026-01-17,SPO-SKU-1014,Sports & Outdoors,1
2026-01-18,SPO-SKU-1014,Sports & Outdoors,0
2026-01-19,SPO-SKU-1014,Sports & Outdoors,2
2026-01-20,SPO-SKU-1014,Sports & Outdoors,2
2026-01-21,SPO-SKU-1014,Sports & Outdoors,2
2026-01-22,SPO-SKU-1014,Sports & Outdoors,1
2026-01-23,SPO-SKU-1014,Sports & Outdoors,1
2026-01-24,SPO-SKU-1014,Sports & Outdoors,1
2026-01-25,SPO-SKU-1014,Sports & Outdoors,1
2026-01-26,SPO-SKU-1014,Sports & Outdoors,2
2026-01-27,SPO-SKU-1014,Sports & Outdoors,0
2026-01-28,SPO-SKU-1014,Sports & Outdoors,2
2026-01-29,SPO-SKU-1014,Sports & Outdoors,1
2026-01-30,SPO-SKU-1014,Sports & Outdoors,1
2026-01-31,SPO-SKU-1014,Sports & Outdoors,1
2026-02-01,SPO-SKU-1014,Sports & Outdoors,1
2026-02-02,SPO-SKU-1014,Sports & Outdoors,2
2026-02-03,SPO-SKU-1014,Sports & Outdoors,2
2026-02-04,SPO-SKU-1014,Sports & Outdoors,2
2026-02-05,SPO-SKU-1014,Sports & Outdoors,1
2026-02-06,SPO-SKU-1014,Sports & Outdoors,1
2026-02-07,SPO-SKU-1014,Sports & Outdoors,0
2026-02-08,SPO-SKU-1014,Sports & Outdoors,1
2026-02-09,SPO-SKU-1014,Sports & Outdoors,2
2026-02-10,SPO-SKU-1014,Sports & Outdoors,2
2026-02-11,SPO-SKU-1014,Sports & Outdoors,0
2026-02-12,SPO-SKU-1014,Sports & Outdoors,1
2026-02-13,SPO-SKU-1014,Sports & Outdoors,0
2026-02-14,SPO-SKU-1014,Sports & Outdoors,0
2026-02-15,SPO-SKU-1014,Sports & Outdoors,1
2026-02-16,SPO-SKU-1014,Sports & Outdoors,0
2026-02-17,SPO-SKU-1014,Sports & Outdoors,2
2026-02-18,SPO-SKU-1014,Sports & Outdoors,2
2026-02-19,SPO-SKU-1014,Sports & Outdoors,1
2026-02-20,SPO-SKU-1014,Sports & Outdoors,1
2026-02-21,SPO-SKU-1014,Sports & Outdoors,1
2026-02-22,SPO-SKU-1014,Sports & Outdoors,1
2026-02-23,SPO-SKU-1014,Sports & Outdoors,2
2026-02-24,SPO-SKU-1014,Sports & Outdoors,0
2026-02-25,SPO-SKU-1014,Sports & Outdoors,2
2026-02-26,SPO-SKU-1014,Sports & Outdoors,1
2026-02-27,SPO-SKU-1014,Sports & Outdoors,1
2025-09-01,HOM-SKU-1015,Home & Garden,7
2025-09-02,HOM-SKU-1015,Home & Garden,0
2025-09-03,HOM-SKU-1015,Home & Garden,0
2025-09-04,HOM-SKU-1015,Home & Garden,7
2025-09-05,HOM-SKU-1015,Home & Garden,0
2025-09-06,HOM-SKU-1015,Home & Garden,4
2025-09-07,HOM-SKU-1015,Home & Garden,4
2025-09-08,HOM-SKU-1015,Home & Garden,6
2025-09-09,HOM-SKU-1015,Home & Garden,9
2025-09-10,HOM-SKU-1015,Home & Garden,7
2025-09-11,HOM-SKU-1015,Home & Garden,0
2025-09-12,HOM-SKU-1015,Home & Garden,4
2025-09-13,HOM-SKU-1015,Home & Garden,4
2025-09-14,HOM-SKU-1015,Home & Garden,0
2025-09-15,HOM-SKU-1015,Home & Garden,6
2025-09-16,HOM-SKU-1015,Home & Garden,7
2025-09-17,HOM-SKU-1015,Home & Garden,9
2025-09-18,HOM-SKU-1015,Home & Garden,7
2025-09-19,HOM-SKU-1015,Home & Garden,3
2025-09-20,HOM-SKU-1015,Home & Garden,4
2025-09-21,HOM-SKU-1015,Home & Garden,3
2025-09-22,HOM-SKU-1015,Home & Garden,6
2025-09-23,HOM-SKU-1015,Home & Garden,9
2025-09-24,HOM-SKU-1015,Home & Garden,8
2025-09-25,HOM-SKU-1015,Home & Garden,6
2025-09-26,HOM-SKU-1015,Home & Garden,3
2025-09-27,HOM-SKU-1015,Home & Garden,2
2025-09-28,HOM-SKU-1015,Home & Garden,5
2025-09-29,HOM-SKU-1015,Home & Garden,7
2025-09-30,HOM-SKU-1015,Home & Garden,9
2025-10-01,HOM-SKU-1015,Home & Garden,9
2025-10-02,HOM-SKU-1015,Home & Garden,7
2025-10-03,HOM-SKU-1015,Home & Garden,6
2025-10-04,HOM-SKU-1015,Home & Garden,2
2025-10-05,HOM-SKU-1015,Home & Garden,4
2025-10-06,HOM-SKU-1015,Home & Garden,7
2025-10-07,HOM-SKU-1015,Home & Garden,10
2025-10-08,HOM-SKU-1015,Home & Garden,10
2025-10-09,HOM-SKU-1015,Home & Garden,7
2025-10-10,HOM-SKU-1015,Home & Garden,5
2025-10-11,HOM-SKU-1015,Home & Garden,4
2025-10-12,HOM-SKU-1015,Home & Garden,4
2025-10-13,HOM-SKU-1015,Home & Garden,7
2025-10-14,HOM-SKU-1015,Home & Garden,9
2025-10-15,HOM-SKU-1015,Home & Garden,8
2025-10-16,HOM-SKU-1015,Home & Garden,6
2025-10-17,HOM-SKU-1015,Home & Garden,6
2025-10-18,HOM-SKU-1015,Home & Garden,4
2025-10-19,HOM-SKU-1015,Home & Garden,5
2025-10-20,HOM-SKU-1015,Home & Garden,7
2025-10-21,HOM-SKU-1015,Home & Garden,10
2025-10-22,HOM-SKU-1015,Home & Garden,9
2025-10-23,HOM-SKU-1015,Home & Garden,7
2025-10-24,HOM-SKU-1015,Home & Garden,5
2025-10-25,HOM-SKU-1015,Home & Garden,0
2025-10-26,HOM-SKU-1015,Home & Garden,5
2025-10-27,HOM-SKU-1015,Home & Garden,6
2025-10-28,HOM-SKU-1015,Home & Garden,9
2025-10-29,HOM-SKU-1015,Home & Garden,9
2025-10-30,HOM-SKU-1015,Home & Garden,8
2025-10-31,HOM-SKU-1015,Home & Garden,6
2025-11-01,HOM-SKU-1015,Home & Garden,3
2025-11-02,HOM-SKU-1015,Home & Garden,6
2025-11-03,HOM-SKU-1015,Home & Garden,7
2025-11-04,HOM-SKU-1015,Home & Garden,9
2025-11-05,HOM-SKU-1015,Home & Garden,9
2025-11-06,HOM-SKU-1015,Home & Garden,6
2025-11-07,HOM-SKU-1015,Home & Garden,4
2025-11-08,HOM-SKU-1015,Home & Garden,4
2025-11-09,HOM-SKU-1015,Home & Garden,6
2025-11-10,HOM-SKU-1015,Home & Garden,9
2025-11-11,HOM-SKU-1015,Home & Garden,8
2025-11-12,HOM-SKU-1015,Home & Garden,9
2025-11-13,HOM-SKU-1015,Home & Garden,8
2025-11-14,HOM-SKU-1015,Home & Garden,0
2025-11-15,HOM-SKU-1015,Home & Garden,5
2025-11-16,HOM-SKU-1015,Home & Garden,7
2025-11-17,HOM-SKU-1015,Home & Garden,9
2025-11-18,HOM-SKU-1015,Home & Garden,8
2025-11-19,HOM-SKU-1015,Home & Garden,10
2025-11-20,HOM-SKU-1015,Home & Garden,7
2025-11-21,HOM-SKU-1015,Home & Garden,4
2025-11-22,HOM-SKU-1015,Home & Garden,0
2025-11-23,HOM-SKU-1015,Home & Garden,6
2025-11-24,HOM-SKU-1015,Home & Garden,7
2025-11-25,HOM-SKU-1015,Home & Garden,11
2025-11-26,HOM-SKU-1015,Home & Garden,9
2025-11-27,HOM-SKU-1015,Home & Garden,7
2025-11-28,HOM-SKU-1015,Home & Garden,5
2025-11-29,HOM-SKU-1015,Home & Garden,4
2025-11-30,HOM-SKU-1015,Home & Garden,6
2025-12-01,HOM-SKU-1015,Home & Garden,8
2025-12-02,HOM-SKU-1015,Home & Garden,10
2025-12-03,HOM-SKU-1015,Home & Garden,9
2025-12-04,HOM-SKU-1015,Home & Garden,6
2025-12-05,HOM-SKU-1015,Home & Garden,5
2025-12-06,HOM-SKU-1015,Home & Garden,4
2025-12-07,HOM-SKU-1015,Home & Garden,5
2025-12-08,HOM-SKU-1015,Home & Garden,9
2025-12-09,HOM-SKU-1015,Home & Garden,9
2025-12-10,HOM-SKU-1015,Home & Garden,8
2025-12-11,HOM-SKU-1015,Home & Garden,7
2025-12-12,HOM-SKU-1015,Home & Garden,4
2025-12-13,HOM-SKU-1015,Home & Garden,4
2025-12-14,HOM-SKU-1015,Home & Garden,7
2025-12-15,HOM-SKU-1015,Home & Garden,0
2025-12-16,HOM-SKU-1015,Home & Garden,9
2025-12-17,HOM-SKU-1015,Home & Garden,9
2025-12-18,HOM-SKU-1015,Home & Garden,8
2025-12-19,HOM-SKU-1015,Home & Garden,6
2025-12-20,HOM-SKU-1015,Home & Garden,5
2025-12-21,HOM-SKU-1015,Home & Garden,7
2025-12-22,HOM-SKU-1015,Home & Garden,9
2025-12-23,HOM-SKU-1015,Home & Garden,9
2025-12-24,HOM-SKU-1015,Home & Garden,8
2025-12-25,HOM-SKU-1015,Home & Garden,6
2025-12-26,HOM-SKU-1015,Home & Garden,4
2025-12-27,HOM-SKU-1015,Home & Garden,4
2025-12-28,HOM-SKU-1015,Home & Garden,6
2025-12-29,HOM-SKU-1015,Home & Garden,9
2025-12-30,HOM-SKU-1015,Home & Garden,0
2025-12-31,HOM-SKU-1015,Home & Garden,9
2026-01-01,HOM-SKU-1015,Home & Garden,8
2026-01-02,HOM-SKU-1015,Home & Garden,4
2026-01-03,HOM-SKU-1015,Home & Garden,0
2026-01-04,HOM-SKU-1015,Home & Garden,7
2026-01-05,HOM-SKU-1015,Home & Garden,8
2026-01-06,HOM-SKU-1015,Home & Garden,10
2026-01-07,HOM-SKU-1015,Home & Garden,9
2026-01-08,HOM-SKU-1015,Home & Garden,0
2026-01-09,HOM-SKU-1015,Home & Garden,5
2026-01-10,HOM-SKU-1015,Home & Garden,6
2026-01-11,HOM-SKU-1015,Home & Garden,6
2026-01-12,HOM-SKU-1015,Home & Garden,0
2026-01-13,HOM-SKU-1015,Home & Garden,12
2026-01-14,HOM-SKU-1015,Home & Garden,11
2026-01-15,HOM-SKU-1015,Home & Garden,7
2026-01-16,HOM-SKU-1015,Home & Garden,5
2026-01-17,HOM-SKU-1015,Home & Garden,7
2026-01-18,HOM-SKU-1015,Home & Garden,8
2026-01-19,HOM-SKU-1015,Home & Garden,9
2026-01-20,HOM-SKU-1015,Home & Garden,11
2026-01-21,HOM-SKU-1015,Home & Garden,10
2026-01-22,HOM-SKU-1015,Home & Garden,6
2026-01-23,HOM-SKU-1015,Home & Garden,5
2026-01-24,HOM-SKU-1015,Home & Garden,5
2026-01-25,HOM-SKU-1015,Home & Garden,8
2026-01-26,HOM-SKU-1015,Home & Garden,11
2026-01-27,HOM-SKU-1015,Home & Garden,12
2026-01-28,HOM-SKU-1015,Home & Garden,9
2026-01-29,HOM-SKU-1015,Home & Garden,8
2026-01-30,HOM-SKU-1015,Home & Garden,0
2026-01-31,HOM-SKU-1015,Home & Garden,0
2026-02-01,HOM-SKU-1015,Home & Garden,8
2026-02-02,HOM-SKU-1015,Home & Garden,10
2026-02-03,HOM-SKU-1015,Home & Garden,11
2026-02-04,HOM-SKU-1015,Home & Garden,10
2026-02-05,HOM-SKU-1015,Home & Garden,7
2026-02-06,HOM-SKU-1015,Home & Garden,5
2026-02-07,HOM-SKU-1015,Home & Garden,6
2026-02-08,HOM-SKU-1015,Home & Garden,7
2026-02-09,HOM-SKU-1015,Home & Garden,0
2026-02-10,HOM-SKU-1015,Home & Garden,0
2026-02-11,HOM-SKU-1015,Home & Garden,10
2026-02-12,HOM-SKU-1015,Home & Garden,6
2026-02-13,HOM-SKU-1015,Home & Garden,5
2026-02-14,HOM-SKU-1015,Home & Garden,6
2026-02-15,HOM-SKU-1015,Home & Garden,7
2026-02-16,HOM-SKU-1015,Home & Garden,11
2026-02-17,HOM-SKU-1015,Home & Garden,12
2026-02-18,HOM-SKU-1015,Home & Garden,10
2026-02-19,HOM-SKU-1015,Home & Garden,8
2026-02-20,HOM-SKU-1015,Home & Garden,5
2026-02-21,HOM-SKU-1015,Home & Garden,6
2026-02-22,HOM-SKU-1015,Home & Garden,8
2026-02-23,HOM-SKU-1015,Home & Garden,10
2026-02-24,HOM-SKU-1015,Home & Garden,12
2026-02-25,HOM-SKU-1015,Home & Garden,11
2026-02-26,HOM-SKU-1015,Home & Garden,0
2026-02-27,HOM-SKU-1015,Home & Garden,6
2025-09-01,APP-SKU-1016,Apparel,1
2025-09-02,APP-SKU-1016,Apparel,1
2025-09-03,APP-SKU-1016,Apparel,1
2025-09-04,APP-SKU-1016,Apparel,0
2025-09-05,APP-SKU-1016,Apparel,0
2025-09-06,APP-SKU-1016,Apparel,0
2025-09-07,APP-SKU-1016,Apparel,0
2025-09-08,APP-SKU-1016,Apparel,1
2025-09-09,APP-SKU-1016,Apparel,1
2025-09-10,APP-SKU-1016,Apparel,1
2025-09-11,APP-SKU-1016,Apparel,1
2025-09-12,APP-SKU-1016,Apparel,0
2025-09-13,APP-SKU-1016,Apparel,0
2025-09-14,APP-SKU-1016,Apparel,0
2025-09-15,APP-SKU-1016,Apparel,1
2025-09-16,APP-SKU-1016,Apparel,1
2025-09-17,APP-SKU-1016,Apparel,1
2025-09-18,APP-SKU-1016,Apparel,1
2025-09-19,APP-SKU-1016,Apparel,0
2025-09-20,APP-SKU-1016,Apparel,0
2025-09-21,APP-SKU-1016,Apparel,0
2025-09-22,APP-SKU-1016,Apparel,1
2025-09-23,APP-SKU-1016,Apparel,0
2025-09-24,APP-SKU-1016,Apparel,1
2025-09-25,APP-SKU-1016,Apparel,1
2025-09-26,APP-SKU-1016,Apparel,0
2025-09-27,APP-SKU-1016,Apparel,0
2025-09-28,APP-SKU-1016,Apparel,0
2025-09-29,APP-SKU-1016,Apparel,1
2025-09-30,APP-SKU-1016,Apparel,0
2025-10-01,APP-SKU-1016,Apparel,1
2025-10-02,APP-SKU-1016,Apparel,1
2025-10-03,APP-SKU-1016,Apparel,0
2025-10-04,APP-SKU-1016,Apparel,0
2025-10-05,APP-SKU-1016,Apparel,0
2025-10-06,APP-SKU-1016,Apparel,1
2025-10-07,APP-SKU-1016,Apparel,1
2025-10-08,APP-SKU-1016,Apparel,1
2025-10-09,APP-SKU-1016,Apparel,1
2025-10-10,APP-SKU-1016,Apparel,0
2025-10-11,APP-SKU-1016,Apparel,0
2025-10-12,APP-SKU-1016,Apparel,0
2025-10-13,APP-SKU-1016,Apparel,1
2025-10-14,APP-SKU-1016,Apparel,1
2025-10-15,APP-SKU-1016,Apparel,1
2025-10-16,APP-SKU-1016,Apparel,1
2025-10-17,APP-SKU-1016,Apparel,0
2025-10-18,APP-SKU-1016,Apparel,0
2025-10-19,APP-SKU-1016,Apparel,0
2025-10-20,APP-SKU-1016,Apparel,1
2025-10-21,APP-SKU-1016,Apparel,1
2025-10-22,APP-SKU-1016,Apparel,1
2025-10-23,APP-SKU-1016,Apparel,1
2025-10-24,APP-SKU-1016,Apparel,0
2025-10-25,APP-SKU-1016,Apparel,0
2025-10-26,APP-SKU-1016,Apparel,0
2025-10-27,APP-SKU-1016,Apparel,1
2025-10-28,APP-SKU-1016,Apparel,1
2025-10-29,APP-SKU-1016,Apparel,1
2025-10-30,APP-SKU-1016,Apparel,1
2025-10-31,APP-SKU-1016,Apparel,0
2025-11-01,APP-SKU-1016,Apparel,0
2025-11-02,APP-SKU-1016,Apparel,0
2025-11-03,APP-SKU-1016,Apparel,1
2025-11-04,APP-SKU-1016,Apparel,1
2025-11-05,APP-SKU-1016,Apparel,1
2025-11-06,APP-SKU-1016,Apparel,1
2025-11-07,APP-SKU-1016,Apparel,0
2025-11-08,APP-SKU-1016,Apparel,0
2025-11-09,APP-SKU-1016,Apparel,1
2025-11-10,APP-SKU-1016,Apparel,1
2025-11-11,APP-SKU-1016,Apparel,1
2025-11-12,APP-SKU-1016,Apparel,1
2025-11-13,APP-SKU-1016,Apparel,1
2025-11-14,APP-SKU-1016,Apparel,0
2025-11-15,APP-SKU-1016,Apparel,0
2025-11-16,APP-SKU-1016,Apparel,1
2025-11-17,APP-SKU-1016,Apparel,1
2025-11-18,APP-SKU-1016,Apparel,1
2025-11-19,APP-SKU-1016,Apparel,0
2025-11-20,APP-SKU-1016,Apparel,1
2025-11-21,APP-SKU-1016,Apparel,0
2025-11-22,APP-SKU-1016,Apparel,0
2025-11-23,APP-SKU-1016,Apparel,1
2025-11-24,APP-SKU-1016,Apparel,1
2025-11-25,APP-SKU-1016,Apparel,1
2025-11-26,APP-SKU-1016,Apparel,1
2025-11-27,APP-SKU-1016,Apparel,1
2025-11-28,APP-SKU-1016,Apparel,0
2025-11-29,APP-SKU-1016,Apparel,0
2025-11-30,APP-SKU-1016,Apparel,1
2025-12-01,APP-SKU-1016,Apparel,1
2025-12-02,APP-SKU-1016,Apparel,1
2025-12-03,APP-SKU-1016,Apparel,1
2025-12-04,APP-SKU-1016,Apparel,0
2025-12-05,APP-SKU-1016,Apparel,0
2025-12-06,APP-SKU-1016,Apparel,0
2025-12-07,APP-SKU-1016,Apparel,1
2025-12-08,APP-SKU-1016,Apparel,1
2025-12-09,APP-SKU-1016,Apparel,1
2025-12-10,APP-SKU-1016,Apparel,1
2025-12-11,APP-SKU-1016,Apparel,1
2025-12-12,APP-SKU-1016,Apparel,0
2025-12-13,APP-SKU-1016,Apparel,0
2025-12-14,APP-SKU-1016,Apparel,1
2025-12-15,APP-SKU-1016,Apparel,1
2025-12-16,APP-SKU-1016,Apparel,1
2025-12-17,APP-SKU-1016,Apparel,1
2025-12-18,APP-SKU-1016,Apparel,1
2025-12-19,APP-SKU-1016,Apparel,0
2025-12-20,APP-SKU-1016,Apparel,0
2025-12-21,APP-SKU-1016,Apparel,1
2025-12-22,APP-SKU-1016,Apparel,1
2025-12-23,APP-SKU-1016,Apparel,0
2025-12-24,APP-SKU-1016,Apparel,1
2025-12-25,APP-SKU-1016,Apparel,1
2025-12-26,APP-SKU-1016,Apparel,1
2025-12-27,APP-SKU-1016,Apparel,0
2025-12-28,APP-SKU-1016,Apparel,1
2025-12-29,APP-SKU-1016,Apparel,1
2025-12-30,APP-SKU-1016,Apparel,1
2025-12-31,APP-SKU-1016,Apparel,1
2026-01-01,APP-SKU-1016,Apparel,1
2026-01-02,APP-SKU-1016,Apparel,1
2026-01-03,APP-SKU-1016,Apparel,1
2026-01-04,APP-SKU-1016,Apparel,0
2026-01-05,APP-SKU-1016,Apparel,1
2026-01-06,APP-SKU-1016,Apparel,1
2026-01-07,APP-SKU-1016,Apparel,0
2026-01-08,APP-SKU-1016,Apparel,1
2026-01-09,APP-SKU-1016,Apparel,1
2026-01-10,APP-SKU-1016,Apparel,1
2026-01-11,APP-SKU-1016,Apparel,1
2026-01-12,APP-SKU-1016,Apparel,1
2026-01-13,APP-SKU-1016,Apparel,1
2026-01-14,APP-SKU-1016,Apparel,0
2026-01-15,APP-SKU-1016,Apparel,1
2026-01-16,APP-SKU-1016,Apparel,1
2026-01-17,APP-SKU-1016,Apparel,1
2026-01-18,APP-SKU-1016,Apparel,1
2026-01-19,APP-SKU-1016,Apparel,1
2026-01-20,APP-SKU-1016,Apparel,1
2026-01-21,APP-SKU-1016,Apparel,1
2026-01-22,APP-SKU-1016,Apparel,1
2026-01-23,APP-SKU-1016,Apparel,0
2026-01-24,APP-SKU-1016,Apparel,1
2026-01-25,APP-SKU-1016,Apparel,1
2026-01-26,APP-SKU-1016,Apparel,1
2026-01-27,APP-SKU-1016,Apparel,1
2026-01-28,APP-SKU-1016,Apparel,1
2026-01-29,APP-SKU-1016,Apparel,1
2026-01-30,APP-SKU-1016,Apparel,1
2026-01-31,APP-SKU-1016,Apparel,1
2026-02-01,APP-SKU-1016,Apparel,1
2026-02-02,APP-SKU-1016,Apparel,0
2026-02-03,APP-SKU-1016,Apparel,0
2026-02-04,APP-SKU-1016,Apparel,1
2026-02-05,APP-SKU-1016,Apparel,1
2026-02-06,APP-SKU-1016,Apparel,1
2026-02-07,APP-SKU-1016,Apparel,1
2026-02-08,APP-SKU-1016,Apparel,1
2026-02-09,APP-SKU-1016,Apparel,1
2026-02-10,APP-SKU-1016,Apparel,1
2026-02-11,APP-SKU-1016,Apparel,1
2026-02-12,APP-SKU-1016,Apparel,1
2026-02-13,APP-SKU-1016,Apparel,1
2026-02-14,APP-SKU-1016,Apparel,1
2026-02-15,APP-SKU-1016,Apparel,1
2026-02-16,APP-SKU-1016,Apparel,1
2026-02-17,APP-SKU-1016,Apparel,1
2026-02-18,APP-SKU-1016,Apparel,1
2026-02-19,APP-SKU-1016,Apparel,1
2026-02-20,APP-SKU-1016,Apparel,1
2026-02-21,APP-SKU-1016,Apparel,1
2026-02-22,APP-SKU-1016,Apparel,1
2026-02-23,APP-SKU-1016,Apparel,1
2026-02-24,APP-SKU-1016,Apparel,1
2026-02-25,APP-SKU-1016,Apparel,1
2026-02-26,APP-SKU-1016,Apparel,1
2026-02-27,APP-SKU-1016,Apparel,1
2025-09-01,HOM-SKU-1017,Home & Garden,26
2025-09-02,HOM-SKU-1017,Home & Garden,26
2025-09-03,HOM-SKU-1017,Home & Garden,34
2025-09-04,HOM-SKU-1017,Home & Garden,29
2025-09-05,HOM-SKU-1017,Home & Garden,23
2025-09-06,HOM-SKU-1017,Home & Garden,11
2025-09-07,HOM-SKU-1017,Home & Garden,0
2025-09-08,HOM-SKU-1017,Home & Garden,27
2025-09-09,HOM-SKU-1017,Home & Garden,31
2025-09-10,HOM-SKU-1017,Home & Garden,0
2025-09-11,HOM-SKU-1017,Home & Garden,24
2025-09-12,HOM-SKU-1017,Home & Garden,21
2025-09-13,HOM-SKU-1017,Home & Garden,17
2025-09-14,HOM-SKU-1017,Home & Garden,13
2025-09-15,HOM-SKU-1017,Home & Garden,21
2025-09-16,HOM-SKU-1017,Home & Garden,34
2025-09-17,HOM-SKU-1017,Home & Garden,35
2025-09-18,HOM-SKU-1017,Home & Garden,22
2025-09-19,HOM-SKU-1017,Home & Garden,15
2025-09-20,HOM-SKU-1017,Home & Garden,18
2025-09-21,HOM-SKU-1017,Home & Garden,12
2025-09-22,HOM-SKU-1017,Home & Garden,22
2025-09-23,HOM-SKU-1017,Home & Garden,29
2025-09-24,HOM-SKU-1017,Home & Garden,28
2025-09-25,HOM-SKU-1017,Home & Garden,22
2025-09-26,HOM-SKU-1017,Home & Garden,21
2025-09-27,HOM-SKU-1017,Home & Garden,15
2025-09-28,HOM-SKU-1017,Home & Garden,17
2025-09-29,HOM-SKU-1017,Home & Garden,20
2025-09-30,HOM-SKU-1017,Home & Garden,27
2025-10-01,HOM-SKU-1017,Home & Garden,29
2025-10-02,HOM-SKU-1017,Home & Garden,23
2025-10-03,HOM-SKU-1017,Home & Garden,13
2025-10-04,HOM-SKU-1017,Home & Garden,15
2025-10-05,HOM-SKU-1017,Home & Garden,18
2025-10-06,HOM-SKU-1017,Home & Garden,22
2025-10-07,HOM-SKU-1017,Home & Garden,31
2025-10-08,HOM-SKU-1017,Home & Garden,28
2025-10-09,HOM-SKU-1017,Home & Garden,24
2025-10-10,HOM-SKU-1017,Home & Garden,18
2025-10-11,HOM-SKU-1017,Home & Garden,0
2025-10-12,HOM-SKU-1017,Home & Garden,17
2025-10-13,HOM-SKU-1017,Home & Garden,28
2025-10-14,HOM-SKU-1017,Home & Garden,29
2025-10-15,HOM-SKU-1017,Home & Garden,0
2025-10-16,HOM-SKU-1017,Home & Garden,0
2025-10-17,HOM-SKU-1017,Home & Garden,21
2025-10-18,HOM-SKU-1017,Home & Garden,16
2025-10-19,HOM-SKU-1017,Home & Garden,21
2025-10-20,HOM-SKU-1017,Home & Garden,21
2025-10-21,HOM-SKU-1017,Home & Garden,28
2025-10-22,HOM-SKU-1017,Home & Garden,33
2025-10-23,HOM-SKU-1017,Home & Garden,20
2025-10-24,HOM-SKU-1017,Home & Garden,16
2025-10-25,HOM-SKU-1017,Home & Garden,12
2025-10-26,HOM-SKU-1017,Home & Garden,14
2025-10-27,HOM-SKU-1017,Home & Garden,29
2025-10-28,HOM-SKU-1017,Home & Garden,34
2025-10-29,HOM-SKU-1017,Home & Garden,27
2025-10-30,HOM-SKU-1017,Home & Garden,23
2025-10-31,HOM-SKU-1017,Home & Garden,12
2025-11-01,HOM-SKU-1017,Home & Garden,13
2025-11-02,HOM-SKU-1017,Home & Garden,14
2025-11-03,HOM-SKU-1017,Home & Garden,27
2025-11-04,HOM-SKU-1017,Home & Garden,31
2025-11-05,HOM-SKU-1017,Home & Garden,29
2025-11-06,HOM-SKU-1017,Home & Garden,21
2025-11-07,HOM-SKU-1017,Home & Garden,17
2025-11-08,HOM-SKU-1017,Home & Garden,17
2025-11-09,HOM-SKU-1017,Home & Garden,15
2025-11-10,HOM-SKU-1017,Home & Garden,24
2025-11-11,HOM-SKU-1017,Home & Garden,34
2025-11-12,HOM-SKU-1017,Home & Garden,32
2025-11-13,HOM-SKU-1017,Home & Garden,25
2025-11-14,HOM-SKU-1017,Home & Garden,20
2025-11-15,HOM-SKU-1017,Home & Garden,13
2025-11-16,HOM-SKU-1017,Home & Garden,19
2025-11-17,HOM-SKU-1017,Home & Garden,28
2025-11-18,HOM-SKU-1017,Home & Garden,31
2025-11-19,HOM-SKU-1017,Home & Garden,28
2025-11-20,HOM-SKU-1017,Home & Garden,0
2025-11-21,HOM-SKU-1017,Home & Garden,19
2025-11-22,HOM-SKU-1017,Home & Garden,9
2025-11-23,HOM-SKU-1017,Home & Garden,18
2025-11-24,HOM-SKU-1017,Home & Garden,27
2025-11-25,HOM-SKU-1017,Home & Garden,28
2025-11-26,HOM-SKU-1017,Home & Garden,28
2025-11-27,HOM-SKU-1017,Home & Garden,18
2025-11-28,HOM-SKU-1017,Home & Garden,14
2025-11-29,HOM-SKU-1017,Home & Garden,17
2025-11-30,HOM-SKU-1017,Home & Garden,20
2025-12-01,HOM-SKU-1017,Home & Garden,30
2025-12-02,HOM-SKU-1017,Home & Garden,34
2025-12-03,HOM-SKU-1017,Home & Garden,30
2025-12-04,HOM-SKU-1017,Home & Garden,20
2025-12-05,HOM-SKU-1017,Home & Garden,14
2025-12-06,HOM-SKU-1017,Home & Garden,13
2025-12-07,HOM-SKU-1017,Home & Garden,15
2025-12-08,HOM-SKU-1017,Home & Garden,26
2025-12-09,HOM-SKU-1017,Home & Garden,29
2025-12-10,HOM-SKU-1017,Home & Garden,29
2025-12-11,HOM-SKU-1017,Home & Garden,17
2025-12-12,HOM-SKU-1017,Home & Garden,18
2025-12-13,HOM-SKU-1017,Home & Garden,13
2025-12-14,HOM-SKU-1017,Home & Garden,17
2025-12-15,HOM-SKU-1017,Home & Garden,30
2025-12-16,HOM-SKU-1017,Home & Garden,34
2025-12-17,HOM-SKU-1017,Home & Garden,29
2025-12-18,HOM-SKU-1017,Home & Garden,19
2025-12-19,HOM-SKU-1017,Home & Garden,17
2025-12-20,HOM-SKU-1017,Home & Garden,14
2025-12-21,HOM-SKU-1017,Home & Garden,18
2025-12-22,HOM-SKU-1017,Home & Garden,24
2025-12-23,HOM-SKU-1017,Home & Garden,28
2025-12-24,HOM-SKU-1017,Home & Garden,0
2025-12-25,HOM-SKU-1017,Home & Garden,22
2025-12-26,HOM-SKU-1017,Home & Garden,0
2025-12-27,HOM-SKU-1017,Home & Garden,12
2025-12-28,HOM-SKU-1017,Home & Garden,16
2025-12-29,HOM-SKU-1017,Home & Garden,25
2025-12-30,HOM-SKU-1017,Home & Garden,0
2025-12-31,HOM-SKU-1017,Home & Garden,29
2026-01-01,HOM-SKU-1017,Home & Garden,24
2026-01-02,HOM-SKU-1017,Home & Garden,15
2026-01-03,HOM-SKU-1017,Home & Garden,11
2026-01-04,HOM-SKU-1017,Home & Garden,22
2026-01-05,HOM-SKU-1017,Home & Garden,25
2026-01-06,HOM-SKU-1017,Home & Garden,32
2026-01-07,HOM-SKU-1017,Home & Garden,28
2026-01-08,HOM-SKU-1017,Home & Garden,22
2026-01-09,HOM-SKU-1017,Home & Garden,18
2026-01-10,HOM-SKU-1017,Home & Garden,17
2026-01-11,HOM-SKU-1017,Home & Garden,18
2026-01-12,HOM-SKU-1017,Home & Garden,25
2026-01-13,HOM-SKU-1017,Home & Garden,33
2026-01-14,HOM-SKU-1017,Home & Garden,28
2026-01-15,HOM-SKU-1017,Home & Garden,16
2026-01-16,HOM-SKU-1017,Home & Garden,18
2026-01-17,HOM-SKU-1017,Home & Garden,13
2026-01-18,HOM-SKU-1017,Home & Garden,24
2026-01-19,HOM-SKU-1017,Home & Garden,26
2026-01-20,HOM-SKU-1017,Home & Garden,28
2026-01-21,HOM-SKU-1017,Home & Garden,30
2026-01-22,HOM-SKU-1017,Home & Garden,19
2026-01-23,HOM-SKU-1017,Home & Garden,11
2026-01-24,HOM-SKU-1017,Home & Garden,18
2026-01-25,HOM-SKU-1017,Home & Garden,21
2026-01-26,HOM-SKU-1017,Home & Garden,26
2026-01-27,HOM-SKU-1017,Home & Garden,30
2026-01-28,HOM-SKU-1017,Home & Garden,28
2026-01-29,HOM-SKU-1017,Home & Garden,16
2026-01-30,HOM-SKU-1017,Home & Garden,0
2026-01-31,HOM-SKU-1017,Home & Garden,16
2026-02-01,HOM-SKU-1017,Home & Garden,18
2026-02-02,HOM-SKU-1017,Home & Garden,27
2026-02-03,HOM-SKU-1017,Home & Garden,28
2026-02-04,HOM-SKU-1017,Home & Garden,25
2026-02-05,HOM-SKU-1017,Home & Garden,18
2026-02-06,HOM-SKU-1017,Home & Garden,16
2026-02-07,HOM-SKU-1017,Home & Garden,0
2026-02-08,HOM-SKU-1017,Home & Garden,19
2026-02-09,HOM-SKU-1017,Home & Garden,28
2026-02-10,HOM-SKU-1017,Home & Garden,30
2026-02-11,HOM-SKU-1017,Home & Garden,0
2026-02-12,HOM-SKU-1017,Home & Garden,14
2026-02-13,HOM-SKU-1017,Home & Garden,10
2026-02-14,HOM-SKU-1017,Home & Garden,0
2026-02-15,HOM-SKU-1017,Home & Garden,0
2026-02-16,HOM-SKU-1017,Home & Garden,32
2026-02-17,HOM-SKU-1017,Home & Garden,34
2026-02-18,HOM-SKU-1017,Home & Garden,27
2026-02-19,HOM-SKU-1017,Home & Garden,16
2026-02-20,HOM-SKU-1017,Home & Garden,12
2026-02-21,HOM-SKU-1017,Home & Garden,0
2026-02-22,HOM-SKU-1017,Home & Garden,23
2026-02-23,HOM-SKU-1017,Home & Garden,32
2026-02-24,HOM-SKU-1017,Home & Garden,32
2026-02-25,HOM-SKU-1017,Home & Garden,23
2026-02-26,HOM-SKU-1017,Home & Garden,20
2026-02-27,HOM-SKU-1017,Home & Garden,16
2025-09-01,SPO-SKU-1018,Sports & Outdoors,12
2025-09-02,SPO-SKU-1018,Sports & Outdoors,10
2025-09-03,SPO-SKU-1018,Sports & Outdoors,11
2025-09-04,SPO-SKU-1018,Sports & Outdoors,9
2025-09-05,SPO-SKU-1018,Sports & Outdoors,7
2025-09-06,SPO-SKU-1018,Sports & Outdoors,0
2025-09-07,SPO-SKU-1018,Sports & Outdoors,6
2025-09-08,SPO-SKU-1018,Sports & Outdoors,10
2025-09-09,SPO-SKU-1018,Sports & Outdoors,13
2025-09-10,SPO-SKU-1018,Sports & Outdoors,0
2025-09-11,SPO-SKU-1018,Sports & Outdoors,0
2025-09-12,SPO-SKU-1018,Sports & Outdoors,10
2025-09-13,SPO-SKU-1018,Sports & Outdoors,7
2025-09-14,SPO-SKU-1018,Sports & Outdoors,9
2025-09-15,SPO-SKU-1018,Sports & Outdoors,11
2025-09-16,SPO-SKU-1018,Sports & Outdoors,12
2025-09-17,SPO-SKU-1018,Sports & Outdoors,10
2025-09-18,SPO-SKU-1018,Sports & Outdoors,8
2025-09-19,SPO-SKU-1018,Sports & Outdoors,0
2025-09-20,SPO-SKU-1018,Sports & Outdoors,8
2025-09-21,SPO-SKU-1018,Sports & Outdoors,8
2025-09-22,SPO-SKU-1018,Sports & Outdoors,9
2025-09-23,SPO-SKU-1018,Sports & Outdoors,10
2025-09-24,SPO-SKU-1018,Sports & Outdoors,12
2025-09-25,SPO-SKU-1018,Sports & Outdoors,0
2025-09-26,SPO-SKU-1018,Sports & Outdoors,6
2025-09-27,SPO-SKU-1018,Sports & Outdoors,6
2025-09-28,SPO-SKU-1018,Sports & Outdoors,7
2025-09-29,SPO-SKU-1018,Sports & Outdoors,7
2025-09-30,SPO-SKU-1018,Sports & Outdoors,14
2025-10-01,SPO-SKU-1018,Sports & Outdoors,13
2025-10-02,SPO-SKU-1018,Sports & Outdoors,9
2025-10-03,SPO-SKU-1018,Sports & Outdoors,5
2025-10-04,SPO-SKU-1018,Sports & Outdoors,4
2025-10-05,SPO-SKU-1018,Sports & Outdoors,9
2025-10-06,SPO-SKU-1018,Sports & Outdoors,8
2025-10-07,SPO-SKU-1018,Sports & Outdoors,10
2025-10-08,SPO-SKU-1018,Sports & Outdoors,14
2025-10-09,SPO-SKU-1018,Sports & Outdoors,8
2025-10-10,SPO-SKU-1018,Sports & Outdoors,5
2025-10-11,SPO-SKU-1018,Sports & Outdoors,6
2025-10-12,SPO-SKU-1018,Sports & Outdoors,9
2025-10-13,SPO-SKU-1018,Sports & Outdoors,10
2025-10-14,SPO-SKU-1018,Sports & Outdoors,12
2025-10-15,SPO-SKU-1018,Sports & Outdoors,14
2025-10-16,SPO-SKU-1018,Sports & Outdoors,7
2025-10-17,SPO-SKU-1018,Sports & Outdoors,6
2025-10-18,SPO-SKU-1018,Sports & Outdoors,5
2025-10-19,SPO-SKU-1018,Sports & Outdoors,6
2025-10-20,SPO-SKU-1018,Sports & Outdoors,10
2025-10-21,SPO-SKU-1018,Sports & Outdoors,10
2025-10-22,SPO-SKU-1018,Sports & Outdoors,12
2025-10-23,SPO-SKU-1018,Sports & Outdoors,8
2025-10-24,SPO-SKU-1018,Sports & Outdoors,4
2025-10-25,SPO-SKU-1018,Sports & Outdoors,4
2025-10-26,SPO-SKU-1018,Sports & Outdoors,8
2025-10-27,SPO-SKU-1018,Sports & Outdoors,10
2025-10-28,SPO-SKU-1018,Sports & Outdoors,14
2025-10-29,SPO-SKU-1018,Sports & Outdoors,12
2025-10-30,SPO-SKU-1018,Sports & Outdoors,11
2025-10-31,SPO-SKU-1018,Sports & Outdoors,5
2025-11-01,SPO-SKU-1018,Sports & Outdoors,6
2025-11-02,SPO-SKU-1018,Sports & Outdoors,7
2025-11-03,SPO-SKU-1018,Sports & Outdoors,8
2025-11-04,SPO-SKU-1018,Sports & Outdoors,11
2025-11-05,SPO-SKU-1018,Sports & Outdoors,0
2025-11-06,SPO-SKU-1018,Sports & Outdoors,9
2025-11-07,SPO-SKU-1018,Sports & Outdoors,0
2025-11-08,SPO-SKU-1018,Sports & Outdoors,4
2025-11-09,SPO-SKU-1018,Sports & Outdoors,7
2025-11-10,SPO-SKU-1018,Sports & Outdoors,7
2025-11-11,SPO-SKU-1018,Sports & Outdoors,11
2025-11-12,SPO-SKU-1018,Sports & Outdoors,9
2025-11-13,SPO-SKU-1018,Sports & Outdoors,9
2025-11-14,SPO-SKU-1018,Sports & Outdoors,8
2025-11-15,SPO-SKU-1018,Sports & Outdoors,6
2025-11-16,SPO-SKU-1018,Sports & Outdoors,7
2025-11-17,SPO-SKU-1018,Sports & Outdoors,7
2025-11-18,SPO-SKU-1018,Sports & Outdoors,12
2025-11-19,SPO-SKU-1018,Sports & Outdoors,11
2025-11-20,SPO-SKU-1018,Sports & Outdoors,0
2025-11-21,SPO-SKU-1018,Sports & Outdoors,6
2025-11-22,SPO-SKU-1018,Sports & Outdoors,4
2025-11-23,SPO-SKU-1018,Sports & Outdoors,0
2025-11-24,SPO-SKU-1018,Sports & Outdoors,7
2025-11-25,SPO-SKU-1018,Sports & Outdoors,11
2025-11-26,SPO-SKU-1018,Sports & Outdoors,13
2025-11-27,SPO-SKU-1018,Sports & Outdoors,9
2025-11-28,SPO-SKU-1018,Sports & Outdoors,6
2025-11-29,SPO-SKU-1018,Sports & Outdoors,4
2025-11-30,SPO-SKU-1018,Sports & Outdoors,8
2025-12-01,SPO-SKU-1018,Sports & Outdoors,9
2025-12-02,SPO-SKU-1018,Sports & Outdoors,12
2025-12-03,SPO-SKU-1018,Sports & Outdoors,10
2025-12-04,SPO-SKU-1018,Sports & Outdoors,6
2025-12-05,SPO-SKU-1018,Sports & Outdoors,3
2025-12-06,SPO-SKU-1018,Sports & Outdoors,3
2025-12-07,SPO-SKU-1018,Sports & Outdoors,8
2025-12-08,SPO-SKU-1018,Sports & Outdoors,8
2025-12-09,SPO-SKU-1018,Sports & Outdoors,11
2025-12-10,SPO-SKU-1018,Sports & Outdoors,12
2025-12-11,SPO-SKU-1018,Sports & Outdoors,7
2025-12-12,SPO-SKU-1018,Sports & Outdoors,7
2025-12-13,SPO-SKU-1018,Sports & Outdoors,5
2025-12-14,SPO-SKU-1018,Sports & Outdoors,5
2025-12-15,SPO-SKU-1018,Sports & Outdoors,7
2025-12-16,SPO-SKU-1018,Sports & Outdoors,13
2025-12-17,SPO-SKU-1018,Sports & Outdoors,10
2025-12-18,SPO-SKU-1018,Sports & Outdoors,7
2025-12-19,SPO-SKU-1018,Sports & Outdoors,4
2025-12-20,SPO-SKU-1018,Sports & Outdoors,4
2025-12-21,SPO-SKU-1018,Sports & Outdoors,5
2025-12-22,SPO-SKU-1018,Sports & Outdoors,10
2025-12-23,SPO-SKU-1018,Sports & Outdoors,9
2025-12-24,SPO-SKU-1018,Sports & Outdoors,12
2025-12-25,SPO-SKU-1018,Sports & Outdoors,8
2025-12-26,SPO-SKU-1018,Sports & Outdoors,5
2025-12-27,SPO-SKU-1018,Sports & Outdoors,5
2025-12-28,SPO-SKU-1018,Sports & Outdoors,5
2025-12-29,SPO-SKU-1018,Sports & Outdoors,11
2025-12-30,SPO-SKU-1018,Sports & Outdoors,9
2025-12-31,SPO-SKU-1018,Sports & Outdoors,0
2026-01-01,SPO-SKU-1018,Sports & Outdoors,8
2026-01-02,SPO-SKU-1018,Sports & Outdoors,2
2026-01-03,SPO-SKU-1018,Sports & Outdoors,3
2026-01-04,SPO-SKU-1018,Sports & Outdoors,6
2026-01-05,SPO-SKU-1018,Sports & Outdoors,11
2026-01-06,SPO-SKU-1018,Sports & Outdoors,8
2026-01-07,SPO-SKU-1018,Sports & Outdoors,9
2026-01-08,SPO-SKU-1018,Sports & Outdoors,5
2026-01-09,SPO-SKU-1018,Sports & Outdoors,4
2026-01-10,SPO-SKU-1018,Sports & Outdoors,5
2026-01-11,SPO-SKU-1018,Sports & Outdoors,4
2026-01-12,SPO-SKU-1018,Sports & Outdoors,0
2026-01-13,SPO-SKU-1018,Sports & Outdoors,11
2026-01-14,SPO-SKU-1018,Sports & Outdoors,8
2026-01-15,SPO-SKU-1018,Sports & Outdoors,8
2026-01-16,SPO-SKU-1018,Sports & Outdoors,2
2026-01-17,SPO-SKU-1018,Sports & Outdoors,6
2026-01-18,SPO-SKU-1018,Sports & Outdoors,5
2026-01-19,SPO-SKU-1018,Sports & Outdoors,10
2026-01-20,SPO-SKU-1018,Sports & Outdoors,12
2026-01-21,SPO-SKU-1018,Sports & Outdoors,10
2026-01-22,SPO-SKU-1018,Sports & Outdoors,5
2026-01-23,SPO-SKU-1018,Sports & Outdoors,0
2026-01-24,SPO-SKU-1018,Sports & Outdoors,5
2026-01-25,SPO-SKU-1018,Sports & Outdoors,6
2026-01-26,SPO-SKU-1018,Sports & Outdoors,9
2026-01-27,SPO-SKU-1018,Sports & Outdoors,9
2026-01-28,SPO-SKU-1018,Sports & Outdoors,11
2026-01-29,SPO-SKU-1018,Sports & Outdoors,0
2026-01-30,SPO-SKU-1018,Sports & Outdoors,0
2026-01-31,SPO-SKU-1018,Sports & Outdoors,6
2026-02-01,SPO-SKU-1018,Sports & Outdoors,8
2026-02-02,SPO-SKU-1018,Sports & Outdoors,7
2026-02-03,SPO-SKU-1018,Sports & Outdoors,9
2026-02-04,SPO-SKU-1018,Sports & Outdoors,6
2026-02-05,SPO-SKU-1018,Sports & Outdoors,5
2026-02-06,SPO-SKU-1018,Sports & Outdoors,5
2026-02-07,SPO-SKU-1018,Sports & Outdoors,1
2026-02-08,SPO-SKU-1018,Sports & Outdoors,5
2026-02-09,SPO-SKU-1018,Sports & Outdoors,8
2026-02-10,SPO-SKU-1018,Sports & Outdoors,11
2026-02-11,SPO-SKU-1018,Sports & Outdoors,0
2026-02-12,SPO-SKU-1018,Sports & Outdoors,0
2026-02-13,SPO-SKU-1018,Sports & Outdoors,3
2026-02-14,SPO-SKU-1018,Sports & Outdoors,2
2026-02-15,SPO-SKU-1018,Sports & Outdoors,8
2026-02-16,SPO-SKU-1018,Sports & Outdoors,10
2026-02-17,SPO-SKU-1018,Sports & Outdoors,9
2026-02-18,SPO-SKU-1018,Sports & Outdoors,0
2026-02-19,SPO-SKU-1018,Sports & Outdoors,4
2026-02-20,SPO-SKU-1018,Sports & Outdoors,5
2026-02-21,SPO-SKU-1018,Sports & Outdoors,5
2026-02-22,SPO-SKU-1018,Sports & Outdoors,6
2026-02-23,SPO-SKU-1018,Sports & Outdoors,7
2026-02-24,SPO-SKU-1018,Sports & Outdoors,0
2026-02-25,SPO-SKU-1018,Sports & Outdoors,10
2026-02-26,SPO-SKU-1018,Sports & Outdoors,5
2026-02-27,SPO-SKU-1018,Sports & Outdoors,1
2025-09-01,HOM-SKU-1019,Home & Garden,29
2025-09-02,HOM-SKU-1019,Home & Garden,44
2025-09-03,HOM-SKU-1019,Home & Garden,46
2025-09-04,HOM-SKU-1019,Home & Garden,36
2025-09-05,HOM-SKU-1019,Home & Garden,18
2025-09-06,HOM-SKU-1019,Home & Garden,22
2025-09-07,HOM-SKU-1019,Home & Garden,26
2025-09-08,HOM-SKU-1019,Home & Garden,32
2025-09-09,HOM-SKU-1019,Home & Garden,38
2025-09-10,HOM-SKU-1019,Home & Garden,44
2025-09-11,HOM-SKU-1019,Home & Garden,38
2025-09-12,HOM-SKU-1019,Home & Garden,30
2025-09-13,HOM-SKU-1019,Home & Garden,17
2025-09-14,HOM-SKU-1019,Home & Garden,17
2025-09-15,HOM-SKU-1019,Home & Garden,29
2025-09-16,HOM-SKU-1019,Home & Garden,39
2025-09-17,HOM-SKU-1019,Home & Garden,46
2025-09-18,HOM-SKU-1019,Home & Garden,35
2025-09-19,HOM-SKU-1019,Home & Garden,29
2025-09-20,HOM-SKU-1019,Home & Garden,23
2025-09-21,HOM-SKU-1019,Home & Garden,20
2025-09-22,HOM-SKU-1019,Home & Garden,29
2025-09-23,HOM-SKU-1019,Home & Garden,0
2025-09-24,HOM-SKU-1019,Home & Garden,41
2025-09-25,HOM-SKU-1019,Home & Garden,32
2025-09-26,HOM-SKU-1019,Home & Garden,23
2025-09-27,HOM-SKU-1019,Home & Garden,24
2025-09-28,HOM-SKU-1019,Home & Garden,26
2025-09-29,HOM-SKU-1019,Home & Garden,29
2025-09-30,HOM-SKU-1019,Home & Garden,51
2025-10-01,HOM-SKU-1019,Home & Garden,45
2025-10-02,HOM-SKU-1019,Home & Garden,38
2025-10-03,HOM-SKU-1019,Home & Garden,22
2025-10-04,HOM-SKU-1019,Home & Garden,0
2025-10-05,HOM-SKU-1019,Home & Garden,31
2025-10-06,HOM-SKU-1019,Home & Garden,39
2025-10-07,HOM-SKU-1019,Home & Garden,0
2025-10-08,HOM-SKU-1019,Home & Garden,53
2025-10-09,HOM-SKU-1019,Home & Garden,44
2025-10-10,HOM-SKU-1019,Home & Garden,25
2025-10-11,HOM-SKU-1019,Home & Garden,23
2025-10-12,HOM-SKU-1019,Home & Garden,22
2025-10-13,HOM-SKU-1019,Home & Garden,40
2025-10-14,HOM-SKU-1019,Home & Garden,47
2025-10-15,HOM-SKU-1019,Home & Garden,42
2025-10-16,HOM-SKU-1019,Home & Garden,39
2025-10-17,HOM-SKU-1019,Home & Garden,33
2025-10-18,HOM-SKU-1019,Home & Garden,22
2025-10-19,HOM-SKU-1019,Home & Garden,33
2025-10-20,HOM-SKU-1019,Home & Garden,0
2025-10-21,HOM-SKU-1019,Home & Garden,51
2025-10-22,HOM-SKU-1019,Home & Garden,48
2025-10-23,HOM-SKU-1019,Home & Garden,33
2025-10-24,HOM-SKU-1019,Home & Garden,27
2025-10-25,HOM-SKU-1019,Home & Garden,23
2025-10-26,HOM-SKU-1019,Home & Garden,24
2025-10-27,HOM-SKU-1019,Home & Garden,41
2025-10-28,HOM-SKU-1019,Home & Garden,44
2025-10-29,HOM-SKU-1019,Home & Garden,49
2025-10-30,HOM-SKU-1019,Home & Garden,39
2025-10-31,HOM-SKU-1019,Home & Garden,24
2025-11-01,HOM-SKU-1019,Home & Garden,23
2025-11-02,HOM-SKU-1019,Home & Garden,0
2025-11-03,HOM-SKU-1019,Home & Garden,46
2025-11-04,HOM-SKU-1019,Home & Garden,51
2025-11-05,HOM-SKU-1019,Home & Garden,0
2025-11-06,HOM-SKU-1019,Home & Garden,38
2025-11-07,HOM-SKU-1019,Home & Garden,25
2025-11-08,HOM-SKU-1019,Home & Garden,24
2025-11-09,HOM-SKU-1019,Home & Garden,34
2025-11-10,HOM-SKU-1019,Home & Garden,46
2025-11-11,HOM-SKU-1019,Home & Garden,46
2025-11-12,HOM-SKU-1019,Home & Garden,55
2025-11-13,HOM-SKU-1019,Home & Garden,40
2025-11-14,HOM-SKU-1019,Home & Garden,26
2025-11-15,HOM-SKU-1019,Home & Garden,33
2025-11-16,HOM-SKU-1019,Home & Garden,29
2025-11-17,HOM-SKU-1019,Home & Garden,44
2025-11-18,HOM-SKU-1019,Home & Garden,59
2025-11-19,HOM-SKU-1019,Home & Garden,55
2025-11-20,HOM-SKU-1019,Home & Garden,46
2025-11-21,HOM-SKU-1019,Home & Garden,30
2025-11-22,HOM-SKU-1019,Home & Garden,34
2025-11-23,HOM-SKU-1019,Home & Garden,31
2025-11-24,HOM-SKU-1019,Home & Garden,46
2025-11-25,HOM-SKU-1019,Home & Garden,53
2025-11-26,HOM-SKU-1019,Home & Garden,54
2025-11-27,HOM-SKU-1019,Home & Garden,48
2025-11-28,HOM-SKU-1019,Home & Garden,0
2025-11-29,HOM-SKU-1019,Home & Garden,35
2025-11-30,HOM-SKU-1019,Home & Garden,36
2025-12-01,HOM-SKU-1019,Home & Garden,53
2025-12-02,HOM-SKU-1019,Home & Garden,53
2025-12-03,HOM-SKU-1019,Home & Garden,55
2025-12-04,HOM-SKU-1019,Home & Garden,43
2025-12-05,HOM-SKU-1019,Home & Garden,30
2025-12-06,HOM-SKU-1019,Home & Garden,34
2025-12-07,HOM-SKU-1019,Home & Garden,0
2025-12-08,HOM-SKU-1019,Home & Garden,47
2025-12-09,HOM-SKU-1019,Home & Garden,53
2025-12-10,HOM-SKU-1019,Home & Garden,58
2025-12-11,HOM-SKU-1019,Home & Garden,43
2025-12-12,HOM-SKU-1019,Home & Garden,27
2025-12-13,HOM-SKU-1019,Home & Garden,30
2025-12-14,HOM-SKU-1019,Home & Garden,40
2025-12-15,HOM-SKU-1019,Home & Garden,50
2025-12-16,HOM-SKU-1019,Home & Garden,57
2025-12-17,HOM-SKU-1019,Home & Garden,49
2025-12-18,HOM-SKU-1019,Home & Garden,49
2025-12-19,HOM-SKU-1019,Home & Garden,36
2025-12-20,HOM-SKU-1019,Home & Garden,27
2025-12-21,HOM-SKU-1019,Home & Garden,42
2025-12-22,HOM-SKU-1019,Home & Garden,47
2025-12-23,HOM-SKU-1019,Home & Garden,57
2025-12-24,HOM-SKU-1019,Home & Garden,55
2025-12-25,HOM-SKU-1019,Home & Garden,41
2025-12-26,HOM-SKU-1019,Home & Garden,34
2025-12-27,HOM-SKU-1019,Home & Garden,30
2025-12-28,HOM-SKU-1019,Home & Garden,47
2025-12-29,HOM-SKU-1019,Home & Garden,48
2025-12-30,HOM-SKU-1019,Home & Garden,60
2025-12-31,HOM-SKU-1019,Home & Garden,58
2026-01-01,HOM-SKU-1019,Home & Garden,50
2026-01-02,HOM-SKU-1019,Home & Garden,39
2026-01-03,HOM-SKU-1019,Home & Garden,31
2026-01-04,HOM-SKU-1019,Home & Garden,45
2026-01-05,HOM-SKU-1019,Home & Garden,60
2026-01-06,HOM-SKU-1019,Home & Garden,61
2026-01-07,HOM-SKU-1019,Home & Garden,56
2026-01-08,HOM-SKU-1019,Home & Garden,42
2026-01-09,HOM-SKU-1019,Home & Garden,30
2026-01-10,HOM-SKU-1019,Home & Garden,37
2026-01-11,HOM-SKU-1019,Home & Garden,48
2026-01-12,HOM-SKU-1019,Home & Garden,0
2026-01-13,HOM-SKU-1019,Home & Garden,56
2026-01-14,HOM-SKU-1019,Home & Garden,54
2026-01-15,HOM-SKU-1019,Home & Garden,51
2026-01-16,HOM-SKU-1019,Home & Garden,40
2026-01-17,HOM-SKU-1019,Home & Garden,36
2026-01-18,HOM-SKU-1019,Home & Garden,43
2026-01-19,HOM-SKU-1019,Home & Garden,53
2026-01-20,HOM-SKU-1019,Home & Garden,68
2026-01-21,HOM-SKU-1019,Home & Garden,52
2026-01-22,HOM-SKU-1019,Home & Garden,52
2026-01-23,HOM-SKU-1019,Home & Garden,37
2026-01-24,HOM-SKU-1019,Home & Garden,33
2026-01-25,HOM-SKU-1019,Home & Garden,47
2026-01-26,HOM-SKU-1019,Home & Garden,62
2026-01-27,HOM-SKU-1019,Home & Garden,57
2026-01-28,HOM-SKU-1019,Home & Garden,58
2026-01-29,HOM-SKU-1019,Home & Garden,51
2026-01-30,HOM-SKU-1019,Home & Garden,44
2026-01-31,HOM-SKU-1019,Home & Garden,33
2026-02-01,HOM-SKU-1019,Home & Garden,53
2026-02-02,HOM-SKU-1019,Home & Garden,56
2026-02-03,HOM-SKU-1019,Home & Garden,63
2026-02-04,HOM-SKU-1019,Home & Garden,59
2026-02-05,HOM-SKU-1019,Home & Garden,43
2026-02-06,HOM-SKU-1019,Home & Garden,34
2026-02-07,HOM-SKU-1019,Home & Garden,42
2026-02-08,HOM-SKU-1019,Home & Garden,54
2026-02-09,HOM-SKU-1019,Home & Garden,59
2026-02-10,HOM-SKU-1019,Home & Garden,0
2026-02-11,HOM-SKU-1019,Home & Garden,0
2026-02-12,HOM-SKU-1019,Home & Garden,51
2026-02-13,HOM-SKU-1019,Home & Garden,45
2026-02-14,HOM-SKU-1019,Home & Garden,45
2026-02-15,HOM-SKU-1019,Home & Garden,54
2026-02-16,HOM-SKU-1019,Home & Garden,57
2026-02-17,HOM-SKU-1019,Home & Garden,72
2026-02-18,HOM-SKU-1019,Home & Garden,60
2026-02-19,HOM-SKU-1019,Home & Garden,47
2026-02-20,HOM-SKU-1019,Home & Garden,47
2026-02-21,HOM-SKU-1019,Home & Garden,48
2026-02-22,HOM-SKU-1019,Home & Garden,58
2026-02-23,HOM-SKU-1019,Home & Garden,69
2026-02-24,HOM-SKU-1019,Home & Garden,65
2026-02-25,HOM-SKU-1019,Home & Garden,63
2026-02-26,HOM-SKU-1019,Home & Garden,46
2026-02-27,HOM-SKU-1019,Home & Garden,0
2025-09-01,SPO-SKU-1020,Sports & Outdoors,0
2025-09-02,SPO-SKU-1020,Sports & Outdoors,41
2025-09-03,SPO-SKU-1020,Sports & Outdoors,51
2025-09-04,SPO-SKU-1020,Sports & Outdoors,48
2025-09-05,SPO-SKU-1020,Sports & Outdoors,26
2025-09-06,SPO-SKU-1020,Sports & Outdoors,19
2025-09-07,SPO-SKU-1020,Sports & Outdoors,21
2025-09-08,SPO-SKU-1020,Sports & Outdoors,40
2025-09-09,SPO-SKU-1020,Sports & Outdoors,55
2025-09-10,SPO-SKU-1020,Sports & Outdoors,47
2025-09-11,SPO-SKU-1020,Sports & Outdoors,48
2025-09-12,SPO-SKU-1020,Sports & Outdoors,33
2025-09-13,SPO-SKU-1020,Sports & Outdoors,29
2025-09-14,SPO-SKU-1020,Sports & Outdoors,31
2025-09-15,SPO-SKU-1020,Sports & Outdoors,32
2025-09-16,SPO-SKU-1020,Sports & Outdoors,55
2025-09-17,SPO-SKU-1020,Sports & Outdoors,51
2025-09-18,SPO-SKU-1020,Sports & Outdoors,44
2025-09-19,SPO-SKU-1020,Sports & Outdoors,27
2025-09-20,SPO-SKU-1020,Sports & Outdoors,22
2025-09-21,SPO-SKU-1020,Sports & Outdoors,32
2025-09-22,SPO-SKU-1020,Sports & Outdoors,39
2025-09-23,SPO-SKU-1020,Sports & Outdoors,55
2025-09-24,SPO-SKU-1020,Sports & Outdoors,45
2025-09-25,SPO-SKU-1020,Sports & Outdoors,45
2025-09-26,SPO-SKU-1020,Sports & Outdoors,28
2025-09-27,SPO-SKU-1020,Sports & Outdoors,22
2025-09-28,SPO-SKU-1020,Sports & Outdoors,28
2025-09-29,SPO-SKU-1020,Sports & Outdoors,0
2025-09-30,SPO-SKU-1020,Sports & Outdoors,54
2025-10-01,SPO-SKU-1020,Sports & Outdoors,53
2025-10-02,SPO-SKU-1020,Sports & Outdoors,38
2025-10-03,SPO-SKU-1020,Sports & Outdoors,0
2025-10-04,SPO-SKU-1020,Sports & Outdoors,24
2025-10-05,SPO-SKU-1020,Sports & Outdoors,36
2025-10-06,SPO-SKU-1020,Sports & Outdoors,47
2025-10-07,SPO-SKU-1020,Sports & Outdoors,50
2025-10-08,SPO-SKU-1020,Sports & Outdoors,58
2025-10-09,SPO-SKU-1020,Sports & Outdoors,49
2025-10-10,SPO-SKU-1020,Sports & Outdoors,26
2025-10-11,SPO-SKU-1020,Sports & Outdoors,0
2025-10-12,SPO-SKU-1020,Sports & Outdoors,25
2025-10-13,SPO-SKU-1020,Sports & Outdoors,42
2025-10-14,SPO-SKU-1020,Sports & Outdoors,45
2025-10-15,SPO-SKU-1020,Sports & Outdoors,0
2025-10-16,SPO-SKU-1020,Sports & Outdoors,40
2025-10-17,SPO-SKU-1020,Sports & Outdoors,25
2025-10-18,SPO-SKU-1020,Sports & Outdoors,0
2025-10-19,SPO-SKU-1020,Sports & Outdoors,0
2025-10-20,SPO-SKU-1020,Sports & Outdoors,42
2025-10-21,SPO-SKU-1020,Sports & Outdoors,49
2025-10-22,SPO-SKU-1020,Sports & Outdoors,54
2025-10-23,SPO-SKU-1020,Sports & Outdoors,39
2025-10-24,SPO-SKU-1020,Sports & Outdoors,36
2025-10-25,SPO-SKU-1020,Sports & Outdoors,26
2025-10-26,SPO-SKU-1020,Sports & Outdoors,0
2025-10-27,SPO-SKU-1020,Sports & Outdoors,42
2025-10-28,SPO-SKU-1020,Sports & Outdoors,51
2025-10-29,SPO-SKU-1020,Sports & Outdoors,53
2025-10-30,SPO-SKU-1020,Sports & Outdoors,49
2025-10-31,SPO-SKU-1020,Sports & Outdoors,39
2025-11-01,SPO-SKU-1020,Sports & Outdoors,29
2025-11-02,SPO-SKU-1020,Sports & Outdoors,37
2025-11-03,SPO-SKU-1020,Sports & Outdoors,45
2025-11-04,SPO-SKU-1020,Sports & Outdoors,51
2025-11-05,SPO-SKU-1020,Sports & Outdoors,46
2025-11-06,SPO-SKU-1020,Sports & Outdoors,50
2025-11-07,SPO-SKU-1020,Sports & Outdoors,34
2025-11-08,SPO-SKU-1020,Sports & Outdoors,31
2025-11-09,SPO-SKU-1020,Sports & Outdoors,29
2025-11-10,SPO-SKU-1020,Sports & Outdoors,54
2025-11-11,SPO-SKU-1020,Sports & Outdoors,50
2025-11-12,SPO-SKU-1020,Sports & Outdoors,54
2025-11-13,SPO-SKU-1020,Sports & Outdoors,0
2025-11-14,SPO-SKU-1020,Sports & Outdoors,34
2025-11-15,SPO-SKU-1020,Sports & Outdoors,29
2025-11-16,SPO-SKU-1020,Sports & Outdoors,43
2025-11-17,SPO-SKU-1020,Sports & Outdoors,47
2025-11-18,SPO-SKU-1020,Sports & Outdoors,62
2025-11-19,SPO-SKU-1020,Sports & Outdoors,57
2025-11-20,SPO-SKU-1020,Sports & Outdoors,42
2025-11-21,SPO-SKU-1020,Sports & Outdoors,39
2025-11-22,SPO-SKU-1020,Sports & Outdoors,0
2025-11-23,SPO-SKU-1020,Sports & Outdoors,41
2025-11-24,SPO-SKU-1020,Sports & Outdoors,47
2025-11-25,SPO-SKU-1020,Sports & Outdoors,59
2025-11-26,SPO-SKU-1020,Sports & Outdoors,57
2025-11-27,SPO-SKU-1020,Sports & Outdoors,48
2025-11-28,SPO-SKU-1020,Sports & Outdoors,39
2025-11-29,SPO-SKU-1020,Sports & Outdoors,0
2025-11-30,SPO-SKU-1020,Sports & Outdoors,38
2025-12-01,SPO-SKU-1020,Sports & Outdoors,42
2025-12-02,SPO-SKU-1020,Sports & Outdoors,50
2025-12-03,SPO-SKU-1020,Sports & Outdoors,53
2025-12-04,SPO-SKU-1020,Sports & Outdoors,44
2025-12-05,SPO-SKU-1020,Sports & Outdoors,40
2025-12-06,SPO-SKU-1020,Sports & Outdoors,30
2025-12-07,SPO-SKU-1020,Sports & Outdoors,34
2025-12-08,SPO-SKU-1020,Sports & Outdoors,49
2025-12-09,SPO-SKU-1020,Sports & Outdoors,64
2025-12-10,SPO-SKU-1020,Sports & Outdoors,59
2025-12-11,SPO-SKU-1020,Sports & Outdoors,39
2025-12-12,SPO-SKU-1020,Sports & Outdoors,35
2025-12-13,SPO-SKU-1020,Sports & Outdoors,35
2025-12-14,SPO-SKU-1020,Sports & Outdoors,40
2025-12-15,SPO-SKU-1020,Sports & Outdoors,55
2025-12-16,SPO-SKU-1020,Sports & Outdoors,56
2025-12-17,SPO-SKU-1020,Sports & Outdoors,0
2025-12-18,SPO-SKU-1020,Sports & Outdoors,41
2025-12-19,SPO-SKU-1020,Sports & Outdoors,33
2025-12-20,SPO-SKU-1020,Sports & Outdoors,36
2025-12-21,SPO-SKU-1020,Sports & Outdoors,42
2025-12-22,SPO-SKU-1020,Sports & Outdoors,46
2025-12-23,SPO-SKU-1020,Sports & Outdoors,51
2025-12-24,SPO-SKU-1020,Sports & Outdoors,54
2025-12-25,SPO-SKU-1020,Sports & Outdoors,44
2025-12-26,SPO-SKU-1020,Sports & Outdoors,39
2025-12-27,SPO-SKU-1020,Sports & Outdoors,28
2025-12-28,SPO-SKU-1020,Sports & Outdoors,38
2025-12-29,SPO-SKU-1020,Sports & Outdoors,59
2025-12-30,SPO-SKU-1020,Sports & Outdoors,59
2025-12-31,SPO-SKU-1020,Sports & Outdoors,0
2026-01-01,SPO-SKU-1020,Sports & Outdoors,43
2026-01-02,SPO-SKU-1020,Sports & Outdoors,41
2026-01-03,SPO-SKU-1020,Sports & Outdoors,0
2026-01-04,SPO-SKU-1020,Sports & Outdoors,44
2026-01-05,SPO-SKU-1020,Sports & Outdoors,60
2026-01-06,SPO-SKU-1020,Sports & Outdoors,57
2026-01-07,SPO-SKU-1020,Sports & Outdoors,49
2026-01-08,SPO-SKU-1020,Sports & Outdoors,44
2026-01-09,SPO-SKU-1020,Sports & Outdoors,36
2026-01-10,SPO-SKU-1020,Sports & Outdoors,37
2026-01-11,SPO-SKU-1020,Sports & Outdoors,38
2026-01-12,SPO-SKU-1020,Sports & Outdoors,52
2026-01-13,SPO-SKU-1020,Sports & Outdoors,60
2026-01-14,SPO-SKU-1020,Sports & Outdoors,54
2026-01-15,SPO-SKU-1020,Sports & Outdoors,50
2026-01-16,SPO-SKU-1020,Sports & Outdoors,34
2026-01-17,SPO-SKU-1020,Sports & Outdoors,29
2026-01-18,SPO-SKU-1020,Sports & Outdoors,38
2026-01-19,SPO-SKU-1020,Sports & Outdoors,49
2026-01-20,SPO-SKU-1020,Sports & Outdoors,66
2026-01-21,SPO-SKU-1020,Sports & Outdoors,0
2026-01-22,SPO-SKU-1020,Sports & Outdoors,39
2026-01-23,SPO-SKU-1020,Sports & Outdoors,41
2026-01-24,SPO-SKU-1020,Sports & Outdoors,41
2026-01-25,SPO-SKU-1020,Sports & Outdoors,47
2026-01-26,SPO-SKU-1020,Sports & Outdoors,61
2026-01-27,SPO-SKU-1020,Sports & Outdoors,58
2026-01-28,SPO-SKU-1020,Sports & Outdoors,53
2026-01-29,SPO-SKU-1020,Sports & Outdoors,37
2026-01-30,SPO-SKU-1020,Sports & Outdoors,41
2026-01-31,SPO-SKU-1020,Sports & Outdoors,36
2026-02-01,SPO-SKU-1020,Sports & Outdoors,44
2026-02-02,SPO-SKU-1020,Sports & Outdoors,60
2026-02-03,SPO-SKU-1020,Sports & Outdoors,58
2026-02-04,SPO-SKU-1020,Sports & Outdoors,61
2026-02-05,SPO-SKU-1020,Sports & Outdoors,0
2026-02-06,SPO-SKU-1020,Sports & Outdoors,29
2026-02-07,SPO-SKU-1020,Sports & Outdoors,37
2026-02-08,SPO-SKU-1020,Sports & Outdoors,51
2026-02-09,SPO-SKU-1020,Sports & Outdoors,53
2026-02-10,SPO-SKU-1020,Sports & Outdoors,59
2026-02-11,SPO-SKU-1020,Sports & Outdoors,60
2026-02-12,SPO-SKU-1020,Sports & Outdoors,39
2026-02-13,SPO-SKU-1020,Sports & Outdoors,32
2026-02-14,SPO-SKU-1020,Sports & Outdoors,33
2026-02-15,SPO-SKU-1020,Sports & Outdoors,40
2026-02-16,SPO-SKU-1020,Sports & Outdoors,60
2026-02-17,SPO-SKU-1020,Sports & Outdoors,64
2026-02-18,SPO-SKU-1020,Sports & Outdoors,52
2026-02-19,SPO-SKU-1020,Sports & Outdoors,40
2026-02-20,SPO-SKU-1020,Sports & Outdoors,28
2026-02-21,SPO-SKU-1020,Sports & Outdoors,38
2026-02-22,SPO-SKU-1020,Sports & Outdoors,52
2026-02-23,SPO-SKU-1020,Sports & Outdoors,52
2026-02-24,SPO-SKU-1020,Sports & Outdoors,65
2026-02-25,SPO-SKU-1020,Sports & Outdoors,49
2026-02-26,SPO-SKU-1020,Sports & Outdoors,46
2026-02-27,SPO-SKU-1020,Sports & Outdoors,29
2025-09-01,SPO-SKU-1021,Sports & Outdoors,26
2025-09-02,SPO-SKU-1021,Sports & Outdoors,32
2025-09-03,SPO-SKU-1021,Sports & Outdoors,40
2025-09-04,SPO-SKU-1021,Sports & Outdoors,33
2025-09-05,SPO-SKU-1021,Sports & Outdoors,24
2025-09-06,SPO-SKU-1021,Sports & Outdoors,17
2025-09-07,SPO-SKU-1021,Sports & Outdoors,14
2025-09-08,SPO-SKU-1021,Sports & Outdoors,30
2025-09-09,SPO-SKU-1021,Sports & Outdoors,36
2025-09-10,SPO-SKU-1021,Sports & Outdoors,41
2025-09-11,SPO-SKU-1021,Sports & Outdoors,30
2025-09-12,SPO-SKU-1021,Sports & Outdoors,25
2025-09-13,SPO-SKU-1021,Sports & Outdoors,16
2025-09-14,SPO-SKU-1021,Sports & Outdoors,22
2025-09-15,SPO-SKU-1021,Sports & Outdoors,26
2025-09-16,SPO-SKU-1021,Sports & Outdoors,31
2025-09-17,SPO-SKU-1021,Sports & Outdoors,39
2025-09-18,SPO-SKU-1021,Sports & Outdoors,32
2025-09-19,SPO-SKU-1021,Sports & Outdoors,27
2025-09-20,SPO-SKU-1021,Sports & Outdoors,15
2025-09-21,SPO-SKU-1021,Sports & Outdoors,16
2025-09-22,SPO-SKU-1021,Sports & Outdoors,25
2025-09-23,SPO-SKU-1021,Sports & Outdoors,38
2025-09-24,SPO-SKU-1021,Sports & Outdoors,34
2025-09-25,SPO-SKU-1021,Sports & Outdoors,0
2025-09-26,SPO-SKU-1021,Sports & Outdoors,25
2025-09-27,SPO-SKU-1021,Sports & Outdoors,12
2025-09-28,SPO-SKU-1021,Sports & Outdoors,0
2025-09-29,SPO-SKU-1021,Sports & Outdoors,27
2025-09-30,SPO-SKU-1021,Sports & Outdoors,32
2025-10-01,SPO-SKU-1021,Sports & Outdoors,36
2025-10-02,SPO-SKU-1021,Sports & Outdoors,31
2025-10-03,SPO-SKU-1021,Sports & Outdoors,21
2025-10-04,SPO-SKU-1021,Sports & Outdoors,0
2025-10-05,SPO-SKU-1021,Sports & Outdoors,19
2025-10-06,SPO-SKU-1021,Sports & Outdoors,31
2025-10-07,SPO-SKU-1021,Sports & Outdoors,34
2025-10-08,SPO-SKU-1021,Sports & Outdoors,0
2025-10-09,SPO-SKU-1021,Sports & Outdoors,28
2025-10-10,SPO-SKU-1021,Sports & Outdoors,24
2025-10-11,SPO-SKU-1021,Sports & Outdoors,0
2025-10-12,SPO-SKU-1021,Sports & Outdoors,26
2025-10-13,SPO-SKU-1021,Sports & Outdoors,0
2025-10-14,SPO-SKU-1021,Sports & Outdoors,34
2025-10-15,SPO-SKU-1021,Sports & Outdoors,37
2025-10-16,SPO-SKU-1021,Sports & Outdoors,26
2025-10-17,SPO-SKU-1021,Sports & Outdoors,0
2025-10-18,SPO-SKU-1021,Sports & Outdoors,22
2025-10-19,SPO-SKU-1021,Sports & Outdoors,26
2025-10-20,SPO-SKU-1021,Sports & Outdoors,27
2025-10-21,SPO-SKU-1021,Sports & Outdoors,36
2025-10-22,SPO-SKU-1021,Sports & Outdoors,42
2025-10-23,SPO-SKU-1021,Sports & Outdoors,26
2025-10-24,SPO-SKU-1021,Sports & Outdoors,23
2025-10-25,SPO-SKU-1021,Sports & Outdoors,18
2025-10-26,SPO-SKU-1021,Sports & Outdoors,24
2025-10-27,SPO-SKU-1021,Sports & Outdoors,34
2025-10-28,SPO-SKU-1021,Sports & Outdoors,40
2025-10-29,SPO-SKU-1021,Sports & Outdoors,39
2025-10-30,SPO-SKU-1021,Sports & Outdoors,30
2025-10-31,SPO-SKU-1021,Sports & Outdoors,16
2025-11-01,SPO-SKU-1021,Sports & Outdoors,23
2025-11-02,SPO-SKU-1021,Sports & Outdoors,18
2025-11-03,SPO-SKU-1021,Sports & Outdoors,37
2025-11-04,SPO-SKU-1021,Sports & Outdoors,40
2025-11-05,SPO-SKU-1021,Sports & Outdoors,0
2025-11-06,SPO-SKU-1021,Sports & Outdoors,30
2025-11-07,SPO-SKU-1021,Sports & Outdoors,0
2025-11-08,SPO-SKU-1021,Sports & Outdoors,20
2025-11-09,SPO-SKU-1021,Sports & Outdoors,26
2025-11-10,SPO-SKU-1021,Sports & Outdoors,32
2025-11-11,SPO-SKU-1021,Sports & Outdoors,37
2025-11-12,SPO-SKU-1021,Sports & Outdoors,39
2025-11-13,SPO-SKU-1021,Sports & Outdoors,0
2025-11-14,SPO-SKU-1021,Sports & Outdoors,18
2025-11-15,SPO-SKU-1021,Sports & Outdoors,18
2025-11-16,SPO-SKU-1021,Sports & Outdoors,27
2025-11-17,SPO-SKU-1021,Sports & Outdoors,34
2025-11-18,SPO-SKU-1021,Sports & Outdoors,0
2025-11-19,SPO-SKU-1021,Sports & Outdoors,34
2025-11-20,SPO-SKU-1021,Sports & Outdoors,0
2025-11-21,SPO-SKU-1021,Sports & Outdoors,26
2025-11-22,SPO-SKU-1021,Sports & Outdoors,18
2025-11-23,SPO-SKU-1021,Sports & Outdoors,27
2025-11-24,SPO-SKU-1021,Sports & Outdoors,34
2025-11-25,SPO-SKU-1021,Sports & Outdoors,39
2025-11-26,SPO-SKU-1021,Sports & Outdoors,41
2025-11-27,SPO-SKU-1021,Sports & Outdoors,0
2025-11-28,SPO-SKU-1021,Sports & Outdoors,0
2025-11-29,SPO-SKU-1021,Sports & Outdoors,15
2025-11-30,SPO-SKU-1021,Sports & Outdoors,22
2025-12-01,SPO-SKU-1021,Sports & Outdoors,37
2025-12-02,SPO-SKU-1021,Sports & Outdoors,39
2025-12-03,SPO-SKU-1021,Sports & Outdoors,44
2025-12-04,SPO-SKU-1021,Sports & Outdoors,26
2025-12-05,SPO-SKU-1021,Sports & Outdoors,22
2025-12-06,SPO-SKU-1021,Sports & Outdoors,20
2025-12-07,SPO-SKU-1021,Sports & Outdoors,24
2025-12-08,SPO-SKU-1021,Sports & Outdoors,38
2025-12-09,SPO-SKU-1021,Sports & Outdoors,43
2025-12-10,SPO-SKU-1021,Sports & Outdoors,0
2025-12-11,SPO-SKU-1021,Sports & Outdoors,31
2025-12-12,SPO-SKU-1021,Sports & Outdoors,0
2025-12-13,SPO-SKU-1021,Sports & Outdoors,17
2025-12-14,SPO-SKU-1021,Sports & Outdoors,29
2025-12-15,SPO-SKU-1021,Sports & Outdoors,40
2025-12-16,SPO-SKU-1021,Sports & Outdoors,41
2025-12-17,SPO-SKU-1021,Sports & Outdoors,35
2025-12-18,SPO-SKU-1021,Sports & Outdoors,29
2025-12-19,SPO-SKU-1021,Sports & Outdoors,20
2025-12-20,SPO-SKU-1021,Sports & Outdoors,0
2025-12-21,SPO-SKU-1021,Sports & Outdoors,25
2025-12-22,SPO-SKU-1021,Sports & Outdoors,39
2025-12-23,SPO-SKU-1021,Sports & Outdoors,41
2025-12-24,SPO-SKU-1021,Sports & Outdoors,42
2025-12-25,SPO-SKU-1021,Sports & Outdoors,0
2025-12-26,SPO-SKU-1021,Sports & Outdoors,24
2025-12-27,SPO-SKU-1021,Sports & Outdoors,18
2025-12-28,SPO-SKU-1021,Sports & Outdoors,27
2025-12-29,SPO-SKU-1021,Sports & Outdoors,42
2025-12-30,SPO-SKU-1021,Sports & Outdoors,37
2025-12-31,SPO-SKU-1021,Sports & Outdoors,0
2026-01-01,SPO-SKU-1021,Sports & Outdoors,25
2026-01-02,SPO-SKU-1021,Sports & Outdoors,20
2026-01-03,SPO-SKU-1021,Sports & Outdoors,18
2026-01-04,SPO-SKU-1021,Sports & Outdoors,27
2026-01-05,SPO-SKU-1021,Sports & Outdoors,0
2026-01-06,SPO-SKU-1021,Sports & Outdoors,41
2026-01-07,SPO-SKU-1021,Sports & Outdoors,35
2026-01-08,SPO-SKU-1021,Sports & Outdoors,27
2026-01-09,SPO-SKU-1021,Sports & Outdoors,17
2026-01-10,SPO-SKU-1021,Sports & Outdoors,23
2026-01-11,SPO-SKU-1021,Sports & Outdoors,25
2026-01-12,SPO-SKU-1021,Sports & Outdoors,43
2026-01-13,SPO-SKU-1021,Sports & Outdoors,48
2026-01-14,SPO-SKU-1021,Sports & Outdoors,35
2026-01-15,SPO-SKU-1021,Sports & Outdoors,29
2026-01-16,SPO-SKU-1021,Sports & Outdoors,22
2026-01-17,SPO-SKU-1021,Sports & Outdoors,0
2026-01-18,SPO-SKU-1021,Sports & Outdoors,35
2026-01-19,SPO-SKU-1021,Sports & Outdoors,35
2026-01-20,SPO-SKU-1021,Sports & Outdoors,45
2026-01-21,SPO-SKU-1021,Sports & Outdoors,39
2026-01-22,SPO-SKU-1021,Sports & Outdoors,25
2026-01-23,SPO-SKU-1021,Sports & Outdoors,21
2026-01-24,SPO-SKU-1021,Sports & Outdoors,0
2026-01-25,SPO-SKU-1021,Sports & Outdoors,31
2026-01-26,SPO-SKU-1021,Sports & Outdoors,41
2026-01-27,SPO-SKU-1021,Sports & Outdoors,43
2026-01-28,SPO-SKU-1021,Sports & Outdoors,42
2026-01-29,SPO-SKU-1021,Sports & Outdoors,29
2026-01-30,SPO-SKU-1021,Sports & Outdoors,19
2026-01-31,SPO-SKU-1021,Sports & Outdoors,25
2026-02-01,SPO-SKU-1021,Sports & Outdoors,0
2026-02-02,SPO-SKU-1021,Sports & Outdoors,44
2026-02-03,SPO-SKU-1021,Sports & Outdoors,44
2026-02-04,SPO-SKU-1021,Sports & Outdoors,36
2026-02-05,SPO-SKU-1021,Sports & Outdoors,27
2026-02-06,SPO-SKU-1021,Sports & Outdoors,20
2026-02-07,SPO-SKU-1021,Sports & Outdoors,24
2026-02-08,SPO-SKU-1021,Sports & Outdoors,28
2026-02-09,SPO-SKU-1021,Sports & Outdoors,44
2026-02-10,SPO-SKU-1021,Sports & Outdoors,39
2026-02-11,SPO-SKU-1021,Sports & Outdoors,0
2026-02-12,SPO-SKU-1021,Sports & Outdoors,0
2026-02-13,SPO-SKU-1021,Sports & Outdoors,0
2026-02-14,SPO-SKU-1021,Sports & Outdoors,29
2026-02-15,SPO-SKU-1021,Sports & Outdoors,27
2026-02-16,SPO-SKU-1021,Sports & Outdoors,46
2026-02-17,SPO-SKU-1021,Sports & Outdoors,47
2026-02-18,SPO-SKU-1021,Sports & Outdoors,35
2026-02-19,SPO-SKU-1021,Sports & Outdoors,32
2026-02-20,SPO-SKU-1021,Sports & Outdoors,20
2026-02-21,SPO-SKU-1021,Sports & Outdoors,24
2026-02-22,SPO-SKU-1021,Sports & Outdoors,37
2026-02-23,SPO-SKU-1021,Sports & Outdoors,41
2026-02-24,SPO-SKU-1021,Sports & Outdoors,39
2026-02-25,SPO-SKU-1021,Sports & Outdoors,42
2026-02-26,SPO-SKU-1021,Sports & Outdoors,33
2026-02-27,SPO-SKU-1021,Sports & Outdoors,20
2025-09-01,ELE-SKU-1022,Electronics,3
2025-09-02,ELE-SKU-1022,Electronics,3
2025-09-03,ELE-SKU-1022,Electronics,4
2025-09-04,ELE-SKU-1022,Electronics,3
2025-09-05,ELE-SKU-1022,Electronics,2
2025-09-06,ELE-SKU-1022,Electronics,1
2025-09-07,ELE-SKU-1022,Electronics,0
2025-09-08,ELE-SKU-1022,Electronics,0
2025-09-09,ELE-SKU-1022,Electronics,3
2025-09-10,ELE-SKU-1022,Electronics,4
2025-09-11,ELE-SKU-1022,Electronics,3
2025-09-12,ELE-SKU-1022,Electronics,2
2025-09-13,ELE-SKU-1022,Electronics,1
2025-09-14,ELE-SKU-1022,Electronics,0
2025-09-15,ELE-SKU-1022,Electronics,3
2025-09-16,ELE-SKU-1022,Electronics,4
2025-09-17,ELE-SKU-1022,Electronics,4
2025-09-18,ELE-SKU-1022,Electronics,3
2025-09-19,ELE-SKU-1022,Electronics,2
2025-09-20,ELE-SKU-1022,Electronics,1
2025-09-21,ELE-SKU-1022,Electronics,2
2025-09-22,ELE-SKU-1022,Electronics,3
2025-09-23,ELE-SKU-1022,Electronics,4
2025-09-24,ELE-SKU-1022,Electronics,4
2025-09-25,ELE-SKU-1022,Electronics,3
2025-09-26,ELE-SKU-1022,Electronics,2
2025-09-27,ELE-SKU-1022,Electronics,1
2025-09-28,ELE-SKU-1022,Electronics,2
2025-09-29,ELE-SKU-1022,Electronics,3
2025-09-30,ELE-SKU-1022,Electronics,4
2025-10-01,ELE-SKU-1022,Electronics,4
2025-10-02,ELE-SKU-1022,Electronics,3
2025-10-03,ELE-SKU-1022,Electronics,0
2025-10-04,ELE-SKU-1022,Electronics,1
2025-10-05,ELE-SKU-1022,Electronics,2
2025-10-06,ELE-SKU-1022,Electronics,3
2025-10-07,ELE-SKU-1022,Electronics,0
2025-10-08,ELE-SKU-1022,Electronics,4
2025-10-09,ELE-SKU-1022,Electronics,3
2025-10-10,ELE-SKU-1022,Electronics,2
2025-10-11,ELE-SKU-1022,Electronics,1
2025-10-12,ELE-SKU-1022,Electronics,2
2025-10-13,ELE-SKU-1022,Electronics,3
2025-10-14,ELE-SKU-1022,Electronics,4
2025-10-15,ELE-SKU-1022,Electronics,4
2025-10-16,ELE-SKU-1022,Electronics,3
2025-10-17,ELE-SKU-1022,Electronics,2
2025-10-18,ELE-SKU-1022,Electronics,0
2025-10-19,ELE-SKU-1022,Electronics,2
2025-10-20,ELE-SKU-1022,Electronics,3
2025-10-21,ELE-SKU-1022,Electronics,4
2025-10-22,ELE-SKU-1022,Electronics,0
2025-10-23,ELE-SKU-1022,Electronics,3
2025-10-24,ELE-SKU-1022,Electronics,2
2025-10-25,ELE-SKU-1022,Electronics,1
2025-10-26,ELE-SKU-1022,Electronics,2
2025-10-27,ELE-SKU-1022,Electronics,3
2025-10-28,ELE-SKU-1022,Electronics,4
2025-10-29,ELE-SKU-1022,Electronics,4
2025-10-30,ELE-SKU-1022,Electronics,3
2025-10-31,ELE-SKU-1022,Electronics,2
2025-11-01,ELE-SKU-1022,Electronics,1
2025-11-02,ELE-SKU-1022,Electronics,0
2025-11-03,ELE-SKU-1022,Electronics,3
2025-11-04,ELE-SKU-1022,Electronics,4
2025-11-05,ELE-SKU-1022,Electronics,0
2025-11-06,ELE-SKU-1022,Electronics,3
2025-11-07,ELE-SKU-1022,Electronics,2
2025-11-08,ELE-SKU-1022,Electronics,1
2025-11-09,ELE-SKU-1022,Electronics,2
2025-11-10,ELE-SKU-1022,Electronics,3
2025-11-11,ELE-SKU-1022,Electronics,4
2025-11-12,ELE-SKU-1022,Electronics,3
2025-11-13,ELE-SKU-1022,Electronics,3
2025-11-14,ELE-SKU-1022,Electronics,2
2025-11-15,ELE-SKU-1022,Electronics,1
2025-11-16,ELE-SKU-1022,Electronics,2
2025-11-17,ELE-SKU-1022,Electronics,3
2025-11-18,ELE-SKU-1022,Electronics,0
2025-11-19,ELE-SKU-1022,Electronics,3
2025-11-20,ELE-SKU-1022,Electronics,3
2025-11-21,ELE-SKU-1022,Electronics,2
2025-11-22,ELE-SKU-1022,Electronics,1
2025-11-23,ELE-SKU-1022,Electronics,2
2025-11-24,ELE-SKU-1022,Electronics,3
2025-11-25,ELE-SKU-1022,Electronics,4
2025-11-26,ELE-SKU-1022,Electronics,3
2025-11-27,ELE-SKU-1022,Electronics,2
2025-11-28,ELE-SKU-1022,Electronics,2
2025-11-29,ELE-SKU-1022,Electronics,1
2025-11-30,ELE-SKU-1022,Electronics,0
2025-12-01,ELE-SKU-1022,Electronics,3
2025-12-02,ELE-SKU-1022,Electronics,4
2025-12-03,ELE-SKU-1022,Electronics,0
2025-12-04,ELE-SKU-1022,Electronics,2
2025-12-05,ELE-SKU-1022,Electronics,0
2025-12-06,ELE-SKU-1022,Electronics,1
2025-12-07,ELE-SKU-1022,Electronics,2
2025-12-08,ELE-SKU-1022,Electronics,3
2025-12-09,ELE-SKU-1022,Electronics,4
2025-12-10,ELE-SKU-1022,Electronics,3
2025-12-11,ELE-SKU-1022,Electronics,2
2025-12-12,ELE-SKU-1022,Electronics,1
2025-12-13,ELE-SKU-1022,Electronics,1
2025-12-14,ELE-SKU-1022,Electronics,0
2025-12-15,ELE-SKU-1022,Electronics,3
2025-12-16,ELE-SKU-1022,Electronics,4
2025-12-17,ELE-SKU-1022,Electronics,3
2025-12-18,ELE-SKU-1022,Electronics,2
2025-12-19,ELE-SKU-1022,Electronics,1
2025-12-20,ELE-SKU-1022,Electronics,1
2025-12-21,ELE-SKU-1022,Electronics,2
2025-12-22,ELE-SKU-1022,Electronics,3
2025-12-23,ELE-SKU-1022,Electronics,4
2025-12-24,ELE-SKU-1022,Electronics,0
2025-12-25,ELE-SKU-1022,Electronics,2
2025-12-26,ELE-SKU-1022,Electronics,1
2025-12-27,ELE-SKU-1022,Electronics,1
2025-12-28,ELE-SKU-1022,Electronics,2
2025-12-29,ELE-SKU-1022,Electronics,3
2025-12-30,ELE-SKU-1022,Electronics,4
2025-12-31,ELE-SKU-1022,Electronics,3
2026-01-01,ELE-SKU-1022,Electronics,2
2026-01-02,ELE-SKU-1022,Electronics,1
2026-01-03,ELE-SKU-1022,Electronics,1
2026-01-04,ELE-SKU-1022,Electronics,2
2026-01-05,ELE-SKU-1022,Electronics,0
2026-01-06,ELE-SKU-1022,Electronics,4
2026-01-07,ELE-SKU-1022,Electronics,3
2026-01-08,ELE-SKU-1022,Electronics,2
2026-01-09,ELE-SKU-1022,Electronics,1
2026-01-10,ELE-SKU-1022,Electronics,1
2026-01-11,ELE-SKU-1022,Electronics,2
2026-01-12,ELE-SKU-1022,Electronics,3
2026-01-13,ELE-SKU-1022,Electronics,4
2026-01-14,ELE-SKU-1022,Electronics,3
2026-01-15,ELE-SKU-1022,Electronics,0
2026-01-16,ELE-SKU-1022,Electronics,1
2026-01-17,ELE-SKU-1022,Electronics,1
2026-01-18,ELE-SKU-1022,Electronics,2
2026-01-19,ELE-SKU-1022,Electronics,3
2026-01-20,ELE-SKU-1022,Electronics,4
2026-01-21,ELE-SKU-1022,Electronics,0
2026-01-22,ELE-SKU-1022,Electronics,2
2026-01-23,ELE-SKU-1022,Electronics,1
2026-01-24,ELE-SKU-1022,Electronics,1
2026-01-25,ELE-SKU-1022,Electronics,2
2026-01-26,ELE-SKU-1022,Electronics,3
2026-01-27,ELE-SKU-1022,Electronics,4
2026-01-28,ELE-SKU-1022,Electronics,3
2026-01-29,ELE-SKU-1022,Electronics,2
2026-01-30,ELE-SKU-1022,Electronics,1
2026-01-31,ELE-SKU-1022,Electronics,0
2026-02-01,ELE-SKU-1022,Electronics,2
2026-02-02,ELE-SKU-1022,Electronics,0
2026-02-03,ELE-SKU-1022,Electronics,4
2026-02-04,ELE-SKU-1022,Electronics,3
2026-02-05,ELE-SKU-1022,Electronics,2
2026-02-06,ELE-SKU-1022,Electronics,1
2026-02-07,ELE-SKU-1022,Electronics,1
2026-02-08,ELE-SKU-1022,Electronics,2
2026-02-09,ELE-SKU-1022,Electronics,0
2026-02-10,ELE-SKU-1022,Electronics,4
2026-02-11,ELE-SKU-1022,Electronics,3
2026-02-12,ELE-SKU-1022,Electronics,2
2026-02-13,ELE-SKU-1022,Electronics,1
2026-02-14,ELE-SKU-1022,Electronics,1
2026-02-15,ELE-SKU-1022,Electronics,2
2026-02-16,ELE-SKU-1022,Electronics,3
2026-02-17,ELE-SKU-1022,Electronics,4
2026-02-18,ELE-SKU-1022,Electronics,3
2026-02-19,ELE-SKU-1022,Electronics,2
2026-02-20,ELE-SKU-1022,Electronics,0
2026-02-21,ELE-SKU-1022,Electronics,1
2026-02-22,ELE-SKU-1022,Electronics,2
2026-02-23,ELE-SKU-1022,Electronics,3
2026-02-24,ELE-SKU-1022,Electronics,4
2026-02-25,ELE-SKU-1022,Electronics,3
2026-02-26,ELE-SKU-1022,Electronics,2
2026-02-27,ELE-SKU-1022,Electronics,1
2025-09-01,HOM-SKU-1023,Home & Garden,26
2025-09-02,HOM-SKU-1023,Home & Garden,41
2025-09-03,HOM-SKU-1023,Home & Garden,0
2025-09-04,HOM-SKU-1023,Home & Garden,31
2025-09-05,HOM-SKU-1023,Home & Garden,0
2025-09-06,HOM-SKU-1023,Home & Garden,26
2025-09-07,HOM-SKU-1023,Home & Garden,25
2025-09-08,HOM-SKU-1023,Home & Garden,28
2025-09-09,HOM-SKU-1023,Home & Garden,0
2025-09-10,HOM-SKU-1023,Home & Garden,0
2025-09-11,HOM-SKU-1023,Home & Garden,37
2025-09-12,HOM-SKU-1023,Home & Garden,28
2025-09-13,HOM-SKU-1023,Home & Garden,26
2025-09-14,HOM-SKU-1023,Home & Garden,32
2025-09-15,HOM-SKU-1023,Home & Garden,32
2025-09-16,HOM-SKU-1023,Home & Garden,0
2025-09-17,HOM-SKU-1023,Home & Garden,37
2025-09-18,HOM-SKU-1023,Home & Garden,28
2025-09-19,HOM-SKU-1023,Home & Garden,25
2025-09-20,HOM-SKU-1023,Home & Garden,18
2025-09-21,HOM-SKU-1023,Home & Garden,19
2025-09-22,HOM-SKU-1023,Home & Garden,30
2025-09-23,HOM-SKU-1023,Home & Garden,37
2025-09-24,HOM-SKU-1023,Home & Garden,33
2025-09-25,HOM-SKU-1023,Home & Garden,30
2025-09-26,HOM-SKU-1023,Home & Garden,22
2025-09-27,HOM-SKU-1023,Home & Garden,26
2025-09-28,HOM-SKU-1023,Home & Garden,21
2025-09-29,HOM-SKU-1023,Home & Garden,34
2025-09-30,HOM-SKU-1023,Home & Garden,33
2025-10-01,HOM-SKU-1023,Home & Garden,29
2025-10-02,HOM-SKU-1023,Home & Garden,29
2025-10-03,HOM-SKU-1023,Home & Garden,30
2025-10-04,HOM-SKU-1023,Home & Garden,25
2025-10-05,HOM-SKU-1023,Home & Garden,30
2025-10-06,HOM-SKU-1023,Home & Garden,27
2025-10-07,HOM-SKU-1023,Home & Garden,0
2025-10-08,HOM-SKU-1023,Home & Garden,36
2025-10-09,HOM-SKU-1023,Home & Garden,28
2025-10-10,HOM-SKU-1023,Home & Garden,24
2025-10-11,HOM-SKU-1023,Home & Garden,27
2025-10-12,HOM-SKU-1023,Home & Garden,22
2025-10-13,HOM-SKU-1023,Home & Garden,23
2025-10-14,HOM-SKU-1023,Home & Garden,38
2025-10-15,HOM-SKU-1023,Home & Garden,37
2025-10-16,HOM-SKU-1023,Home & Garden,31
2025-10-17,HOM-SKU-1023,Home & Garden,19
2025-10-18,HOM-SKU-1023,Home & Garden,25
2025-10-19,HOM-SKU-1023,Home & Garden,21
2025-10-20,HOM-SKU-1023,Home & Garden,32
2025-10-21,HOM-SKU-1023,Home & Garden,36
2025-10-22,HOM-SKU-1023,Home & Garden,35
2025-10-23,HOM-SKU-1023,Home & Garden,29
2025-10-24,HOM-SKU-1023,Home & Garden,24
2025-10-25,HOM-SKU-1023,Home & Garden,28
2025-10-26,HOM-SKU-1023,Home & Garden,0
2025-10-27,HOM-SKU-1023,Home & Garden,23
2025-10-28,HOM-SKU-1023,Home & Garden,0
2025-10-29,HOM-SKU-1023,Home & Garden,31
2025-10-30,HOM-SKU-1023,Home & Garden,29
2025-10-31,HOM-SKU-1023,Home & Garden,22
2025-11-01,HOM-SKU-1023,Home & Garden,15
2025-11-02,HOM-SKU-1023,Home & Garden,27
2025-11-03,HOM-SKU-1023,Home & Garden,24
2025-11-04,HOM-SKU-1023,Home & Garden,30
2025-11-05,HOM-SKU-1023,Home & Garden,25
2025-11-06,HOM-SKU-1023,Home & Garden,29
2025-11-07,HOM-SKU-1023,Home & Garden,20
2025-11-08,HOM-SKU-1023,Home & Garden,25
2025-11-09,HOM-SKU-1023,Home & Garden,22
2025-11-10,HOM-SKU-1023,Home & Garden,27
2025-11-11,HOM-SKU-1023,Home & Garden,34
2025-11-12,HOM-SKU-1023,Home & Garden,26
2025-11-13,HOM-SKU-1023,Home & Garden,22
2025-11-14,HOM-SKU-1023,Home & Garden,22
2025-11-15,HOM-SKU-1023,Home & Garden,15
2025-11-16,HOM-SKU-1023,Home & Garden,23
2025-11-17,HOM-SKU-1023,Home & Garden,34
2025-11-18,HOM-SKU-1023,Home & Garden,25
2025-11-19,HOM-SKU-1023,Home & Garden,29
2025-11-20,HOM-SKU-1023,Home & Garden,30
2025-11-21,HOM-SKU-1023,Home & Garden,18
2025-11-22,HOM-SKU-1023,Home & Garden,23
2025-11-23,HOM-SKU-1023,Home & Garden,26
2025-11-24,HOM-SKU-1023,Home & Garden,32
2025-11-25,HOM-SKU-1023,Home & Garden,25
2025-11-26,HOM-SKU-1023,Home & Garden,24
2025-11-27,HOM-SKU-1023,Home & Garden,31
2025-11-28,HOM-SKU-1023,Home & Garden,19
2025-11-29,HOM-SKU-1023,Home & Garden,24
2025-11-30,HOM-SKU-1023,Home & Garden,20
2025-12-01,HOM-SKU-1023,Home & Garden,28
2025-12-02,HOM-SKU-1023,Home & Garden,0
2025-12-03,HOM-SKU-1023,Home & Garden,34
2025-12-04,HOM-SKU-1023,Home & Garden,23
2025-12-05,HOM-SKU-1023,Home & Garden,18
2025-12-06,HOM-SKU-1023,Home & Garden,19
2025-12-07,HOM-SKU-1023,Home & Garden,22
2025-12-08,HOM-SKU-1023,Home & Garden,24
2025-12-09,HOM-SKU-1023,Home & Garden,35
2025-12-10,HOM-SKU-1023,Home & Garden,25
2025-12-11,HOM-SKU-1023,Home & Garden,0
2025-12-12,HOM-SKU-1023,Home & Garden,15
2025-12-13,HOM-SKU-1023,Home & Garden,20
2025-12-14,HOM-SKU-1023,Home & Garden,28
2025-12-15,HOM-SKU-1023,Home & Garden,30
2025-12-16,HOM-SKU-1023,Home & Garden,31
2025-12-17,HOM-SKU-1023,Home & Garden,22
2025-12-18,HOM-SKU-1023,Home & Garden,25
2025-12-19,HOM-SKU-1023,Home & Garden,24
2025-12-20,HOM-SKU-1023,Home & Garden,23
2025-12-21,HOM-SKU-1023,Home & Garden,18
2025-12-22,HOM-SKU-1023,Home & Garden,25
2025-12-23,HOM-SKU-1023,Home & Garden,33
2025-12-24,HOM-SKU-1023,Home & Garden,28
2025-12-25,HOM-SKU-1023,Home & Garden,24
2025-12-26,HOM-SKU-1023,Home & Garden,0
2025-12-27,HOM-SKU-1023,Home & Garden,0
2025-12-28,HOM-SKU-1023,Home & Garden,24
2025-12-29,HOM-SKU-1023,Home & Garden,27
2025-12-30,HOM-SKU-1023,Home & Garden,29
2025-12-31,HOM-SKU-1023,Home & Garden,24
2026-01-01,HOM-SKU-1023,Home & Garden,19
2026-01-02,HOM-SKU-1023,Home & Garden,18
2026-01-03,HOM-SKU-1023,Home & Garden,0
2026-01-04,HOM-SKU-1023,Home & Garden,25
2026-01-05,HOM-SKU-1023,Home & Garden,27
2026-01-06,HOM-SKU-1023,Home & Garden,22
2026-01-07,HOM-SKU-1023,Home & Garden,23
2026-01-08,HOM-SKU-1023,Home & Garden,0
2026-01-09,HOM-SKU-1023,Home & Garden,15
2026-01-10,HOM-SKU-1023,Home & Garden,22
2026-01-11,HOM-SKU-1023,Home & Garden,20
2026-01-12,HOM-SKU-1023,Home & Garden,26
2026-01-13,HOM-SKU-1023,Home & Garden,33
2026-01-14,HOM-SKU-1023,Home & Garden,25
2026-01-15,HOM-SKU-1023,Home & Garden,0
2026-01-16,HOM-SKU-1023,Home & Garden,17
2026-01-17,HOM-SKU-1023,Home & Garden,19
2026-01-18,HOM-SKU-1023,Home & Garden,15
2026-01-19,HOM-SKU-1023,Home & Garden,23
2026-01-20,HOM-SKU-1023,Home & Garden,21
2026-01-21,HOM-SKU-1023,Home & Garden,20
2026-01-22,HOM-SKU-1023,Home & Garden,20
2026-01-23,HOM-SKU-1023,Home & Garden,0
2026-01-24,HOM-SKU-1023,Home & Garden,12
2026-01-25,HOM-SKU-1023,Home & Garden,16
2026-01-26,HOM-SKU-1023,Home & Garden,23
2026-01-27,HOM-SKU-1023,Home & Garden,22
2026-01-28,HOM-SKU-1023,Home & Garden,0
2026-01-29,HOM-SKU-1023,Home & Garden,16
2026-01-30,HOM-SKU-1023,Home & Garden,12
2026-01-31,HOM-SKU-1023,Home & Garden,14
2026-02-01,HOM-SKU-1023,Home & Garden,16
2026-02-02,HOM-SKU-1023,Home & Garden,20
2026-02-03,HOM-SKU-1023,Home & Garden,30
2026-02-04,HOM-SKU-1023,Home & Garden,28
2026-02-05,HOM-SKU-1023,Home & Garden,18
2026-02-06,HOM-SKU-1023,Home & Garden,13
2026-02-07,HOM-SKU-1023,Home & Garden,16
2026-02-08,HOM-SKU-1023,Home & Garden,16
2026-02-09,HOM-SKU-1023,Home & Garden,18
2026-02-10,HOM-SKU-1023,Home & Garden,26
2026-02-11,HOM-SKU-1023,Home & Garden,23
2026-02-12,HOM-SKU-1023,Home & Garden,12
2026-02-13,HOM-SKU-1023,Home & Garden,17
2026-02-14,HOM-SKU-1023,Home & Garden,21
2026-02-15,HOM-SKU-1023,Home & Garden,24
2026-02-16,HOM-SKU-1023,Home & Garden,27
2026-02-17,HOM-SKU-1023,Home & Garden,20
2026-02-18,HOM-SKU-1023,Home & Garden,24
2026-02-19,HOM-SKU-1023,Home & Garden,0
2026-02-20,HOM-SKU-1023,Home & Garden,0
2026-02-21,HOM-SKU-1023,Home & Garden,19
2026-02-22,HOM-SKU-1023,Home & Garden,23
2026-02-23,HOM-SKU-1023,Home & Garden,22
2026-02-24,HOM-SKU-1023,Home & Garden,30
2026-02-25,HOM-SKU-1023,Home & Garden,0
2026-02-26,HOM-SKU-1023,Home & Garden,20
2026-02-27,HOM-SKU-1023,Home & Garden,20
2025-09-01,APP-SKU-1024,Apparel,0
2025-09-02,APP-SKU-1024,Apparel,46
2025-09-03,APP-SKU-1024,Apparel,44
2025-09-04,APP-SKU-1024,Apparel,34
2025-09-05,APP-SKU-1024,Apparel,0
2025-09-06,APP-SKU-1024,Apparel,34
2025-09-07,APP-SKU-1024,Apparel,26
2025-09-08,APP-SKU-1024,Apparel,40
2025-09-09,APP-SKU-1024,Apparel,36
2025-09-10,APP-SKU-1024,Apparel,42
2025-09-11,APP-SKU-1024,Apparel,46
2025-09-12,APP-SKU-1024,Apparel,27
2025-09-13,APP-SKU-1024,Apparel,38
2025-09-14,APP-SKU-1024,Apparel,37
2025-09-15,APP-SKU-1024,Apparel,30
2025-09-16,APP-SKU-1024,Apparel,45
2025-09-17,APP-SKU-1024,Apparel,42
2025-09-18,APP-SKU-1024,Apparel,43
2025-09-19,APP-SKU-1024,Apparel,34
2025-09-20,APP-SKU-1024,Apparel,25
2025-09-21,APP-SKU-1024,Apparel,26
2025-09-22,APP-SKU-1024,Apparel,0
2025-09-23,APP-SKU-1024,Apparel,41
2025-09-24,APP-SKU-1024,Apparel,45
2025-09-25,APP-SKU-1024,Apparel,31
2025-09-26,APP-SKU-1024,Apparel,29
2025-09-27,APP-SKU-1024,Apparel,30
2025-09-28,APP-SKU-1024,Apparel,34
2025-09-29,APP-SKU-1024,Apparel,38
2025-09-30,APP-SKU-1024,Apparel,44
2025-10-01,APP-SKU-1024,Apparel,39
2025-10-02,APP-SKU-1024,Apparel,0
2025-10-03,APP-SKU-1024,Apparel,36
2025-10-04,APP-SKU-1024,Apparel,27
2025-10-05,APP-SKU-1024,Apparel,36
2025-10-06,APP-SKU-1024,Apparel,31
2025-10-07,APP-SKU-1024,Apparel,38
2025-10-08,APP-SKU-1024,Apparel,39
2025-10-09,APP-SKU-1024,Apparel,42
2025-10-10,APP-SKU-1024,Apparel,31
2025-10-11,APP-SKU-1024,Apparel,35
2025-10-12,APP-SKU-1024,Apparel,29
2025-10-13,APP-SKU-1024,Apparel,42
2025-10-14,APP-SKU-1024,Apparel,44
2025-10-15,APP-SKU-1024,Apparel,40
2025-10-16,APP-SKU-1024,Apparel,28
2025-10-17,APP-SKU-1024,Apparel,27
2025-10-18,APP-SKU-1024,Apparel,32
2025-10-19,APP-SKU-1024,Apparel,27
2025-10-20,APP-SKU-1024,Apparel,40
2025-10-21,APP-SKU-1024,Apparel,41
2025-10-22,APP-SKU-1024,Apparel,0
2025-10-23,APP-SKU-1024,Apparel,28
2025-10-24,APP-SKU-1024,Apparel,36
2025-10-25,APP-SKU-1024,Apparel,30
2025-10-26,APP-SKU-1024,Apparel,29
2025-10-27,APP-SKU-1024,Apparel,34
2025-10-28,APP-SKU-1024,Apparel,42
2025-10-29,APP-SKU-1024,Apparel,40
2025-10-30,APP-SKU-1024,Apparel,27
2025-10-31,APP-SKU-1024,Apparel,0
2025-11-01,APP-SKU-1024,Apparel,30
2025-11-02,APP-SKU-1024,Apparel,32
2025-11-03,APP-SKU-1024,Apparel,39
2025-11-04,APP-SKU-1024,Apparel,0
2025-11-05,APP-SKU-1024,Apparel,44
2025-11-06,APP-SKU-1024,Apparel,27
2025-11-07,APP-SKU-1024,Apparel,34
2025-11-08,APP-SKU-1024,Apparel,33
2025-11-09,APP-SKU-1024,Apparel,0
2025-11-10,APP-SKU-1024,Apparel,33
2025-11-11,APP-SKU-1024,Apparel,35
2025-11-12,APP-SKU-1024,Apparel,35
2025-11-13,APP-SKU-1024,Apparel,28
2025-11-14,APP-SKU-1024,Apparel,34
2025-11-15,APP-SKU-1024,Apparel,32
2025-11-16,APP-SKU-1024,Apparel,0
2025-11-17,APP-SKU-1024,Apparel,31
2025-11-18,APP-SKU-1024,Apparel,35
2025-11-19,APP-SKU-1024,Apparel,36
2025-11-20,APP-SKU-1024,Apparel,33
2025-11-21,APP-SKU-1024,Apparel,28
2025-11-22,APP-SKU-1024,Apparel,30
2025-11-23,APP-SKU-1024,Apparel,22
2025-11-24,APP-SKU-1024,Apparel,34
2025-11-25,APP-SKU-1024,Apparel,37
2025-11-26,APP-SKU-1024,Apparel,35
2025-11-27,APP-SKU-1024,Apparel,0
2025-11-28,APP-SKU-1024,Apparel,27
2025-11-29,APP-SKU-1024,Apparel,20
2025-11-30,APP-SKU-1024,Apparel,24
2025-12-01,APP-SKU-1024,Apparel,35
2025-12-02,APP-SKU-1024,Apparel,42
2025-12-03,APP-SKU-1024,Apparel,0
2025-12-04,APP-SKU-1024,Apparel,25
2025-12-05,APP-SKU-1024,Apparel,22
2025-12-06,APP-SKU-1024,Apparel,31
2025-12-07,APP-SKU-1024,Apparel,21
2025-12-08,APP-SKU-1024,Apparel,30
2025-12-09,APP-SKU-1024,Apparel,34
2025-12-10,APP-SKU-1024,Apparel,35
2025-12-11,APP-SKU-1024,Apparel,0
2025-12-12,APP-SKU-1024,Apparel,29
2025-12-13,APP-SKU-1024,Apparel,30
2025-12-14,APP-SKU-1024,Apparel,22
2025-12-15,APP-SKU-1024,Apparel,29
2025-12-16,APP-SKU-1024,Apparel,41
2025-12-17,APP-SKU-1024,Apparel,39
2025-12-18,APP-SKU-1024,Apparel,28
2025-12-19,APP-SKU-1024,Apparel,20
2025-12-20,APP-SKU-1024,Apparel,29
2025-12-21,APP-SKU-1024,Apparel,21
2025-12-22,APP-SKU-1024,Apparel,31
2025-12-23,APP-SKU-1024,Apparel,40
2025-12-24,APP-SKU-1024,Apparel,35
2025-12-25,APP-SKU-1024,Apparel,31
2025-12-26,APP-SKU-1024,Apparel,28
2025-12-27,APP-SKU-1024,Apparel,21
2025-12-28,APP-SKU-1024,Apparel,32
2025-12-29,APP-SKU-1024,Apparel,38
2025-12-30,APP-SKU-1024,Apparel,29
2025-12-31,APP-SKU-1024,Apparel,34
2026-01-01,APP-SKU-1024,Apparel,25
2026-01-02,APP-SKU-1024,Apparel,30
2026-01-03,APP-SKU-1024,Apparel,0
2026-01-04,APP-SKU-1024,Apparel,21
2026-01-05,APP-SKU-1024,Apparel,37
2026-01-06,APP-SKU-1024,Apparel,30
2026-01-07,APP-SKU-1024,Apparel,25
2026-01-08,APP-SKU-1024,Apparel,24
2026-01-09,APP-SKU-1024,Apparel,27
2026-01-10,APP-SKU-1024,Apparel,23
2026-01-11,APP-SKU-1024,Apparel,24
2026-01-12,APP-SKU-1024,Apparel,0
2026-01-13,APP-SKU-1024,Apparel,31
2026-01-14,APP-SKU-1024,Apparel,26
2026-01-15,APP-SKU-1024,Apparel,0
2026-01-16,APP-SKU-1024,Apparel,18
2026-01-17,APP-SKU-1024,Apparel,24
2026-01-18,APP-SKU-1024,Apparel,25
2026-01-19,APP-SKU-1024,Apparel,22
2026-01-20,APP-SKU-1024,Apparel,32
2026-01-21,APP-SKU-1024,Apparel,35
2026-01-22,APP-SKU-1024,Apparel,18
2026-01-23,APP-SKU-1024,Apparel,21
2026-01-24,APP-SKU-1024,Apparel,25
2026-01-25,APP-SKU-1024,Apparel,18
2026-01-26,APP-SKU-1024,Apparel,34
2026-01-27,APP-SKU-1024,Apparel,25
2026-01-28,APP-SKU-1024,Apparel,27
2026-01-29,APP-SKU-1024,Apparel,19
2026-01-30,APP-SKU-1024,Apparel,26
2026-01-31,APP-SKU-1024,Apparel,24
2026-02-01,APP-SKU-1024,Apparel,21
2026-02-02,APP-SKU-1024,Apparel,23
2026-02-03,APP-SKU-1024,Apparel,0
2026-02-04,APP-SKU-1024,Apparel,24
2026-02-05,APP-SKU-1024,Apparel,27
2026-02-06,APP-SKU-1024,Apparel,13
2026-02-07,APP-SKU-1024,Apparel,16
2026-02-08,APP-SKU-1024,Apparel,27
2026-02-09,APP-SKU-1024,Apparel,33
2026-02-10,APP-SKU-1024,Apparel,26
2026-02-11,APP-SKU-1024,Apparel,29
2026-02-12,APP-SKU-1024,Apparel,27
2026-02-13,APP-SKU-1024,Apparel,18
2026-02-14,APP-SKU-1024,Apparel,21
2026-02-15,APP-SKU-1024,Apparel,20
2026-02-16,APP-SKU-1024,Apparel,33
2026-02-17,APP-SKU-1024,Apparel,30
2026-02-18,APP-SKU-1024,Apparel,33
2026-02-19,APP-SKU-1024,Apparel,20
2026-02-20,APP-SKU-1024,Apparel,16
2026-02-21,APP-SKU-1024,Apparel,16
2026-02-22,APP-SKU-1024,Apparel,18
2026-02-23,APP-SKU-1024,Apparel,24
2026-02-24,APP-SKU-1024,Apparel,35
2026-02-25,APP-SKU-1024,Apparel,24
2026-02-26,APP-SKU-1024,Apparel,24
2026-02-27,APP-SKU-1024,Apparel,14
2025-09-01,APP-SKU-1025,Apparel,11
2025-09-02,APP-SKU-1025,Apparel,14
2025-09-03,APP-SKU-1025,Apparel,13
2025-09-04,APP-SKU-1025,Apparel,12
2025-09-05,APP-SKU-1025,Apparel,8
2025-09-06,APP-SKU-1025,Apparel,7
2025-09-07,APP-SKU-1025,Apparel,8
2025-09-08,APP-SKU-1025,Apparel,10
2025-09-09,APP-SKU-1025,Apparel,16
2025-09-10,APP-SKU-1025,Apparel,15
2025-09-11,APP-SKU-1025,Apparel,0
2025-09-12,APP-SKU-1025,Apparel,9
2025-09-13,APP-SKU-1025,Apparel,6
2025-09-14,APP-SKU-1025,Apparel,11
2025-09-15,APP-SKU-1025,Apparel,13
2025-09-16,APP-SKU-1025,Apparel,17
2025-09-17,APP-SKU-1025,Apparel,16
2025-09-18,APP-SKU-1025,Apparel,12
2025-09-19,APP-SKU-1025,Apparel,0
2025-09-20,APP-SKU-1025,Apparel,7
2025-09-21,APP-SKU-1025,Apparel,11
2025-09-22,APP-SKU-1025,Apparel,12
2025-09-23,APP-SKU-1025,Apparel,16
2025-09-24,APP-SKU-1025,Apparel,15
2025-09-25,APP-SKU-1025,Apparel,13
2025-09-26,APP-SKU-1025,Apparel,8
2025-09-27,APP-SKU-1025,Apparel,6
2025-09-28,APP-SKU-1025,Apparel,9
2025-09-29,APP-SKU-1025,Apparel,12
2025-09-30,APP-SKU-1025,Apparel,15
2025-10-01,APP-SKU-1025,Apparel,16
2025-10-02,APP-SKU-1025,Apparel,12
2025-10-03,APP-SKU-1025,Apparel,7
2025-10-04,APP-SKU-1025,Apparel,10
2025-10-05,APP-SKU-1025,Apparel,10
2025-10-06,APP-SKU-1025,Apparel,14
2025-10-07,APP-SKU-1025,Apparel,17
2025-10-08,APP-SKU-1025,Apparel,17
2025-10-09,APP-SKU-1025,Apparel,15
2025-10-10,APP-SKU-1025,Apparel,10
2025-10-11,APP-SKU-1025,Apparel,0
2025-10-12,APP-SKU-1025,Apparel,11
2025-10-13,APP-SKU-1025,Apparel,11
2025-10-14,APP-SKU-1025,Apparel,17
2025-10-15,APP-SKU-1025,Apparel,16
2025-10-16,APP-SKU-1025,Apparel,10
2025-10-17,APP-SKU-1025,Apparel,7
2025-10-18,APP-SKU-1025,Apparel,9
2025-10-19,APP-SKU-1025,Apparel,11
2025-10-20,APP-SKU-1025,Apparel,12
2025-10-21,APP-SKU-1025,Apparel,14
2025-10-22,APP-SKU-1025,Apparel,13
2025-10-23,APP-SKU-1025,Apparel,11
2025-10-24,APP-SKU-1025,Apparel,10
2025-10-25,APP-SKU-1025,Apparel,7
2025-10-26,APP-SKU-1025,Apparel,9
2025-10-27,APP-SKU-1025,Apparel,14
2025-10-28,APP-SKU-1025,Apparel,15
2025-10-29,APP-SKU-1025,Apparel,15
2025-10-30,APP-SKU-1025,Apparel,0
2025-10-31,APP-SKU-1025,Apparel,9
2025-11-01,APP-SKU-1025,Apparel,9
2025-11-02,APP-SKU-1025,Apparel,12
2025-11-03,APP-SKU-1025,Apparel,12
2025-11-04,APP-SKU-1025,Apparel,14
2025-11-05,APP-SKU-1025,Apparel,17
2025-11-06,APP-SKU-1025,Apparel,14
2025-11-07,APP-SKU-1025,Apparel,0
2025-11-08,APP-SKU-1025,Apparel,7
2025-11-09,APP-SKU-1025,Apparel,9
2025-11-10,APP-SKU-1025,Apparel,12
2025-11-11,APP-SKU-1025,Apparel,15
2025-11-12,APP-SKU-1025,Apparel,13
2025-11-13,APP-SKU-1025,Apparel,13
2025-11-14,APP-SKU-1025,Apparel,0
2025-11-15,APP-SKU-1025,Apparel,7
2025-11-16,APP-SKU-1025,Apparel,12
2025-11-17,APP-SKU-1025,Apparel,0
2025-11-18,APP-SKU-1025,Apparel,17
2025-11-19,APP-SKU-1025,Apparel,17
2025-11-20,APP-SKU-1025,Apparel,10
2025-11-21,APP-SKU-1025,Apparel,9
2025-11-22,APP-SKU-1025,Apparel,6
2025-11-23,APP-SKU-1025,Apparel,12
2025-11-24,APP-SKU-1025,Apparel,13
2025-11-25,APP-SKU-1025,Apparel,16
2025-11-26,APP-SKU-1025,Apparel,13
2025-11-27,APP-SKU-1025,Apparel,10
2025-11-28,APP-SKU-1025,Apparel,0
2025-11-29,APP-SKU-1025,Apparel,6
2025-11-30,APP-SKU-1025,Apparel,9
2025-12-01,APP-SKU-1025,Apparel,15
2025-12-02,APP-SKU-1025,Apparel,13
2025-12-03,APP-SKU-1025,Apparel,16
2025-12-04,APP-SKU-1025,Apparel,13
2025-12-05,APP-SKU-1025,Apparel,11
2025-12-06,APP-SKU-1025,Apparel,8
2025-12-07,APP-SKU-1025,Apparel,8
2025-12-08,APP-SKU-1025,Apparel,0
2025-12-09,APP-SKU-1025,Apparel,16
2025-12-10,APP-SKU-1025,Apparel,17
2025-12-11,APP-SKU-1025,Apparel,11
2025-12-12,APP-SKU-1025,Apparel,10
2025-12-13,APP-SKU-1025,Apparel,7
2025-12-14,APP-SKU-1025,Apparel,8
2025-12-15,APP-SKU-1025,Apparel,13
2025-12-16,APP-SKU-1025,Apparel,18
2025-12-17,APP-SKU-1025,Apparel,17
2025-12-18,APP-SKU-1025,Apparel,0
2025-12-19,APP-SKU-1025,Apparel,7
2025-12-20,APP-SKU-1025,Apparel,9
2025-12-21,APP-SKU-1025,Apparel,9
2025-12-22,APP-SKU-1025,Apparel,15
2025-12-23,APP-SKU-1025,Apparel,18
2025-12-24,APP-SKU-1025,Apparel,13
2025-12-25,APP-SKU-1025,Apparel,11
2025-12-26,APP-SKU-1025,Apparel,11
2025-12-27,APP-SKU-1025,Apparel,6
2025-12-28,APP-SKU-1025,Apparel,11
2025-12-29,APP-SKU-1025,Apparel,13
2025-12-30,APP-SKU-1025,Apparel,0
2025-12-31,APP-SKU-1025,Apparel,12
2026-01-01,APP-SKU-1025,Apparel,10
2026-01-02,APP-SKU-1025,Apparel,11
2026-01-03,APP-SKU-1025,Apparel,6
2026-01-04,APP-SKU-1025,Apparel,11
2026-01-05,APP-SKU-1025,Apparel,13
2026-01-06,APP-SKU-1025,Apparel,14
2026-01-07,APP-SKU-1025,Apparel,16
2026-01-08,APP-SKU-1025,Apparel,13
2026-01-09,APP-SKU-1025,Apparel,7
2026-01-10,APP-SKU-1025,Apparel,7
2026-01-11,APP-SKU-1025,Apparel,9
2026-01-12,APP-SKU-1025,Apparel,16
2026-01-13,APP-SKU-1025,Apparel,14
2026-01-14,APP-SKU-1025,Apparel,12
2026-01-15,APP-SKU-1025,Apparel,12
2026-01-16,APP-SKU-1025,Apparel,6
2026-01-17,APP-SKU-1025,Apparel,9
2026-01-18,APP-SKU-1025,Apparel,13
2026-01-19,APP-SKU-1025,Apparel,15
2026-01-20,APP-SKU-1025,Apparel,18
2026-01-21,APP-SKU-1025,Apparel,16
2026-01-22,APP-SKU-1025,Apparel,10
2026-01-23,APP-SKU-1025,Apparel,8
2026-01-24,APP-SKU-1025,Apparel,11
2026-01-25,APP-SKU-1025,Apparel,13
2026-01-26,APP-SKU-1025,Apparel,15
2026-01-27,APP-SKU-1025,Apparel,17
2026-01-28,APP-SKU-1025,Apparel,15
2026-01-29,APP-SKU-1025,Apparel,9
2026-01-30,APP-SKU-1025,Apparel,8
2026-01-31,APP-SKU-1025,Apparel,9
2026-02-01,APP-SKU-1025,Apparel,10
2026-02-02,APP-SKU-1025,Apparel,17
2026-02-03,APP-SKU-1025,Apparel,15
2026-02-04,APP-SKU-1025,Apparel,13
2026-02-05,APP-SKU-1025,Apparel,11
2026-02-06,APP-SKU-1025,Apparel,9
2026-02-07,APP-SKU-1025,Apparel,10
2026-02-08,APP-SKU-1025,Apparel,12
2026-02-09,APP-SKU-1025,Apparel,13
2026-02-10,APP-SKU-1025,Apparel,14
2026-02-11,APP-SKU-1025,Apparel,14
2026-02-12,APP-SKU-1025,Apparel,0
2026-02-13,APP-SKU-1025,Apparel,10
2026-02-14,APP-SKU-1025,Apparel,9
2026-02-15,APP-SKU-1025,Apparel,14
2026-02-16,APP-SKU-1025,Apparel,17
2026-02-17,APP-SKU-1025,Apparel,14
2026-02-18,APP-SKU-1025,Apparel,15
2026-02-19,APP-SKU-1025,Apparel,10
2026-02-20,APP-SKU-1025,Apparel,6
2026-02-21,APP-SKU-1025,Apparel,0
2026-02-22,APP-SKU-1025,Apparel,11
2026-02-23,APP-SKU-1025,Apparel,0
2026-02-24,APP-SKU-1025,Apparel,18
2026-02-25,APP-SKU-1025,Apparel,15
2026-02-26,APP-SKU-1025,Apparel,8
2026-02-27,APP-SKU-1025,Apparel,7
2025-09-01,SPO-SKU-1026,Sports & Outdoors,14
2025-09-02,SPO-SKU-1026,Sports & Outdoors,0
2025-09-03,SPO-SKU-1026,Sports & Outdoors,0
2025-09-04,SPO-SKU-1026,Sports & Outdoors,17
2025-09-05,SPO-SKU-1026,Sports & Outdoors,10
2025-09-06,SPO-SKU-1026,Sports & Outdoors,7
2025-09-07,SPO-SKU-1026,Sports & Outdoors,7
2025-09-08,SPO-SKU-1026,Sports & Outdoors,12
2025-09-09,SPO-SKU-1026,Sports & Outdoors,15
2025-09-10,SPO-SKU-1026,Sports & Outdoors,20
2025-09-11,SPO-SKU-1026,Sports & Outdoors,14
2025-09-12,SPO-SKU-1026,Sports & Outdoors,0
2025-09-13,SPO-SKU-1026,Sports & Outdoors,10
2025-09-14,SPO-SKU-1026,Sports & Outdoors,0
2025-09-15,SPO-SKU-1026,Sports & Outdoors,16
2025-09-16,SPO-SKU-1026,Sports & Outdoors,0
2025-09-17,SPO-SKU-1026,Sports & Outdoors,17
2025-09-18,SPO-SKU-1026,Sports & Outdoors,14
2025-09-19,SPO-SKU-1026,Sports & Outdoors,10
2025-09-20,SPO-SKU-1026,Sports & Outdoors,8
2025-09-21,SPO-SKU-1026,Sports & Outdoors,11
2025-09-22,SPO-SKU-1026,Sports & Outdoors,12
2025-09-23,SPO-SKU-1026,Sports & Outdoors,19
2025-09-24,SPO-SKU-1026,Sports & Outdoors,19
2025-09-25,SPO-SKU-1026,Sports & Outdoors,16
2025-09-26,SPO-SKU-1026,Sports & Outdoors,11
2025-09-27,SPO-SKU-1026,Sports & Outdoors,9
2025-09-28,SPO-SKU-1026,Sports & Outdoors,9
2025-09-29,SPO-SKU-1026,Sports & Outdoors,17
2025-09-30,SPO-SKU-1026,Sports & Outdoors,20
2025-10-01,SPO-SKU-1026,Sports & Outdoors,20
2025-10-02,SPO-SKU-1026,Sports & Outdoors,14
2025-10-03,SPO-SKU-1026,Sports & Outdoors,12
2025-10-04,SPO-SKU-1026,Sports & Outdoors,11
2025-10-05,SPO-SKU-1026,Sports & Outdoors,12
2025-10-06,SPO-SKU-1026,Sports & Outdoors,16
2025-10-07,SPO-SKU-1026,Sports & Outdoors,19
2025-10-08,SPO-SKU-1026,Sports & Outdoors,21
2025-10-09,SPO-SKU-1026,Sports & Outdoors,14
2025-10-10,SPO-SKU-1026,Sports & Outdoors,12
2025-10-11,SPO-SKU-1026,Sports & Outdoors,10
2025-10-12,SPO-SKU-1026,Sports & Outdoors,11
2025-10-13,SPO-SKU-1026,Sports & Outdoors,14
2025-10-14,SPO-SKU-1026,Sports & Outdoors,21
2025-10-15,SPO-SKU-1026,Sports & Outdoors,0
2025-10-16,SPO-SKU-1026,Sports & Outdoors,18
2025-10-17,SPO-SKU-1026,Sports & Outdoors,11
2025-10-18,SPO-SKU-1026,Sports & Outdoors,9
2025-10-19,SPO-SKU-1026,Sports & Outdoors,11
2025-10-20,SPO-SKU-1026,Sports & Outdoors,18
2025-10-21,SPO-SKU-1026,Sports & Outdoors,18
2025-10-22,SPO-SKU-1026,Sports & Outdoors,22
2025-10-23,SPO-SKU-1026,Sports & Outdoors,19
2025-10-24,SPO-SKU-1026,Sports & Outdoors,0
2025-10-25,SPO-SKU-1026,Sports & Outdoors,12
2025-10-26,SPO-SKU-1026,Sports & Outdoors,15
2025-10-27,SPO-SKU-1026,Sports & Outdoors,15
2025-10-28,SPO-SKU-1026,Sports & Outdoors,21
2025-10-29,SPO-SKU-1026,Sports & Outdoors,20
2025-10-30,SPO-SKU-1026,Sports & Outdoors,16
2025-10-31,SPO-SKU-1026,Sports & Outdoors,0
2025-11-01,SPO-SKU-1026,Sports & Outdoors,13
2025-11-02,SPO-SKU-1026,Sports & Outdoors,11
2025-11-03,SPO-SKU-1026,Sports & Outdoors,19
2025-11-04,SPO-SKU-1026,Sports & Outdoors,21
2025-11-05,SPO-SKU-1026,Sports & Outdoors,21
2025-11-06,SPO-SKU-1026,Sports & Outdoors,15
2025-11-07,SPO-SKU-1026,Sports & Outdoors,15
2025-11-08,SPO-SKU-1026,Sports & Outdoors,10
2025-11-09,SPO-SKU-1026,Sports & Outdoors,14
2025-11-10,SPO-SKU-1026,Sports & Outdoors,17
2025-11-11,SPO-SKU-1026,Sports & Outdoors,20
2025-11-12,SPO-SKU-1026,Sports & Outdoors,20
2025-11-13,SPO-SKU-1026,Sports & Outdoors,17
2025-11-14,SPO-SKU-1026,Sports & Outdoors,14
2025-11-15,SPO-SKU-1026,Sports & Outdoors,11
2025-11-16,SPO-SKU-1026,Sports & Outdoors,13
2025-11-17,SPO-SKU-1026,Sports & Outdoors,18
2025-11-18,SPO-SKU-1026,Sports & Outdoors,20
2025-11-19,SPO-SKU-1026,Sports & Outdoors,21
2025-11-20,SPO-SKU-1026,Sports & Outdoors,16
2025-11-21,SPO-SKU-1026,Sports & Outdoors,0
2025-11-22,SPO-SKU-1026,Sports & Outdoors,11
2025-11-23,SPO-SKU-1026,Sports & Outdoors,16
2025-11-24,SPO-SKU-1026,Sports & Outdoors,19
2025-11-25,SPO-SKU-1026,Sports & Outdoors,25
2025-11-26,SPO-SKU-1026,Sports & Outdoors,23
2025-11-27,SPO-SKU-1026,Sports & Outdoors,18
2025-11-28,SPO-SKU-1026,Sports & Outdoors,0
2025-11-29,SPO-SKU-1026,Sports & Outdoors,12
2025-11-30,SPO-SKU-1026,Sports & Outdoors,18
2025-12-01,SPO-SKU-1026,Sports & Outdoors,21
2025-12-02,SPO-SKU-1026,Sports & Outdoors,23
2025-12-03,SPO-SKU-1026,Sports & Outdoors,20
2025-12-04,SPO-SKU-1026,Sports & Outdoors,20
2025-12-05,SPO-SKU-1026,Sports & Outdoors,0
2025-12-06,SPO-SKU-1026,Sports & Outdoors,14
2025-12-07,SPO-SKU-1026,Sports & Outdoors,15
2025-12-08,SPO-SKU-1026,Sports & Outdoors,19
2025-12-09,SPO-SKU-1026,Sports & Outdoors,24
2025-12-10,SPO-SKU-1026,Sports & Outdoors,25
2025-12-11,SPO-SKU-1026,Sports & Outdoors,16
2025-12-12,SPO-SKU-1026,Sports & Outdoors,13
2025-12-13,SPO-SKU-1026,Sports & Outdoors,13
2025-12-14,SPO-SKU-1026,Sports & Outdoors,16
2025-12-15,SPO-SKU-1026,Sports & Outdoors,21
2025-12-16,SPO-SKU-1026,Sports & Outdoors,26
2025-12-17,SPO-SKU-1026,Sports & Outdoors,24
2025-12-18,SPO-SKU-1026,Sports & Outdoors,18
2025-12-19,SPO-SKU-1026,Sports & Outdoors,15
2025-12-20,SPO-SKU-1026,Sports & Outdoors,16
2025-12-21,SPO-SKU-1026,Sports & Outdoors,16
2025-12-22,SPO-SKU-1026,Sports & Outdoors,23
2025-12-23,SPO-SKU-1026,Sports & Outdoors,27
2025-12-24,SPO-SKU-1026,Sports & Outdoors,23
2025-12-25,SPO-SKU-1026,Sports & Outdoors,21
2025-12-26,SPO-SKU-1026,Sports & Outdoors,0
2025-12-27,SPO-SKU-1026,Sports & Outdoors,17
2025-12-28,SPO-SKU-1026,Sports & Outdoors,0
2025-12-29,SPO-SKU-1026,Sports & Outdoors,24
2025-12-30,SPO-SKU-1026,Sports & Outdoors,26
2025-12-31,SPO-SKU-1026,Sports & Outdoors,22
2026-01-01,SPO-SKU-1026,Sports & Outdoors,19
2026-01-02,SPO-SKU-1026,Sports & Outdoors,17
2026-01-03,SPO-SKU-1026,Sports & Outdoors,0
2026-01-04,SPO-SKU-1026,Sports & Outdoors,20
2026-01-05,SPO-SKU-1026,Sports & Outdoors,23
2026-01-06,SPO-SKU-1026,Sports & Outdoors,24
2026-01-07,SPO-SKU-1026,Sports & Outdoors,23
2026-01-08,SPO-SKU-1026,Sports & Outdoors,18
2026-01-09,SPO-SKU-1026,Sports & Outdoors,17
2026-01-10,SPO-SKU-1026,Sports & Outdoors,0
2026-01-11,SPO-SKU-1026,Sports & Outdoors,17
2026-01-12,SPO-SKU-1026,Sports & Outdoors,26
2026-01-13,SPO-SKU-1026,Sports & Outdoors,27
2026-01-14,SPO-SKU-1026,Sports & Outdoors,24
2026-01-15,SPO-SKU-1026,Sports & Outdoors,19
2026-01-16,SPO-SKU-1026,Sports & Outdoors,17
2026-01-17,SPO-SKU-1026,Sports & Outdoors,17
2026-01-18,SPO-SKU-1026,Sports & Outdoors,18
2026-01-19,SPO-SKU-1026,Sports & Outdoors,26
2026-01-20,SPO-SKU-1026,Sports & Outdoors,28
2026-01-21,SPO-SKU-1026,Sports & Outdoors,23
2026-01-22,SPO-SKU-1026,Sports & Outdoors,19
2026-01-23,SPO-SKU-1026,Sports & Outdoors,15
2026-01-24,SPO-SKU-1026,Sports & Outdoors,17
2026-01-25,SPO-SKU-1026,Sports & Outdoors,18
2026-01-26,SPO-SKU-1026,Sports & Outdoors,23
2026-01-27,SPO-SKU-1026,Sports & Outdoors,29
2026-01-28,SPO-SKU-1026,Sports & Outdoors,24
2026-01-29,SPO-SKU-1026,Sports & Outdoors,18
2026-01-30,SPO-SKU-1026,Sports & Outdoors,18
2026-01-31,SPO-SKU-1026,Sports & Outdoors,17
2026-02-01,SPO-SKU-1026,Sports & Outdoors,22
2026-02-02,SPO-SKU-1026,Sports & Outdoors,25
2026-02-03,SPO-SKU-1026,Sports & Outdoors,25
2026-02-04,SPO-SKU-1026,Sports & Outdoors,26
2026-02-05,SPO-SKU-1026,Sports & Outdoors,18
2026-02-06,SPO-SKU-1026,Sports & Outdoors,15
2026-02-07,SPO-SKU-1026,Sports & Outdoors,17
2026-02-08,SPO-SKU-1026,Sports & Outdoors,21
2026-02-09,SPO-SKU-1026,Sports & Outdoors,25
2026-02-10,SPO-SKU-1026,Sports & Outdoors,30
2026-02-11,SPO-SKU-1026,Sports & Outdoors,25
2026-02-12,SPO-SKU-1026,Sports & Outdoors,21
2026-02-13,SPO-SKU-1026,Sports & Outdoors,16
2026-02-14,SPO-SKU-1026,Sports & Outdoors,19
2026-02-15,SPO-SKU-1026,Sports & Outdoors,24
2026-02-16,SPO-SKU-1026,Sports & Outdoors,26
2026-02-17,SPO-SKU-1026,Sports & Outdoors,28
2026-02-18,SPO-SKU-1026,Sports & Outdoors,25
2026-02-19,SPO-SKU-1026,Sports & Outdoors,23
2026-02-20,SPO-SKU-1026,Sports & Outdoors,16
2026-02-21,SPO-SKU-1026,Sports & Outdoors,21
2026-02-22,SPO-SKU-1026,Sports & Outdoors,25
2026-02-23,SPO-SKU-1026,Sports & Outdoors,29
2026-02-24,SPO-SKU-1026,Sports & Outdoors,27
2026-02-25,SPO-SKU-1026,Sports & Outdoors,25
2026-02-26,SPO-SKU-1026,Sports & Outdoors,20
2026-02-27,SPO-SKU-1026,Sports & Outdoors,16
2025-09-01,HOM-SKU-1027,Home & Garden,8
2025-09-02,HOM-SKU-1027,Home & Garden,8
2025-09-03,HOM-SKU-1027,Home & Garden,9
2025-09-04,HOM-SKU-1027,Home & Garden,8
2025-09-05,HOM-SKU-1027,Home & Garden,6
2025-09-06,HOM-SKU-1027,Home & Garden,4
2025-09-07,HOM-SKU-1027,Home & Garden,0
2025-09-08,HOM-SKU-1027,Home & Garden,6
2025-09-09,HOM-SKU-1027,Home & Garden,7
2025-09-10,HOM-SKU-1027,Home & Garden,8
2025-09-11,HOM-SKU-1027,Home & Garden,0
2025-09-12,HOM-SKU-1027,Home & Garden,0
2025-09-13,HOM-SKU-1027,Home & Garden,5
2025-09-14,HOM-SKU-1027,Home & Garden,4
2025-09-15,HOM-SKU-1027,Home & Garden,8
2025-09-16,HOM-SKU-1027,Home & Garden,8
2025-09-17,HOM-SKU-1027,Home & Garden,8
2025-09-18,HOM-SKU-1027,Home & Garden,7
2025-09-19,HOM-SKU-1027,Home & Garden,4
2025-09-20,HOM-SKU-1027,Home & Garden,4
2025-09-21,HOM-SKU-1027,Home & Garden,4
2025-09-22,HOM-SKU-1027,Home & Garden,8
2025-09-23,HOM-SKU-1027,Home & Garden,7
2025-09-24,HOM-SKU-1027,Home & Garden,0
2025-09-25,HOM-SKU-1027,Home & Garden,8
2025-09-26,HOM-SKU-1027,Home & Garden,0
2025-09-27,HOM-SKU-1027,Home & Garden,3
2025-09-28,HOM-SKU-1027,Home & Garden,5
2025-09-29,HOM-SKU-1027,Home & Garden,7
2025-09-30,HOM-SKU-1027,Home & Garden,9
2025-10-01,HOM-SKU-1027,Home & Garden,9
2025-10-02,HOM-SKU-1027,Home & Garden,8
2025-10-03,HOM-SKU-1027,Home & Garden,0
2025-10-04,HOM-SKU-1027,Home & Garden,5
2025-10-05,HOM-SKU-1027,Home & Garden,6
2025-10-06,HOM-SKU-1027,Home & Garden,7
2025-10-07,HOM-SKU-1027,Home & Garden,7
2025-10-08,HOM-SKU-1027,Home & Garden,9
2025-10-09,HOM-SKU-1027,Home & Garden,7
2025-10-10,HOM-SKU-1027,Home & Garden,6
2025-10-11,HOM-SKU-1027,Home & Garden,4
2025-10-12,HOM-SKU-1027,Home & Garden,6
2025-10-13,HOM-SKU-1027,Home & Garden,7
2025-10-14,HOM-SKU-1027,Home & Garden,7
2025-10-15,HOM-SKU-1027,Home & Garden,8
2025-10-16,HOM-SKU-1027,Home & Garden,6
2025-10-17,HOM-SKU-1027,Home & Garden,6
2025-10-18,HOM-SKU-1027,Home & Garden,5
2025-10-19,HOM-SKU-1027,Home & Garden,6
2025-10-20,HOM-SKU-1027,Home & Garden,8
2025-10-21,HOM-SKU-1027,Home & Garden,9
2025-10-22,HOM-SKU-1027,Home & Garden,7
2025-10-23,HOM-SKU-1027,Home & Garden,0
2025-10-24,HOM-SKU-1027,Home & Garden,5
2025-10-25,HOM-SKU-1027,Home & Garden,4
2025-10-26,HOM-SKU-1027,Home & Garden,4
2025-10-27,HOM-SKU-1027,Home & Garden,8
2025-10-28,HOM-SKU-1027,Home & Garden,0
2025-10-29,HOM-SKU-1027,Home & Garden,9
2025-10-30,HOM-SKU-1027,Home & Garden,0
2025-10-31,HOM-SKU-1027,Home & Garden,6
2025-11-01,HOM-SKU-1027,Home & Garden,3
2025-11-02,HOM-SKU-1027,Home & Garden,4
2025-11-03,HOM-SKU-1027,Home & Garden,7
2025-11-04,HOM-SKU-1027,Home & Garden,9
2025-11-05,HOM-SKU-1027,Home & Garden,7
2025-11-06,HOM-SKU-1027,Home & Garden,8
2025-11-07,HOM-SKU-1027,Home & Garden,6
2025-11-08,HOM-SKU-1027,Home & Garden,3
2025-11-09,HOM-SKU-1027,Home & Garden,6
2025-11-10,HOM-SKU-1027,Home & Garden,6
2025-11-11,HOM-SKU-1027,Home & Garden,7
2025-11-12,HOM-SKU-1027,Home & Garden,9
2025-11-13,HOM-SKU-1027,Home & Garden,7
2025-11-14,HOM-SKU-1027,Home & Garden,4
2025-11-15,HOM-SKU-1027,Home & Garden,5
2025-11-16,HOM-SKU-1027,Home & Garden,5
2025-11-17,HOM-SKU-1027,Home & Garden,6
2025-11-18,HOM-SKU-1027,Home & Garden,7
2025-11-19,HOM-SKU-1027,Home & Garden,8
2025-11-20,HOM-SKU-1027,Home & Garden,7
2025-11-21,HOM-SKU-1027,Home & Garden,4
2025-11-22,HOM-SKU-1027,Home & Garden,3
2025-11-23,HOM-SKU-1027,Home & Garden,6
2025-11-24,HOM-SKU-1027,Home & Garden,6
2025-11-25,HOM-SKU-1027,Home & Garden,8
2025-11-26,HOM-SKU-1027,Home & Garden,8
2025-11-27,HOM-SKU-1027,Home & Garden,5
2025-11-28,HOM-SKU-1027,Home & Garden,0
2025-11-29,HOM-SKU-1027,Home & Garden,0
2025-11-30,HOM-SKU-1027,Home & Garden,4
2025-12-01,HOM-SKU-1027,Home & Garden,7
2025-12-02,HOM-SKU-1027,Home & Garden,7
2025-12-03,HOM-SKU-1027,Home & Garden,7
2025-12-04,HOM-SKU-1027,Home & Garden,6
2025-12-05,HOM-SKU-1027,Home & Garden,5
2025-12-06,HOM-SKU-1027,Home & Garden,5
2025-12-07,HOM-SKU-1027,Home & Garden,6
2025-12-08,HOM-SKU-1027,Home & Garden,7
2025-12-09,HOM-SKU-1027,Home & Garden,7
2025-12-10,HOM-SKU-1027,Home & Garden,0
2025-12-11,HOM-SKU-1027,Home & Garden,7
2025-12-12,HOM-SKU-1027,Home & Garden,3
2025-12-13,HOM-SKU-1027,Home & Garden,3
2025-12-14,HOM-SKU-1027,Home & Garden,6
2025-12-15,HOM-SKU-1027,Home & Garden,8
2025-12-16,HOM-SKU-1027,Home & Garden,9
2025-12-17,HOM-SKU-1027,Home & Garden,7
2025-12-18,HOM-SKU-1027,Home & Garden,7
2025-12-19,HOM-SKU-1027,Home & Garden,4
2025-12-20,HOM-SKU-1027,Home & Garden,4
2025-12-21,HOM-SKU-1027,Home & Garden,6
2025-12-22,HOM-SKU-1027,Home & Garden,6
2025-12-23,HOM-SKU-1027,Home & Garden,7
2025-12-24,HOM-SKU-1027,Home & Garden,9
2025-12-25,HOM-SKU-1027,Home & Garden,6
2025-12-26,HOM-SKU-1027,Home & Garden,5
2025-12-27,HOM-SKU-1027,Home & Garden,3
2025-12-28,HOM-SKU-1027,Home & Garden,0
2025-12-29,HOM-SKU-1027,Home & Garden,0
2025-12-30,HOM-SKU-1027,Home & Garden,0
2025-12-31,HOM-SKU-1027,Home & Garden,7
2026-01-01,HOM-SKU-1027,Home & Garden,5
2026-01-02,HOM-SKU-1027,Home & Garden,4
2026-01-03,HOM-SKU-1027,Home & Garden,3
2026-01-04,HOM-SKU-1027,Home & Garden,6
2026-01-05,HOM-SKU-1027,Home & Garden,6
2026-01-06,HOM-SKU-1027,Home & Garden,9
2026-01-07,HOM-SKU-1027,Home & Garden,8
2026-01-08,HOM-SKU-1027,Home & Garden,6
2026-01-09,HOM-SKU-1027,Home & Garden,4
2026-01-10,HOM-SKU-1027,Home & Garden,5
2026-01-11,HOM-SKU-1027,Home & Garden,6
2026-01-12,HOM-SKU-1027,Home & Garden,0
2026-01-13,HOM-SKU-1027,Home & Garden,7
2026-01-14,HOM-SKU-1027,Home & Garden,8
2026-01-15,HOM-SKU-1027,Home & Garden,4
2026-01-16,HOM-SKU-1027,Home & Garden,3
2026-01-17,HOM-SKU-1027,Home & Garden,4
2026-01-18,HOM-SKU-1027,Home & Garden,4
2026-01-19,HOM-SKU-1027,Home & Garden,7
2026-01-20,HOM-SKU-1027,Home & Garden,8
2026-01-21,HOM-SKU-1027,Home & Garden,7
2026-01-22,HOM-SKU-1027,Home & Garden,6
2026-01-23,HOM-SKU-1027,Home & Garden,4
2026-01-24,HOM-SKU-1027,Home & Garden,5
2026-01-25,HOM-SKU-1027,Home & Garden,7
2026-01-26,HOM-SKU-1027,Home & Garden,0
2026-01-27,HOM-SKU-1027,Home & Garden,9
2026-01-28,HOM-SKU-1027,Home & Garden,7
2026-01-29,HOM-SKU-1027,Home & Garden,6
2026-01-30,HOM-SKU-1027,Home & Garden,3
2026-01-31,HOM-SKU-1027,Home & Garden,4
2026-02-01,HOM-SKU-1027,Home & Garden,6
2026-02-02,HOM-SKU-1027,Home & Garden,0
2026-02-03,HOM-SKU-1027,Home & Garden,7
2026-02-04,HOM-SKU-1027,Home & Garden,8
2026-02-05,HOM-SKU-1027,Home & Garden,6
2026-02-06,HOM-SKU-1027,Home & Garden,5
2026-02-07,HOM-SKU-1027,Home & Garden,4
2026-02-08,HOM-SKU-1027,Home & Garden,7
2026-02-09,HOM-SKU-1027,Home & Garden,8
2026-02-10,HOM-SKU-1027,Home & Garden,7
2026-02-11,HOM-SKU-1027,Home & Garden,7
2026-02-12,HOM-SKU-1027,Home & Garden,0
2026-02-13,HOM-SKU-1027,Home & Garden,5
2026-02-14,HOM-SKU-1027,Home & Garden,3
2026-02-15,HOM-SKU-1027,Home & Garden,7
2026-02-16,HOM-SKU-1027,Home & Garden,8
2026-02-17,HOM-SKU-1027,Home & Garden,0
2026-02-18,HOM-SKU-1027,Home & Garden,6
2026-02-19,HOM-SKU-1027,Home & Garden,5
2026-02-20,HOM-SKU-1027,Home & Garden,5
2026-02-21,HOM-SKU-1027,Home & Garden,0
2026-02-22,HOM-SKU-1027,Home & Garden,6
2026-02-23,HOM-SKU-1027,Home & Garden,7
2026-02-24,HOM-SKU-1027,Home & Garden,9
2026-02-25,HOM-SKU-1027,Home & Garden,6
2026-02-26,HOM-SKU-1027,Home & Garden,0
2026-02-27,HOM-SKU-1027,Home & Garden,0
2025-09-01,APP-SKU-1028,Apparel,2
2025-09-02,APP-SKU-1028,Apparel,2
2025-09-03,APP-SKU-1028,Apparel,0
2025-09-04,APP-SKU-1028,Apparel,2
2025-09-05,APP-SKU-1028,Apparel,1
2025-09-06,APP-SKU-1028,Apparel,1
2025-09-07,APP-SKU-1028,Apparel,0
2025-09-08,APP-SKU-1028,Apparel,2
2025-09-09,APP-SKU-1028,Apparel,0
2025-09-10,APP-SKU-1028,Apparel,0
2025-09-11,APP-SKU-1028,Apparel,2
2025-09-12,APP-SKU-1028,Apparel,0
2025-09-13,APP-SKU-1028,Apparel,1
2025-09-14,APP-SKU-1028,Apparel,1
2025-09-15,APP-SKU-1028,Apparel,0
2025-09-16,APP-SKU-1028,Apparel,2
2025-09-17,APP-SKU-1028,Apparel,2
2025-09-18,APP-SKU-1028,Apparel,2
2025-09-19,APP-SKU-1028,Apparel,1
2025-09-20,APP-SKU-1028,Apparel,1
2025-09-21,APP-SKU-1028,Apparel,1
2025-09-22,APP-SKU-1028,Apparel,2
2025-09-23,APP-SKU-1028,Apparel,2
2025-09-24,APP-SKU-1028,Apparel,2
2025-09-25,APP-SKU-1028,Apparel,2
2025-09-26,APP-SKU-1028,Apparel,1
2025-09-27,APP-SKU-1028,Apparel,1
2025-09-28,APP-SKU-1028,Apparel,1
2025-09-29,APP-SKU-1028,Apparel,2
2025-09-30,APP-SKU-1028,Apparel,2
2025-10-01,APP-SKU-1028,Apparel,2
2025-10-02,APP-SKU-1028,Apparel,2
2025-10-03,APP-SKU-1028,Apparel,0
2025-10-04,APP-SKU-1028,Apparel,1
2025-10-05,APP-SKU-1028,Apparel,1
2025-10-06,APP-SKU-1028,Apparel,0
2025-10-07,APP-SKU-1028,Apparel,2
2025-10-08,APP-SKU-1028,Apparel,2
2025-10-09,APP-SKU-1028,Apparel,2
2025-10-10,APP-SKU-1028,Apparel,2
2025-10-11,APP-SKU-1028,Apparel,1
2025-10-12,APP-SKU-1028,Apparel,2
2025-10-13,APP-SKU-1028,Apparel,2
2025-10-14,APP-SKU-1028,Apparel,2
2025-10-15,APP-SKU-1028,Apparel,2
2025-10-16,APP-SKU-1028,Apparel,0
2025-10-17,APP-SKU-1028,Apparel,2
2025-10-18,APP-SKU-1028,Apparel,1
2025-10-19,APP-SKU-1028,Apparel,2
2025-10-20,APP-SKU-1028,Apparel,2
2025-10-21,APP-SKU-1028,Apparel,2
2025-10-22,APP-SKU-1028,Apparel,2
2025-10-23,APP-SKU-1028,Apparel,2
2025-10-24,APP-SKU-1028,Apparel,2
2025-10-25,APP-SKU-1028,Apparel,1
2025-10-26,APP-SKU-1028,Apparel,2
2025-10-27,APP-SKU-1028,Apparel,2
2025-10-28,APP-SKU-1028,Apparel,2
2025-10-29,APP-SKU-1028,Apparel,2
2025-10-30,APP-SKU-1028,Apparel,2
2025-10-31,APP-SKU-1028,Apparel,2
2025-11-01,APP-SKU-1028,Apparel,1
2025-11-02,APP-SKU-1028,Apparel,2
2025-11-03,APP-SKU-1028,Apparel,2
2025-11-04,APP-SKU-1028,Apparel,2
2025-11-05,APP-SKU-1028,Apparel,2
2025-11-06,APP-SKU-1028,Apparel,2
2025-11-07,APP-SKU-1028,Apparel,2
2025-11-08,APP-SKU-1028,Apparel,2
2025-11-09,APP-SKU-1028,Apparel,2
2025-11-10,APP-SKU-1028,Apparel,2
2025-11-11,APP-SKU-1028,Apparel,2
2025-11-12,APP-SKU-1028,Apparel,2
2025-11-13,APP-SKU-1028,Apparel,0
2025-11-14,APP-SKU-1028,Apparel,2
2025-11-15,APP-SKU-1028,Apparel,2
2025-11-16,APP-SKU-1028,Apparel,2
2025-11-17,APP-SKU-1028,Apparel,2
2025-11-18,APP-SKU-1028,Apparel,2
2025-11-19,APP-SKU-1028,Apparel,2
2025-11-20,APP-SKU-1028,Apparel,2
2025-11-21,APP-SKU-1028,Apparel,2
2025-11-22,APP-SKU-1028,Apparel,2
2025-11-23,APP-SKU-1028,Apparel,2
2025-11-24,APP-SKU-1028,Apparel,0
2025-11-25,APP-SKU-1028,Apparel,2
2025-11-26,APP-SKU-1028,Apparel,2
2025-11-27,APP-SKU-1028,Apparel,2
2025-11-28,APP-SKU-1028,Apparel,2
2025-11-29,APP-SKU-1028,Apparel,2
2025-11-30,APP-SKU-1028,Apparel,2
2025-12-01,APP-SKU-1028,Apparel,2
2025-12-02,APP-SKU-1028,Apparel,2
2025-12-03,APP-SKU-1028,Apparel,2
2025-12-04,APP-SKU-1028,Apparel,2
2025-12-05,APP-SKU-1028,Apparel,2
2025-12-06,APP-SKU-1028,Apparel,0
2025-12-07,APP-SKU-1028,Apparel,2
2025-12-08,APP-SKU-1028,Apparel,2
2025-12-09,APP-SKU-1028,Apparel,2
2025-12-10,APP-SKU-1028,Apparel,2
2025-12-11,APP-SKU-1028,Apparel,2
2025-12-12,APP-SKU-1028,Apparel,2
2025-12-13,APP-SKU-1028,Apparel,0
2025-12-14,APP-SKU-1028,Apparel,2
2025-12-15,APP-SKU-1028,Apparel,0
2025-12-16,APP-SKU-1028,Apparel,2
2025-12-17,APP-SKU-1028,Apparel,2
2025-12-18,APP-SKU-1028,Apparel,2
2025-12-19,APP-SKU-1028,Apparel,2
2025-12-20,APP-SKU-1028,Apparel,0
2025-12-21,APP-SKU-1028,Apparel,2
2025-12-22,APP-SKU-1028,Apparel,2
2025-12-23,APP-SKU-1028,Apparel,2
2025-12-24,APP-SKU-1028,Apparel,2
2025-12-25,APP-SKU-1028,Apparel,0
2025-12-26,APP-SKU-1028,Apparel,2
2025-12-27,APP-SKU-1028,Apparel,0
2025-12-28,APP-SKU-1028,Apparel,0
2025-12-29,APP-SKU-1028,Apparel,2
2025-12-30,APP-SKU-1028,Apparel,2
2025-12-31,APP-SKU-1028,Apparel,0
2026-01-01,APP-SKU-1028,Apparel,2
2026-01-02,APP-SKU-1028,Apparel,2
2026-01-03,APP-SKU-1028,Apparel,2
2026-01-04,APP-SKU-1028,Apparel,2
2026-01-05,APP-SKU-1028,Apparel,2
2026-01-06,APP-SKU-1028,Apparel,2
2026-01-07,APP-SKU-1028,Apparel,2
2026-01-08,APP-SKU-1028,Apparel,2
2026-01-09,APP-SKU-1028,Apparel,2
2026-01-10,APP-SKU-1028,Apparel,2
2026-01-11,APP-SKU-1028,Apparel,2
2026-01-12,APP-SKU-1028,Apparel,2
2026-01-13,APP-SKU-1028,Apparel,2
2026-01-14,APP-SKU-1028,Apparel,2
2026-01-15,APP-SKU-1028,Apparel,2
2026-01-16,APP-SKU-1028,Apparel,0
2026-01-17,APP-SKU-1028,Apparel,2
2026-01-18,APP-SKU-1028,Apparel,2
2026-01-19,APP-SKU-1028,Apparel,2
2026-01-20,APP-SKU-1028,Apparel,2
2026-01-21,APP-SKU-1028,Apparel,2
2026-01-22,APP-SKU-1028,Apparel,2
2026-01-23,APP-SKU-1028,Apparel,2
2026-01-24,APP-SKU-1028,Apparel,2
2026-01-25,APP-SKU-1028,Apparel,2
2026-01-26,APP-SKU-1028,Apparel,2
2026-01-27,APP-SKU-1028,Apparel,2
2026-01-28,APP-SKU-1028,Apparel,2
2026-01-29,APP-SKU-1028,Apparel,2
2026-01-30,APP-SKU-1028,Apparel,2
2026-01-31,APP-SKU-1028,Apparel,2
2026-02-01,APP-SKU-1028,Apparel,2
2026-02-02,APP-SKU-1028,Apparel,2
2026-02-03,APP-SKU-1028,Apparel,2
2026-02-04,APP-SKU-1028,Apparel,2
2026-02-05,APP-SKU-1028,Apparel,2
2026-02-06,APP-SKU-1028,Apparel,2
2026-02-07,APP-SKU-1028,Apparel,2
2026-02-08,APP-SKU-1028,Apparel,0
2026-02-09,APP-SKU-1028,Apparel,2
2026-02-10,APP-SKU-1028,Apparel,2
2026-02-11,APP-SKU-1028,Apparel,2
2026-02-12,APP-SKU-1028,Apparel,2
2026-02-13,APP-SKU-1028,Apparel,2
2026-02-14,APP-SKU-1028,Apparel,2
2026-02-15,APP-SKU-1028,Apparel,2
2026-02-16,APP-SKU-1028,Apparel,2
2026-02-17,APP-SKU-1028,Apparel,2
2026-02-18,APP-SKU-1028,Apparel,2
2026-02-19,APP-SKU-1028,Apparel,2
2026-02-20,APP-SKU-1028,Apparel,2
2026-02-21,APP-SKU-1028,Apparel,2
2026-02-22,APP-SKU-1028,Apparel,2
2026-02-23,APP-SKU-1028,Apparel,2
2026-02-24,APP-SKU-1028,Apparel,0
2026-02-25,APP-SKU-1028,Apparel,0
2026-02-26,APP-SKU-1028,Apparel,2
2026-02-27,APP-SKU-1028,Apparel,2
2025-09-01,ELE-SKU-1029,Electronics,18
2025-09-02,ELE-SKU-1029,Electronics,23
2025-09-03,ELE-SKU-1029,Electronics,22
2025-09-04,ELE-SKU-1029,Electronics,21
2025-09-05,ELE-SKU-1029,Electronics,0
2025-09-06,ELE-SKU-1029,Electronics,19
2025-09-07,ELE-SKU-1029,Electronics,19
2025-09-08,ELE-SKU-1029,Electronics,22
2025-09-09,ELE-SKU-1029,Electronics,23
2025-09-10,ELE-SKU-1029,Electronics,24
2025-09-11,ELE-SKU-1029,Electronics,23
2025-09-12,ELE-SKU-1029,Electronics,21
2025-09-13,ELE-SKU-1029,Electronics,13
2025-09-14,ELE-SKU-1029,Electronics,13
2025-09-15,ELE-SKU-1029,Electronics,19
2025-09-16,ELE-SKU-1029,Electronics,26
2025-09-17,ELE-SKU-1029,Electronics,21
2025-09-18,ELE-SKU-1029,Electronics,21
2025-09-19,ELE-SKU-1029,Electronics,16
2025-09-20,ELE-SKU-1029,Electronics,21
2025-09-21,ELE-SKU-1029,Electronics,21
2025-09-22,ELE-SKU-1029,Electronics,22
2025-09-23,ELE-SKU-1029,Electronics,21
2025-09-24,ELE-SKU-1029,Electronics,0
2025-09-25,ELE-SKU-1029,Electronics,21
2025-09-26,ELE-SKU-1029,Electronics,22
2025-09-27,ELE-SKU-1029,Electronics,19
2025-09-28,ELE-SKU-1029,Electronics,21
2025-09-29,ELE-SKU-1029,Electronics,24
2025-09-30,ELE-SKU-1029,Electronics,23
2025-10-01,ELE-SKU-1029,Electronics,22
2025-10-02,ELE-SKU-1029,Electronics,24
2025-10-03,ELE-SKU-1029,Electronics,19
2025-10-04,ELE-SKU-1029,Electronics,19
2025-10-05,ELE-SKU-1029,Electronics,21
2025-10-06,ELE-SKU-1029,Electronics,21
2025-10-07,ELE-SKU-1029,Electronics,19
2025-10-08,ELE-SKU-1029,Electronics,0
2025-10-09,ELE-SKU-1029,Electronics,23
2025-10-10,ELE-SKU-1029,Electronics,22
2025-10-11,ELE-SKU-1029,Electronics,18
2025-10-12,ELE-SKU-1029,Electronics,0
2025-10-13,ELE-SKU-1029,Electronics,18
2025-10-14,ELE-SKU-1029,Electronics,25
2025-10-15,ELE-SKU-1029,Electronics,0
2025-10-16,ELE-SKU-1029,Electronics,22
2025-10-17,ELE-SKU-1029,Electronics,17
2025-10-18,ELE-SKU-1029,Electronics,19
2025-10-19,ELE-SKU-1029,Electronics,16
2025-10-20,ELE-SKU-1029,Electronics,19
2025-10-21,ELE-SKU-1029,Electronics,18
2025-10-22,ELE-SKU-1029,Electronics,24
2025-10-23,ELE-SKU-1029,Electronics,0
2025-10-24,ELE-SKU-1029,Electronics,16
2025-10-25,ELE-SKU-1029,Electronics,16
2025-10-26,ELE-SKU-1029,Electronics,20
2025-10-27,ELE-SKU-1029,Electronics,16
2025-10-28,ELE-SKU-1029,Electronics,25
2025-10-29,ELE-SKU-1029,Electronics,22
2025-10-30,ELE-SKU-1029,Electronics,23
2025-10-31,ELE-SKU-1029,Electronics,22
2025-11-01,ELE-SKU-1029,Electronics,17
2025-11-02,ELE-SKU-1029,Electronics,17
2025-11-03,ELE-SKU-1029,Electronics,0
2025-11-04,ELE-SKU-1029,Electronics,23
2025-11-05,ELE-SKU-1029,Electronics,25
2025-11-06,ELE-SKU-1029,Electronics,23
2025-11-07,ELE-SKU-1029,Electronics,19
2025-11-08,ELE-SKU-1029,Electronics,19
2025-11-09,ELE-SKU-1029,Electronics,15
2025-11-10,ELE-SKU-1029,Electronics,17
2025-11-11,ELE-SKU-1029,Electronics,0
2025-11-12,ELE-SKU-1029,Electronics,20
2025-11-13,ELE-SKU-1029,Electronics,21
2025-11-14,ELE-SKU-1029,Electronics,15
2025-11-15,ELE-SKU-1029,Electronics,17
2025-11-16,ELE-SKU-1029,Electronics,19
2025-11-17,ELE-SKU-1029,Electronics,21
2025-11-18,ELE-SKU-1029,Electronics,25
2025-11-19,ELE-SKU-1029,Electronics,19
2025-11-20,ELE-SKU-1029,Electronics,18
2025-11-21,ELE-SKU-1029,Electronics,14
2025-11-22,ELE-SKU-1029,Electronics,18
2025-11-23,ELE-SKU-1029,Electronics,16
2025-11-24,ELE-SKU-1029,Electronics,0
2025-11-25,ELE-SKU-1029,Electronics,27
2025-11-26,ELE-SKU-1029,Electronics,22
2025-11-27,ELE-SKU-1029,Electronics,23
2025-11-28,ELE-SKU-1029,Electronics,15
2025-11-29,ELE-SKU-1029,Electronics,21
2025-11-30,ELE-SKU-1029,Electronics,18
2025-12-01,ELE-SKU-1029,Electronics,20
2025-12-02,ELE-SKU-1029,Electronics,26
2025-12-03,ELE-SKU-1029,Electronics,26
2025-12-04,ELE-SKU-1029,Electronics,20
2025-12-05,ELE-SKU-1029,Electronics,21
2025-12-06,ELE-SKU-1029,Electronics,15
2025-12-07,ELE-SKU-1029,Electronics,21
2025-12-08,ELE-SKU-1029,Electronics,19
2025-12-09,ELE-SKU-1029,Electronics,0
2025-12-10,ELE-SKU-1029,Electronics,23
2025-12-11,ELE-SKU-1029,Electronics,24
2025-12-12,ELE-SKU-1029,Electronics,15
2025-12-13,ELE-SKU-1029,Electronics,0
2025-12-14,ELE-SKU-1029,Electronics,15
2025-12-15,ELE-SKU-1029,Electronics,25
2025-12-16,ELE-SKU-1029,Electronics,20
2025-12-17,ELE-SKU-1029,Electronics,19
2025-12-18,ELE-SKU-1029,Electronics,16
2025-12-19,ELE-SKU-1029,Electronics,0
2025-12-20,ELE-SKU-1029,Electronics,20
2025-12-21,ELE-SKU-1029,Electronics,19
2025-12-22,ELE-SKU-1029,Electronics,25
2025-12-23,ELE-SKU-1029,Electronics,26
2025-12-24,ELE-SKU-1029,Electronics,22
2025-12-25,ELE-SKU-1029,Electronics,0
2025-12-26,ELE-SKU-1029,Electronics,20
2025-12-27,ELE-SKU-1029,Electronics,18
2025-12-28,ELE-SKU-1029,Electronics,20
2025-12-29,ELE-SKU-1029,Electronics,25
2025-12-30,ELE-SKU-1029,Electronics,23
2025-12-31,ELE-SKU-1029,Electronics,18
2026-01-01,ELE-SKU-1029,Electronics,19
2026-01-02,ELE-SKU-1029,Electronics,20
2026-01-03,ELE-SKU-1029,Electronics,17
2026-01-04,ELE-SKU-1029,Electronics,17
2026-01-05,ELE-SKU-1029,Electronics,20
2026-01-06,ELE-SKU-1029,Electronics,20
2026-01-07,ELE-SKU-1029,Electronics,26
2026-01-08,ELE-SKU-1029,Electronics,23
2026-01-09,ELE-SKU-1029,Electronics,19
2026-01-10,ELE-SKU-1029,Electronics,18
2026-01-11,ELE-SKU-1029,Electronics,22
2026-01-12,ELE-SKU-1029,Electronics,20
2026-01-13,ELE-SKU-1029,Electronics,25
2026-01-14,ELE-SKU-1029,Electronics,26
2026-01-15,ELE-SKU-1029,Electronics,22
2026-01-16,ELE-SKU-1029,Electronics,20
2026-01-17,ELE-SKU-1029,Electronics,19
2026-01-18,ELE-SKU-1029,Electronics,21
2026-01-19,ELE-SKU-1029,Electronics,18
2026-01-20,ELE-SKU-1029,Electronics,26
2026-01-21,ELE-SKU-1029,Electronics,0
2026-01-22,ELE-SKU-1029,Electronics,23
2026-01-23,ELE-SKU-1029,Electronics,16
2026-01-24,ELE-SKU-1029,Electronics,18
2026-01-25,ELE-SKU-1029,Electronics,16
2026-01-26,ELE-SKU-1029,Electronics,24
2026-01-27,ELE-SKU-1029,Electronics,26
2026-01-28,ELE-SKU-1029,Electronics,18
2026-01-29,ELE-SKU-1029,Electronics,17
2026-01-30,ELE-SKU-1029,Electronics,0
2026-01-31,ELE-SKU-1029,Electronics,18
2026-02-01,ELE-SKU-1029,Electronics,22
2026-02-02,ELE-SKU-1029,Electronics,24
2026-02-03,ELE-SKU-1029,Electronics,24
2026-02-04,ELE-SKU-1029,Electronics,21
2026-02-05,ELE-SKU-1029,Electronics,16
2026-02-06,ELE-SKU-1029,Electronics,0
2026-02-07,ELE-SKU-1029,Electronics,16
2026-02-08,ELE-SKU-1029,Electronics,24
2026-02-09,ELE-SKU-1029,Electronics,18
2026-02-10,ELE-SKU-1029,Electronics,24
2026-02-11,ELE-SKU-1029,Electronics,20
2026-02-12,ELE-SKU-1029,Electronics,19
2026-02-13,ELE-SKU-1029,Electronics,16
2026-02-14,ELE-SKU-1029,Electronics,0
2026-02-15,ELE-SKU-1029,Electronics,20
2026-02-16,ELE-SKU-1029,Electronics,21
2026-02-17,ELE-SKU-1029,Electronics,27
2026-02-18,ELE-SKU-1029,Electronics,25
2026-02-19,ELE-SKU-1029,Electronics,17
2026-02-20,ELE-SKU-1029,Electronics,15
2026-02-21,ELE-SKU-1029,Electronics,18
2026-02-22,ELE-SKU-1029,Electronics,18
2026-02-23,ELE-SKU-1029,Electronics,19
2026-02-24,ELE-SKU-1029,Electronics,24
2026-02-25,ELE-SKU-1029,Electronics,22
2026-02-26,ELE-SKU-1029,Electronics,21
2026-02-27,ELE-SKU-1029,Electronics,15
2025-09-01,SPO-SKU-1030,Sports & Outdoors,20
2025-09-02,SPO-SKU-1030,Sports & Outdoors,31
2025-09-03,SPO-SKU-1030,Sports & Outdoors,30
2025-09-04,SPO-SKU-1030,Sports & Outdoors,26
2025-09-05,SPO-SKU-1030,Sports & Outdoors,18
2025-09-06,SPO-SKU-1030,Sports & Outdoors,19
2025-09-07,SPO-SKU-1030,Sports & Outdoors,20
2025-09-08,SPO-SKU-1030,Sports & Outdoors,25
2025-09-09,SPO-SKU-1030,Sports & Outdoors,30
2025-09-10,SPO-SKU-1030,Sports & Outdoors,29
2025-09-11,SPO-SKU-1030,Sports & Outdoors,22
2025-09-12,SPO-SKU-1030,Sports & Outdoors,24
2025-09-13,SPO-SKU-1030,Sports & Outdoors,17
2025-09-14,SPO-SKU-1030,Sports & Outdoors,16
2025-09-15,SPO-SKU-1030,Sports & Outdoors,22
2025-09-16,SPO-SKU-1030,Sports & Outdoors,28
2025-09-17,SPO-SKU-1030,Sports & Outdoors,30
2025-09-18,SPO-SKU-1030,Sports & Outdoors,25
2025-09-19,SPO-SKU-1030,Sports & Outdoors,23
2025-09-20,SPO-SKU-1030,Sports & Outdoors,16
2025-09-21,SPO-SKU-1030,Sports & Outdoors,21
2025-09-22,SPO-SKU-1030,Sports & Outdoors,21
2025-09-23,SPO-SKU-1030,Sports & Outdoors,31
2025-09-24,SPO-SKU-1030,Sports & Outdoors,35
2025-09-25,SPO-SKU-1030,Sports & Outdoors,26
2025-09-26,SPO-SKU-1030,Sports & Outdoors,20
2025-09-27,SPO-SKU-1030,Sports & Outdoors,14
2025-09-28,SPO-SKU-1030,Sports & Outdoors,15
2025-09-29,SPO-SKU-1030,Sports & Outdoors,24
2025-09-30,SPO-SKU-1030,Sports & Outdoors,35
2025-10-01,SPO-SKU-1030,Sports & Outdoors,33
2025-10-02,SPO-SKU-1030,Sports & Outdoors,26
2025-10-03,SPO-SKU-1030,Sports & Outdoors,18
2025-10-04,SPO-SKU-1030,Sports & Outdoors,16
2025-10-05,SPO-SKU-1030,Sports & Outdoors,17
2025-10-06,SPO-SKU-1030,Sports & Outdoors,0
2025-10-07,SPO-SKU-1030,Sports & Outdoors,30
2025-10-08,SPO-SKU-1030,Sports & Outdoors,31
2025-10-09,SPO-SKU-1030,Sports & Outdoors,23
2025-10-10,SPO-SKU-1030,Sports & Outdoors,24
2025-10-11,SPO-SKU-1030,Sports & Outdoors,16
2025-10-12,SPO-SKU-1030,Sports & Outdoors,20
2025-10-13,SPO-SKU-1030,Sports & Outdoors,22
2025-10-14,SPO-SKU-1030,Sports & Outdoors,31
2025-10-15,SPO-SKU-1030,Sports & Outdoors,33
2025-10-16,SPO-SKU-1030,Sports & Outdoors,28
2025-10-17,SPO-SKU-1030,Sports & Outdoors,24
2025-10-18,SPO-SKU-1030,Sports & Outdoors,19
2025-10-19,SPO-SKU-1030,Sports & Outdoors,23
2025-10-20,SPO-SKU-1030,Sports & Outdoors,28
2025-10-21,SPO-SKU-1030,Sports & Outdoors,0
2025-10-22,SPO-SKU-1030,Sports & Outdoors,32
2025-10-23,SPO-SKU-1030,Sports & Outdoors,30
2025-10-24,SPO-SKU-1030,Sports & Outdoors,17
2025-10-25,SPO-SKU-1030,Sports & Outdoors,14
2025-10-26,SPO-SKU-1030,Sports & Outdoors,22
2025-10-27,SPO-SKU-1030,Sports & Outdoors,28
2025-10-28,SPO-SKU-1030,Sports & Outdoors,34
2025-10-29,SPO-SKU-1030,Sports & Outdoors,28
2025-10-30,SPO-SKU-1030,Sports & Outdoors,30
2025-10-31,SPO-SKU-1030,Sports & Outdoors,23
2025-11-01,SPO-SKU-1030,Sports & Outdoors,16
2025-11-02,SPO-SKU-1030,Sports & Outdoors,21
2025-11-03,SPO-SKU-1030,Sports & Outdoors,31
2025-11-04,SPO-SKU-1030,Sports & Outdoors,34
2025-11-05,SPO-SKU-1030,Sports & Outdoors,35
2025-11-06,SPO-SKU-1030,Sports & Outdoors,24
2025-11-07,SPO-SKU-1030,Sports & Outdoors,23
2025-11-08,SPO-SKU-1030,Sports & Outdoors,17
2025-11-09,SPO-SKU-1030,Sports & Outdoors,19
2025-11-10,SPO-SKU-1030,Sports & Outdoors,33
2025-11-11,SPO-SKU-1030,Sports & Outdoors,30
2025-11-12,SPO-SKU-1030,Sports & Outdoors,31
2025-11-13,SPO-SKU-1030,Sports & Outdoors,31
2025-11-14,SPO-SKU-1030,Sports & Outdoors,20
2025-11-15,SPO-SKU-1030,Sports & Outdoors,17
2025-11-16,SPO-SKU-1030,Sports & Outdoors,21
2025-11-17,SPO-SKU-1030,Sports & Outdoors,29
2025-11-18,SPO-SKU-1030,Sports & Outdoors,35
2025-11-19,SPO-SKU-1030,Sports & Outdoors,0
2025-11-20,SPO-SKU-1030,Sports & Outdoors,28
2025-11-21,SPO-SKU-1030,Sports & Outdoors,24
2025-11-22,SPO-SKU-1030,Sports & Outdoors,0
2025-11-23,SPO-SKU-1030,Sports & Outdoors,24
2025-11-24,SPO-SKU-1030,Sports & Outdoors,34
2025-11-25,SPO-SKU-1030,Sports & Outdoors,32
2025-11-26,SPO-SKU-1030,Sports & Outdoors,34
2025-11-27,SPO-SKU-1030,Sports & Outdoors,28
2025-11-28,SPO-SKU-1030,Sports & Outdoors,18
2025-11-29,SPO-SKU-1030,Sports & Outdoors,18
2025-11-30,SPO-SKU-1030,Sports & Outdoors,29
2025-12-01,SPO-SKU-1030,Sports & Outdoors,30
2025-12-02,SPO-SKU-1030,Sports & Outdoors,36
2025-12-03,SPO-SKU-1030,Sports & Outdoors,30
2025-12-04,SPO-SKU-1030,Sports & Outdoors,30
2025-12-05,SPO-SKU-1030,Sports & Outdoors,24
2025-12-06,SPO-SKU-1030,Sports & Outdoors,18
2025-12-07,SPO-SKU-1030,Sports & Outdoors,24
2025-12-08,SPO-SKU-1030,Sports & Outdoors,33
2025-12-09,SPO-SKU-1030,Sports & Outdoors,38
2025-12-10,SPO-SKU-1030,Sports & Outdoors,35
2025-12-11,SPO-SKU-1030,Sports & Outdoors,28
2025-12-12,SPO-SKU-1030,Sports & Outdoors,20
2025-12-13,SPO-SKU-1030,Sports & Outdoors,0
2025-12-14,SPO-SKU-1030,Sports & Outdoors,27
2025-12-15,SPO-SKU-1030,Sports & Outdoors,29
2025-12-16,SPO-SKU-1030,Sports & Outdoors,32
2025-12-17,SPO-SKU-1030,Sports & Outdoors,34
2025-12-18,SPO-SKU-1030,Sports & Outdoors,0
2025-12-19,SPO-SKU-1030,Sports & Outdoors,21
2025-12-20,SPO-SKU-1030,Sports & Outdoors,22
2025-12-21,SPO-SKU-1030,Sports & Outdoors,24
2025-12-22,SPO-SKU-1030,Sports & Outdoors,37
2025-12-23,SPO-SKU-1030,Sports & Outdoors,39
2025-12-24,SPO-SKU-1030,Sports & Outdoors,32
2025-12-25,SPO-SKU-1030,Sports & Outdoors,30
2025-12-26,SPO-SKU-1030,Sports & Outdoors,0
2025-12-27,SPO-SKU-1030,Sports & Outdoors,19
2025-12-28,SPO-SKU-1030,Sports & Outdoors,31
2025-12-29,SPO-SKU-1030,Sports & Outdoors,34
2025-12-30,SPO-SKU-1030,Sports & Outdoors,39
2025-12-31,SPO-SKU-1030,Sports & Outdoors,38
2026-01-01,SPO-SKU-1030,Sports & Outdoors,24
2026-01-02,SPO-SKU-1030,Sports & Outdoors,23
2026-01-03,SPO-SKU-1030,Sports & Outdoors,20
2026-01-04,SPO-SKU-1030,Sports & Outdoors,27
2026-01-05,SPO-SKU-1030,Sports & Outdoors,34
2026-01-06,SPO-SKU-1030,Sports & Outdoors,0
2026-01-07,SPO-SKU-1030,Sports & Outdoors,31
2026-01-08,SPO-SKU-1030,Sports & Outdoors,33
2026-01-09,SPO-SKU-1030,Sports & Outdoors,26
2026-01-10,SPO-SKU-1030,Sports & Outdoors,22
2026-01-11,SPO-SKU-1030,Sports & Outdoors,0
2026-01-12,SPO-SKU-1030,Sports & Outdoors,35
2026-01-13,SPO-SKU-1030,Sports & Outdoors,42
2026-01-14,SPO-SKU-1030,Sports & Outdoors,35
2026-01-15,SPO-SKU-1030,Sports & Outdoors,25
2026-01-16,SPO-SKU-1030,Sports & Outdoors,25
2026-01-17,SPO-SKU-1030,Sports & Outdoors,26
2026-01-18,SPO-SKU-1030,Sports & Outdoors,25
2026-01-19,SPO-SKU-1030,Sports & Outdoors,0
2026-01-20,SPO-SKU-1030,Sports & Outdoors,35
2026-01-21,SPO-SKU-1030,Sports & Outdoors,37
2026-01-22,SPO-SKU-1030,Sports & Outdoors,27
2026-01-23,SPO-SKU-1030,Sports & Outdoors,22
2026-01-24,SPO-SKU-1030,Sports & Outdoors,29
2026-01-25,SPO-SKU-1030,Sports & Outdoors,30
2026-01-26,SPO-SKU-1030,Sports & Outdoors,33
2026-01-27,SPO-SKU-1030,Sports & Outdoors,0
2026-01-28,SPO-SKU-1030,Sports & Outdoors,0
2026-01-29,SPO-SKU-1030,Sports & Outdoors,25
2026-01-30,SPO-SKU-1030,Sports & Outdoors,22
2026-01-31,SPO-SKU-1030,Sports & Outdoors,0
2026-02-01,SPO-SKU-1030,Sports & Outdoors,33
2026-02-02,SPO-SKU-1030,Sports & Outdoors,35
2026-02-03,SPO-SKU-1030,Sports & Outdoors,41
2026-02-04,SPO-SKU-1030,Sports & Outdoors,34
2026-02-05,SPO-SKU-1030,Sports & Outdoors,25
2026-02-06,SPO-SKU-1030,Sports & Outdoors,28
2026-02-07,SPO-SKU-1030,Sports & Outdoors,23
2026-02-08,SPO-SKU-1030,Sports & Outdoors,31
2026-02-09,SPO-SKU-1030,Sports & Outdoors,36
2026-02-10,SPO-SKU-1030,Sports & Outdoors,41
2026-02-11,SPO-SKU-1030,Sports & Outdoors,0
2026-02-12,SPO-SKU-1030,Sports & Outdoors,32
2026-02-13,SPO-SKU-1030,Sports & Outdoors,23
2026-02-14,SPO-SKU-1030,Sports & Outdoors,29
2026-02-15,SPO-SKU-1030,Sports & Outdoors,0
2026-02-16,SPO-SKU-1030,Sports & Outdoors,35
2026-02-17,SPO-SKU-1030,Sports & Outdoors,0
2026-02-18,SPO-SKU-1030,Sports & Outdoors,35
2026-02-19,SPO-SKU-1030,Sports & Outdoors,0
2026-02-20,SPO-SKU-1030,Sports & Outdoors,29
2026-02-21,SPO-SKU-1030,Sports & Outdoors,24
2026-02-22,SPO-SKU-1030,Sports & Outdoors,35
2026-02-23,SPO-SKU-1030,Sports & Outdoors,35
2026-02-24,SPO-SKU-1030,Sports & Outdoors,36
2026-02-25,SPO-SKU-1030,Sports & Outdoors,0
2026-02-26,SPO-SKU-1030,Sports & Outdoors,32
2026-02-27,SPO-SKU-1030,Sports & Outdoors,25
2025-09-01,HOM-SKU-1031,Home & Garden,22
2025-09-02,HOM-SKU-1031,Home & Garden,23
2025-09-03,HOM-SKU-1031,Home & Garden,30
2025-09-04,HOM-SKU-1031,Home & Garden,23
2025-09-05,HOM-SKU-1031,Home & Garden,13
2025-09-06,HOM-SKU-1031,Home & Garden,7
2025-09-07,HOM-SKU-1031,Home & Garden,11
2025-09-08,HOM-SKU-1031,Home & Garden,0
2025-09-09,HOM-SKU-1031,Home & Garden,28
2025-09-10,HOM-SKU-1031,Home & Garden,0
2025-09-11,HOM-SKU-1031,Home & Garden,0
2025-09-12,HOM-SKU-1031,Home & Garden,18
2025-09-13,HOM-SKU-1031,Home & Garden,8
2025-09-14,HOM-SKU-1031,Home & Garden,16
2025-09-15,HOM-SKU-1031,Home & Garden,21
2025-09-16,HOM-SKU-1031,Home & Garden,24
2025-09-17,HOM-SKU-1031,Home & Garden,28
2025-09-18,HOM-SKU-1031,Home & Garden,23
2025-09-19,HOM-SKU-1031,Home & Garden,13
2025-09-20,HOM-SKU-1031,Home & Garden,9
2025-09-21,HOM-SKU-1031,Home & Garden,0
2025-09-22,HOM-SKU-1031,Home & Garden,19
2025-09-23,HOM-SKU-1031,Home & Garden,30
2025-09-24,HOM-SKU-1031,Home & Garden,0
2025-09-25,HOM-SKU-1031,Home & Garden,21
2025-09-26,HOM-SKU-1031,Home & Garden,16
2025-09-27,HOM-SKU-1031,Home & Garden,13
2025-09-28,HOM-SKU-1031,Home & Garden,15
2025-09-29,HOM-SKU-1031,Home & Garden,20
2025-09-30,HOM-SKU-1031,Home & Garden,29
2025-10-01,HOM-SKU-1031,Home & Garden,26
2025-10-02,HOM-SKU-1031,Home & Garden,25
2025-10-03,HOM-SKU-1031,Home & Garden,0
2025-10-04,HOM-SKU-1031,Home & Garden,10
2025-10-05,HOM-SKU-1031,Home & Garden,17
2025-10-06,HOM-SKU-1031,Home & Garden,23
2025-10-07,HOM-SKU-1031,Home & Garden,28
2025-10-08,HOM-SKU-1031,Home & Garden,31
2025-10-09,HOM-SKU-1031,Home & Garden,25
2025-10-10,HOM-SKU-1031,Home & Garden,18
2025-10-11,HOM-SKU-1031,Home & Garden,14
2025-10-12,HOM-SKU-1031,Home & Garden,17
2025-10-13,HOM-SKU-1031,Home & Garden,0
2025-10-14,HOM-SKU-1031,Home & Garden,27
2025-10-15,HOM-SKU-1031,Home & Garden,30
2025-10-16,HOM-SKU-1031,Home & Garden,25
2025-10-17,HOM-SKU-1031,Home & Garden,12
2025-10-18,HOM-SKU-1031,Home & Garden,13
2025-10-19,HOM-SKU-1031,Home & Garden,14
2025-10-20,HOM-SKU-1031,Home & Garden,23
2025-10-21,HOM-SKU-1031,Home & Garden,27
2025-10-22,HOM-SKU-1031,Home & Garden,31
2025-10-23,HOM-SKU-1031,Home & Garden,19
2025-10-24,HOM-SKU-1031,Home & Garden,18
2025-10-25,HOM-SKU-1031,Home & Garden,12
2025-10-26,HOM-SKU-1031,Home & Garden,16
2025-10-27,HOM-SKU-1031,Home & Garden,22
2025-10-28,HOM-SKU-1031,Home & Garden,32
2025-10-29,HOM-SKU-1031,Home & Garden,0
2025-10-30,HOM-SKU-1031,Home & Garden,24
2025-10-31,HOM-SKU-1031,Home & Garden,0
2025-11-01,HOM-SKU-1031,Home & Garden,12
2025-11-02,HOM-SKU-1031,Home & Garden,16
2025-11-03,HOM-SKU-1031,Home & Garden,21
2025-11-04,HOM-SKU-1031,Home & Garden,29
2025-11-05,HOM-SKU-1031,Home & Garden,27
2025-11-06,HOM-SKU-1031,Home & Garden,0
2025-11-07,HOM-SKU-1031,Home & Garden,18
2025-11-08,HOM-SKU-1031,Home & Garden,10
2025-11-09,HOM-SKU-1031,Home & Garden,19
2025-11-10,HOM-SKU-1031,Home & Garden,0
2025-11-11,HOM-SKU-1031,Home & Garden,30
2025-11-12,HOM-SKU-1031,Home & Garden,26
2025-11-13,HOM-SKU-1031,Home & Garden,0
2025-11-14,HOM-SKU-1031,Home & Garden,12
2025-11-15,HOM-SKU-1031,Home & Garden,12
2025-11-16,HOM-SKU-1031,Home & Garden,14
2025-11-17,HOM-SKU-1031,Home & Garden,25
2025-11-18,HOM-SKU-1031,Home & Garden,32
2025-11-19,HOM-SKU-1031,Home & Garden,27
2025-11-20,HOM-SKU-1031,Home & Garden,24
2025-11-21,HOM-SKU-1031,Home & Garden,16
2025-11-22,HOM-SKU-1031,Home & Garden,10
2025-11-23,HOM-SKU-1031,Home & Garden,15
2025-11-24,HOM-SKU-1031,Home & Garden,28
2025-11-25,HOM-SKU-1031,Home & Garden,29
2025-11-26,HOM-SKU-1031,Home & Garden,26
2025-11-27,HOM-SKU-1031,Home & Garden,22
2025-11-28,HOM-SKU-1031,Home & Garden,12
2025-11-29,HOM-SKU-1031,Home & Garden,13
2025-11-30,HOM-SKU-1031,Home & Garden,20
2025-12-01,HOM-SKU-1031,Home & Garden,25
2025-12-02,HOM-SKU-1031,Home & Garden,28
2025-12-03,HOM-SKU-1031,Home & Garden,32
2025-12-04,HOM-SKU-1031,Home & Garden,25
2025-12-05,HOM-SKU-1031,Home & Garden,15
2025-12-06,HOM-SKU-1031,Home & Garden,0
2025-12-07,HOM-SKU-1031,Home & Garden,22
2025-12-08,HOM-SKU-1031,Home & Garden,24
2025-12-09,HOM-SKU-1031,Home & Garden,33
2025-12-10,HOM-SKU-1031,Home & Garden,30
2025-12-11,HOM-SKU-1031,Home & Garden,20
2025-12-12,HOM-SKU-1031,Home & Garden,17
2025-12-13,HOM-SKU-1031,Home & Garden,13
2025-12-14,HOM-SKU-1031,Home & Garden,19
2025-12-15,HOM-SKU-1031,Home & Garden,30
2025-12-16,HOM-SKU-1031,Home & Garden,33
2025-12-17,HOM-SKU-1031,Home & Garden,27
2025-12-18,HOM-SKU-1031,Home & Garden,24
2025-12-19,HOM-SKU-1031,Home & Garden,18
2025-12-20,HOM-SKU-1031,Home & Garden,16
2025-12-21,HOM-SKU-1031,Home & Garden,20
2025-12-22,HOM-SKU-1031,Home & Garden,25
2025-12-23,HOM-SKU-1031,Home & Garden,34
2025-12-24,HOM-SKU-1031,Home & Garden,32
2025-12-25,HOM-SKU-1031,Home & Garden,20
2025-12-26,HOM-SKU-1031,Home & Garden,12
2025-12-27,HOM-SKU-1031,Home & Garden,15
2025-12-28,HOM-SKU-1031,Home & Garden,23
2025-12-29,HOM-SKU-1031,Home & Garden,27
2025-12-30,HOM-SKU-1031,Home & Garden,32
2025-12-31,HOM-SKU-1031,Home & Garden,27
2026-01-01,HOM-SKU-1031,Home & Garden,19
2026-01-02,HOM-SKU-1031,Home & Garden,17
2026-01-03,HOM-SKU-1031,Home & Garden,15
2026-01-04,HOM-SKU-1031,Home & Garden,24
2026-01-05,HOM-SKU-1031,Home & Garden,25
2026-01-06,HOM-SKU-1031,Home & Garden,29
2026-01-07,HOM-SKU-1031,Home & Garden,28
2026-01-08,HOM-SKU-1031,Home & Garden,24
2026-01-09,HOM-SKU-1031,Home & Garden,15
2026-01-10,HOM-SKU-1031,Home & Garden,18
2026-01-11,HOM-SKU-1031,Home & Garden,22
2026-01-12,HOM-SKU-1031,Home & Garden,26
2026-01-13,HOM-SKU-1031,Home & Garden,32
2026-01-14,HOM-SKU-1031,Home & Garden,32
2026-01-15,HOM-SKU-1031,Home & Garden,0
2026-01-16,HOM-SKU-1031,Home & Garden,18
2026-01-17,HOM-SKU-1031,Home & Garden,16
2026-01-18,HOM-SKU-1031,Home & Garden,22
2026-01-19,HOM-SKU-1031,Home & Garden,30
2026-01-20,HOM-SKU-1031,Home & Garden,35
2026-01-21,HOM-SKU-1031,Home & Garden,26
2026-01-22,HOM-SKU-1031,Home & Garden,19
2026-01-23,HOM-SKU-1031,Home & Garden,15
2026-01-24,HOM-SKU-1031,Home & Garden,13
2026-01-25,HOM-SKU-1031,Home & Garden,21
2026-01-26,HOM-SKU-1031,Home & Garden,32
2026-01-27,HOM-SKU-1031,Home & Garden,31
2026-01-28,HOM-SKU-1031,Home & Garden,27
2026-01-29,HOM-SKU-1031,Home & Garden,25
2026-01-30,HOM-SKU-1031,Home & Garden,15
2026-01-31,HOM-SKU-1031,Home & Garden,15
2026-02-01,HOM-SKU-1031,Home & Garden,25
2026-02-02,HOM-SKU-1031,Home & Garden,28
2026-02-03,HOM-SKU-1031,Home & Garden,35
2026-02-04,HOM-SKU-1031,Home & Garden,30
2026-02-05,HOM-SKU-1031,Home & Garden,19
2026-02-06,HOM-SKU-1031,Home & Garden,15
2026-02-07,HOM-SKU-1031,Home & Garden,14
2026-02-08,HOM-SKU-1031,Home & Garden,25
2026-02-09,HOM-SKU-1031,Home & Garden,28
2026-02-10,HOM-SKU-1031,Home & Garden,31
2026-02-11,HOM-SKU-1031,Home & Garden,27
2026-02-12,HOM-SKU-1031,Home & Garden,21
2026-02-13,HOM-SKU-1031,Home & Garden,18
2026-02-14,HOM-SKU-1031,Home & Garden,15
2026-02-15,HOM-SKU-1031,Home & Garden,23
2026-02-16,HOM-SKU-1031,Home & Garden,0
2026-02-17,HOM-SKU-1031,Home & Garden,33
2026-02-18,HOM-SKU-1031,Home & Garden,28
2026-02-19,HOM-SKU-1031,Home & Garden,24
2026-02-20,HOM-SKU-1031,Home & Garden,18
2026-02-21,HOM-SKU-1031,Home & Garden,21
2026-02-22,HOM-SKU-1031,Home & Garden,0
2026-02-23,HOM-SKU-1031,Home & Garden,34
2026-02-24,HOM-SKU-1031,Home & Garden,35
2026-02-25,HOM-SKU-1031,Home & Garden,0
2026-02-26,HOM-SKU-1031,Home & Garden,0
2026-02-27,HOM-SKU-1031,Home & Garden,0
2025-09-01,SPO-SKU-1032,Sports & Outdoors,0
2025-09-02,SPO-SKU-1032,Sports & Outdoors,42
2025-09-03,SPO-SKU-1032,Sports & Outdoors,49
2025-09-04,SPO-SKU-1032,Sports & Outdoors,46
2025-09-05,SPO-SKU-1032,Sports & Outdoors,30
2025-09-06,SPO-SKU-1032,Sports & Outdoors,24
2025-09-07,SPO-SKU-1032,Sports & Outdoors,22
2025-09-08,SPO-SKU-1032,Sports & Outdoors,29
2025-09-09,SPO-SKU-1032,Sports & Outdoors,47
2025-09-10,SPO-SKU-1032,Sports & Outdoors,49
2025-09-11,SPO-SKU-1032,Sports & Outdoors,0
2025-09-12,SPO-SKU-1032,Sports & Outdoors,27
2025-09-13,SPO-SKU-1032,Sports & Outdoors,18
2025-09-14,SPO-SKU-1032,Sports & Outdoors,26
2025-09-15,SPO-SKU-1032,Sports & Outdoors,35
2025-09-16,SPO-SKU-1032,Sports & Outdoors,43
2025-09-17,SPO-SKU-1032,Sports & Outdoors,46
2025-09-18,SPO-SKU-1032,Sports & Outdoors,47
2025-09-19,SPO-SKU-1032,Sports & Outdoors,24
2025-09-20,SPO-SKU-1032,Sports & Outdoors,25
2025-09-21,SPO-SKU-1032,Sports & Outdoors,30
2025-09-22,SPO-SKU-1032,Sports & Outdoors,32
2025-09-23,SPO-SKU-1032,Sports & Outdoors,52
2025-09-24,SPO-SKU-1032,Sports & Outdoors,50
2025-09-25,SPO-SKU-1032,Sports & Outdoors,40
2025-09-26,SPO-SKU-1032,Sports & Outdoors,33
2025-09-27,SPO-SKU-1032,Sports & Outdoors,18
2025-09-28,SPO-SKU-1032,Sports & Outdoors,27
2025-09-29,SPO-SKU-1032,Sports & Outdoors,43
2025-09-30,SPO-SKU-1032,Sports & Outdoors,50
2025-10-01,SPO-SKU-1032,Sports & Outdoors,50
2025-10-02,SPO-SKU-1032,Sports & Outdoors,37
2025-10-03,SPO-SKU-1032,Sports & Outdoors,30
2025-10-04,SPO-SKU-1032,Sports & Outdoors,0
2025-10-05,SPO-SKU-1032,Sports & Outdoors,27
2025-10-06,SPO-SKU-1032,Sports & Outdoors,39
2025-10-07,SPO-SKU-1032,Sports & Outdoors,0
2025-10-08,SPO-SKU-1032,Sports & Outdoors,54
2025-10-09,SPO-SKU-1032,Sports & Outdoors,38
2025-10-10,SPO-SKU-1032,Sports & Outdoors,21
2025-10-11,SPO-SKU-1032,Sports & Outdoors,18
2025-10-12,SPO-SKU-1032,Sports & Outdoors,22
2025-10-13,SPO-SKU-1032,Sports & Outdoors,41
2025-10-14,SPO-SKU-1032,Sports & Outdoors,48
2025-10-15,SPO-SKU-1032,Sports & Outdoors,58
2025-10-16,SPO-SKU-1032,Sports & Outdoors,43
2025-10-17,SPO-SKU-1032,Sports & Outdoors,33
2025-10-18,SPO-SKU-1032,Sports & Outdoors,0
2025-10-19,SPO-SKU-1032,Sports & Outdoors,0
2025-10-20,SPO-SKU-1032,Sports & Outdoors,36
2025-10-21,SPO-SKU-1032,Sports & Outdoors,0
2025-10-22,SPO-SKU-1032,Sports & Outdoors,58
2025-10-23,SPO-SKU-1032,Sports & Outdoors,37
2025-10-24,SPO-SKU-1032,Sports & Outdoors,0
2025-10-25,SPO-SKU-1032,Sports & Outdoors,21
2025-10-26,SPO-SKU-1032,Sports & Outdoors,35
2025-10-27,SPO-SKU-1032,Sports & Outdoors,41
2025-10-28,SPO-SKU-1032,Sports & Outdoors,52
2025-10-29,SPO-SKU-1032,Sports & Outdoors,56
2025-10-30,SPO-SKU-1032,Sports & Outdoors,0
2025-10-31,SPO-SKU-1032,Sports & Outdoors,29
2025-11-01,SPO-SKU-1032,Sports & Outdoors,23
2025-11-02,SPO-SKU-1032,Sports & Outdoors,25
2025-11-03,SPO-SKU-1032,Sports & Outdoors,40
2025-11-04,SPO-SKU-1032,Sports & Outdoors,0
2025-11-05,SPO-SKU-1032,Sports & Outdoors,58
2025-11-06,SPO-SKU-1032,Sports & Outdoors,42
2025-11-07,SPO-SKU-1032,Sports & Outdoors,33
2025-11-08,SPO-SKU-1032,Sports & Outdoors,29
2025-11-09,SPO-SKU-1032,Sports & Outdoors,29
2025-11-10,SPO-SKU-1032,Sports & Outdoors,46
2025-11-11,SPO-SKU-1032,Sports & Outdoors,55
2025-11-12,SPO-SKU-1032,Sports & Outdoors,56
2025-11-13,SPO-SKU-1032,Sports & Outdoors,46
2025-11-14,SPO-SKU-1032,Sports & Outdoors,29
2025-11-15,SPO-SKU-1032,Sports & Outdoors,28
2025-11-16,SPO-SKU-1032,Sports & Outdoors,30
2025-11-17,SPO-SKU-1032,Sports & Outdoors,50
2025-11-18,SPO-SKU-1032,Sports & Outdoors,51
2025-11-19,SPO-SKU-1032,Sports & Outdoors,57
2025-11-20,SPO-SKU-1032,Sports & Outdoors,0
2025-11-21,SPO-SKU-1032,Sports & Outdoors,34
2025-11-22,SPO-SKU-1032,Sports & Outdoors,26
2025-11-23,SPO-SKU-1032,Sports & Outdoors,29
2025-11-24,SPO-SKU-1032,Sports & Outdoors,45
2025-11-25,SPO-SKU-1032,Sports & Outdoors,62
2025-11-26,SPO-SKU-1032,Sports & Outdoors,50
2025-11-27,SPO-SKU-1032,Sports & Outdoors,39
2025-11-28,SPO-SKU-1032,Sports & Outdoors,32
2025-11-29,SPO-SKU-1032,Sports & Outdoors,25
2025-11-30,SPO-SKU-1032,Sports & Outdoors,0
2025-12-01,SPO-SKU-1032,Sports & Outdoors,54
2025-12-02,SPO-SKU-1032,Sports & Outdoors,65
2025-12-03,SPO-SKU-1032,Sports & Outdoors,51
2025-12-04,SPO-SKU-1032,Sports & Outdoors,39
2025-12-05,SPO-SKU-1032,Sports & Outdoors,31
2025-12-06,SPO-SKU-1032,Sports & Outdoors,27
2025-12-07,SPO-SKU-1032,Sports & Outdoors,41
2025-12-08,SPO-SKU-1032,Sports & Outdoors,49
2025-12-09,SPO-SKU-1032,Sports & Outdoors,64
2025-12-10,SPO-SKU-1032,Sports & Outdoors,55
2025-12-11,SPO-SKU-1032,Sports & Outdoors,42
2025-12-12,SPO-SKU-1032,Sports & Outdoors,28
2025-12-13,SPO-SKU-1032,Sports & Outdoors,22
2025-12-14,SPO-SKU-1032,Sports & Outdoors,33
2025-12-15,SPO-SKU-1032,Sports & Outdoors,48
2025-12-16,SPO-SKU-1032,Sports & Outdoors,57
2025-12-17,SPO-SKU-1032,Sports & Outdoors,61
2025-12-18,SPO-SKU-1032,Sports & Outdoors,0
2025-12-19,SPO-SKU-1032,Sports & Outdoors,33
2025-12-20,SPO-SKU-1032,Sports & Outdoors,33
2025-12-21,SPO-SKU-1032,Sports & Outdoors,43
2025-12-22,SPO-SKU-1032,Sports & Outdoors,0
2025-12-23,SPO-SKU-1032,Sports & Outdoors,0
2025-12-24,SPO-SKU-1032,Sports & Outdoors,54
2025-12-25,SPO-SKU-1032,Sports & Outdoors,42
2025-12-26,SPO-SKU-1032,Sports & Outdoors,31
2025-12-27,SPO-SKU-1032,Sports & Outdoors,0
2025-12-28,SPO-SKU-1032,Sports & Outdoors,42
2025-12-29,SPO-SKU-1032,Sports & Outdoors,56
2025-12-30,SPO-SKU-1032,Sports & Outdoors,62
2025-12-31,SPO-SKU-1032,Sports & Outdoors,53
2026-01-01,SPO-SKU-1032,Sports & Outdoors,47
2026-01-02,SPO-SKU-1032,Sports & Outdoors,0
2026-01-03,SPO-SKU-1032,Sports & Outdoors,36
2026-01-04,SPO-SKU-1032,Sports & Outdoors,39
2026-01-05,SPO-SKU-1032,Sports & Outdoors,58
2026-01-06,SPO-SKU-1032,Sports & Outdoors,56
2026-01-07,SPO-SKU-1032,Sports & Outdoors,59
2026-01-08,SPO-SKU-1032,Sports & Outdoors,42
2026-01-09,SPO-SKU-1032,Sports & Outdoors,26
2026-01-10,SPO-SKU-1032,Sports & Outdoors,30
2026-01-11,SPO-SKU-1032,Sports & Outdoors,43
2026-01-12,SPO-SKU-1032,Sports & Outdoors,60
2026-01-13,SPO-SKU-1032,Sports & Outdoors,63
2026-01-14,SPO-SKU-1032,Sports & Outdoors,63
2026-01-15,SPO-SKU-1032,Sports & Outdoors,37
2026-01-16,SPO-SKU-1032,Sports & Outdoors,27
2026-01-17,SPO-SKU-1032,Sports & Outdoors,26
2026-01-18,SPO-SKU-1032,Sports & Outdoors,39
2026-01-19,SPO-SKU-1032,Sports & Outdoors,57
2026-01-20,SPO-SKU-1032,Sports & Outdoors,0
2026-01-21,SPO-SKU-1032,Sports & Outdoors,56
2026-01-22,SPO-SKU-1032,Sports & Outdoors,40
2026-01-23,SPO-SKU-1032,Sports & Outdoors,32
2026-01-24,SPO-SKU-1032,Sports & Outdoors,35
2026-01-25,SPO-SKU-1032,Sports & Outdoors,51
2026-01-26,SPO-SKU-1032,Sports & Outdoors,54
2026-01-27,SPO-SKU-1032,Sports & Outdoors,0
2026-01-28,SPO-SKU-1032,Sports & Outdoors,60
2026-01-29,SPO-SKU-1032,Sports & Outdoors,43
2026-01-30,SPO-SKU-1032,Sports & Outdoors,31
2026-01-31,SPO-SKU-1032,Sports & Outdoors,32
2026-02-01,SPO-SKU-1032,Sports & Outdoors,49
2026-02-02,SPO-SKU-1032,Sports & Outdoors,54
2026-02-03,SPO-SKU-1032,Sports & Outdoors,71
2026-02-04,SPO-SKU-1032,Sports & Outdoors,52
2026-02-05,SPO-SKU-1032,Sports & Outdoors,39
2026-02-06,SPO-SKU-1032,Sports & Outdoors,0
2026-02-07,SPO-SKU-1032,Sports & Outdoors,33
2026-02-08,SPO-SKU-1032,Sports & Outdoors,52
2026-02-09,SPO-SKU-1032,Sports & Outdoors,57
2026-02-10,SPO-SKU-1032,Sports & Outdoors,62
2026-02-11,SPO-SKU-1032,Sports & Outdoors,57
2026-02-12,SPO-SKU-1032,Sports & Outdoors,49
2026-02-13,SPO-SKU-1032,Sports & Outdoors,34
2026-02-14,SPO-SKU-1032,Sports & Outdoors,42
2026-02-15,SPO-SKU-1032,Sports & Outdoors,52
2026-02-16,SPO-SKU-1032,Sports & Outdoors,57
2026-02-17,SPO-SKU-1032,Sports & Outdoors,60
2026-02-18,SPO-SKU-1032,Sports & Outdoors,56
2026-02-19,SPO-SKU-1032,Sports & Outdoors,47
2026-02-20,SPO-SKU-1032,Sports & Outdoors,28
2026-02-21,SPO-SKU-1032,Sports & Outdoors,31
2026-02-22,SPO-SKU-1032,Sports & Outdoors,52
2026-02-23,SPO-SKU-1032,Sports & Outdoors,59
2026-02-24,SPO-SKU-1032,Sports & Outdoors,73
2026-02-25,SPO-SKU-1032,Sports & Outdoors,64
2026-02-26,SPO-SKU-1032,Sports & Outdoors,48
2026-02-27,SPO-SKU-1032,Sports & Outdoors,41
2025-09-01,APP-SKU-1033,Apparel,8
2025-09-02,APP-SKU-1033,Apparel,8
2025-09-03,APP-SKU-1033,Apparel,8
2025-09-04,APP-SKU-1033,Apparel,6
2025-09-05,APP-SKU-1033,Apparel,5
2025-09-06,APP-SKU-1033,Apparel,7
2025-09-07,APP-SKU-1033,Apparel,6
2025-09-08,APP-SKU-1033,Apparel,5
2025-09-09,APP-SKU-1033,Apparel,7
2025-09-10,APP-SKU-1033,Apparel,6
2025-09-11,APP-SKU-1033,Apparel,6
2025-09-12,APP-SKU-1033,Apparel,7
2025-09-13,APP-SKU-1033,Apparel,7
2025-09-14,APP-SKU-1033,Apparel,5
2025-09-15,APP-SKU-1033,Apparel,5
2025-09-16,APP-SKU-1033,Apparel,8
2025-09-17,APP-SKU-1033,Apparel,6
2025-09-18,APP-SKU-1033,Apparel,7
2025-09-19,APP-SKU-1033,Apparel,5
2025-09-20,APP-SKU-1033,Apparel,4
2025-09-21,APP-SKU-1033,Apparel,5
2025-09-22,APP-SKU-1033,Apparel,0
2025-09-23,APP-SKU-1033,Apparel,8
2025-09-24,APP-SKU-1033,Apparel,6
2025-09-25,APP-SKU-1033,Apparel,5
2025-09-26,APP-SKU-1033,Apparel,5
2025-09-27,APP-SKU-1033,Apparel,4
2025-09-28,APP-SKU-1033,Apparel,5
2025-09-29,APP-SKU-1033,Apparel,5
2025-09-30,APP-SKU-1033,Apparel,7
2025-10-01,APP-SKU-1033,Apparel,8
2025-10-02,APP-SKU-1033,Apparel,6
2025-10-03,APP-SKU-1033,Apparel,7
2025-10-04,APP-SKU-1033,Apparel,5
2025-10-05,APP-SKU-1033,Apparel,7
2025-10-06,APP-SKU-1033,Apparel,7
2025-10-07,APP-SKU-1033,Apparel,6
2025-10-08,APP-SKU-1033,Apparel,7
2025-10-09,APP-SKU-1033,Apparel,0
2025-10-10,APP-SKU-1033,Apparel,6
2025-10-11,APP-SKU-1033,Apparel,4
2025-10-12,APP-SKU-1033,Apparel,4
2025-10-13,APP-SKU-1033,Apparel,6
2025-10-14,APP-SKU-1033,Apparel,8
2025-10-15,APP-SKU-1033,Apparel,8
2025-10-16,APP-SKU-1033,Apparel,7
2025-10-17,APP-SKU-1033,Apparel,5
2025-10-18,APP-SKU-1033,Apparel,4
2025-10-19,APP-SKU-1033,Apparel,4
2025-10-20,APP-SKU-1033,Apparel,0
2025-10-21,APP-SKU-1033,Apparel,7
2025-10-22,APP-SKU-1033,Apparel,6
2025-10-23,APP-SKU-1033,Apparel,5
2025-10-24,APP-SKU-1033,Apparel,4
2025-10-25,APP-SKU-1033,Apparel,6
2025-10-26,APP-SKU-1033,Apparel,4
2025-10-27,APP-SKU-1033,Apparel,6
2025-10-28,APP-SKU-1033,Apparel,6
2025-10-29,APP-SKU-1033,Apparel,0
2025-10-30,APP-SKU-1033,Apparel,5
2025-10-31,APP-SKU-1033,Apparel,4
2025-11-01,APP-SKU-1033,Apparel,6
2025-11-02,APP-SKU-1033,Apparel,4
2025-11-03,APP-SKU-1033,Apparel,7
2025-11-04,APP-SKU-1033,Apparel,7
2025-11-05,APP-SKU-1033,Apparel,7
2025-11-06,APP-SKU-1033,Apparel,6
2025-11-07,APP-SKU-1033,Apparel,4
2025-11-08,APP-SKU-1033,Apparel,4
2025-11-09,APP-SKU-1033,Apparel,4
2025-11-10,APP-SKU-1033,Apparel,6
2025-11-11,APP-SKU-1033,Apparel,0
2025-11-12,APP-SKU-1033,Apparel,7
2025-11-13,APP-SKU-1033,Apparel,7
2025-11-14,APP-SKU-1033,Apparel,4
2025-11-15,APP-SKU-1033,Apparel,5
2025-11-16,APP-SKU-1033,Apparel,4
2025-11-17,APP-SKU-1033,Apparel,7
2025-11-18,APP-SKU-1033,Apparel,6
2025-11-19,APP-SKU-1033,Apparel,6
2025-11-20,APP-SKU-1033,Apparel,5
2025-11-21,APP-SKU-1033,Apparel,5
2025-11-22,APP-SKU-1033,Apparel,5
2025-11-23,APP-SKU-1033,Apparel,0
2025-11-24,APP-SKU-1033,Apparel,7
2025-11-25,APP-SKU-1033,Apparel,7
2025-11-26,APP-SKU-1033,Apparel,6
2025-11-27,APP-SKU-1033,Apparel,7
2025-11-28,APP-SKU-1033,Apparel,5
2025-11-29,APP-SKU-1033,Apparel,4
2025-11-30,APP-SKU-1033,Apparel,4
2025-12-01,APP-SKU-1033,Apparel,6
2025-12-02,APP-SKU-1033,Apparel,7
2025-12-03,APP-SKU-1033,Apparel,6
2025-12-04,APP-SKU-1033,Apparel,5
2025-12-05,APP-SKU-1033,Apparel,4
2025-12-06,APP-SKU-1033,Apparel,5
2025-12-07,APP-SKU-1033,Apparel,4
2025-12-08,APP-SKU-1033,Apparel,5
2025-12-09,APP-SKU-1033,Apparel,6
2025-12-10,APP-SKU-1033,Apparel,7
2025-12-11,APP-SKU-1033,Apparel,5
2025-12-12,APP-SKU-1033,Apparel,0
2025-12-13,APP-SKU-1033,Apparel,5
2025-12-14,APP-SKU-1033,Apparel,4
2025-12-15,APP-SKU-1033,Apparel,6
2025-12-16,APP-SKU-1033,Apparel,5
2025-12-17,APP-SKU-1033,Apparel,6
2025-12-18,APP-SKU-1033,Apparel,5
2025-12-19,APP-SKU-1033,Apparel,5
2025-12-20,APP-SKU-1033,Apparel,5
2025-12-21,APP-SKU-1033,Apparel,5
2025-12-22,APP-SKU-1033,Apparel,5
2025-12-23,APP-SKU-1033,Apparel,5
2025-12-24,APP-SKU-1033,Apparel,7
2025-12-25,APP-SKU-1033,Apparel,4
2025-12-26,APP-SKU-1033,Apparel,5
2025-12-27,APP-SKU-1033,Apparel,3
2025-12-28,APP-SKU-1033,Apparel,6
2025-12-29,APP-SKU-1033,Apparel,5
2025-12-30,APP-SKU-1033,Apparel,0
2025-12-31,APP-SKU-1033,Apparel,6
2026-01-01,APP-SKU-1033,Apparel,5
2026-01-02,APP-SKU-1033,Apparel,0
2026-01-03,APP-SKU-1033,Apparel,4
2026-01-04,APP-SKU-1033,Apparel,5
2026-01-05,APP-SKU-1033,Apparel,6
2026-01-06,APP-SKU-1033,Apparel,6
2026-01-07,APP-SKU-1033,Apparel,7
2026-01-08,APP-SKU-1033,Apparel,6
2026-01-09,APP-SKU-1033,Apparel,5
2026-01-10,APP-SKU-1033,Apparel,4
2026-01-11,APP-SKU-1033,Apparel,5
2026-01-12,APP-SKU-1033,Apparel,6
2026-01-13,APP-SKU-1033,Apparel,5
2026-01-14,APP-SKU-1033,Apparel,6
2026-01-15,APP-SKU-1033,Apparel,6
2026-01-16,APP-SKU-1033,Apparel,0
2026-01-17,APP-SKU-1033,Apparel,3
2026-01-18,APP-SKU-1033,Apparel,5
2026-01-19,APP-SKU-1033,Apparel,4
2026-01-20,APP-SKU-1033,Apparel,7
2026-01-21,APP-SKU-1033,Apparel,0
2026-01-22,APP-SKU-1033,Apparel,5
2026-01-23,APP-SKU-1033,Apparel,3
2026-01-24,APP-SKU-1033,Apparel,3
2026-01-25,APP-SKU-1033,Apparel,4
2026-01-26,APP-SKU-1033,Apparel,6
2026-01-27,APP-SKU-1033,Apparel,7
2026-01-28,APP-SKU-1033,Apparel,6
2026-01-29,APP-SKU-1033,Apparel,5
2026-01-30,APP-SKU-1033,Apparel,5
2026-01-31,APP-SKU-1033,Apparel,4
2026-02-01,APP-SKU-1033,Apparel,4
2026-02-02,APP-SKU-1033,Apparel,6
2026-02-03,APP-SKU-1033,Apparel,6
2026-02-04,APP-SKU-1033,Apparel,4
2026-02-05,APP-SKU-1033,Apparel,4
2026-02-06,APP-SKU-1033,Apparel,4
2026-02-07,APP-SKU-1033,Apparel,4
2026-02-08,APP-SKU-1033,Apparel,6
2026-02-09,APP-SKU-1033,Apparel,0
2026-02-10,APP-SKU-1033,Apparel,6
2026-02-11,APP-SKU-1033,Apparel,4
2026-02-12,APP-SKU-1033,Apparel,5
2026-02-13,APP-SKU-1033,Apparel,4
2026-02-14,APP-SKU-1033,Apparel,3
2026-02-15,APP-SKU-1033,Apparel,5
2026-02-16,APP-SKU-1033,Apparel,5
2026-02-17,APP-SKU-1033,Apparel,5
2026-02-18,APP-SKU-1033,Apparel,0
2026-02-19,APP-SKU-1033,Apparel,4
2026-02-20,APP-SKU-1033,Apparel,4
2026-02-21,APP-SKU-1033,Apparel,4
2026-02-22,APP-SKU-1033,Apparel,4
2026-02-23,APP-SKU-1033,Apparel,6
2026-02-24,APP-SKU-1033,Apparel,4
2026-02-25,APP-SKU-1033,Apparel,6
2026-02-26,APP-SKU-1033,Apparel,5
2026-02-27,APP-SKU-1033,Apparel,3
2025-09-01,ELE-SKU-1034,Electronics,27
2025-09-02,ELE-SKU-1034,Electronics,31
2025-09-03,ELE-SKU-1034,Electronics,32
2025-09-04,ELE-SKU-1034,Electronics,24
2025-09-05,ELE-SKU-1034,Electronics,21
2025-09-06,ELE-SKU-1034,Electronics,16
2025-09-07,ELE-SKU-1034,Electronics,25
2025-09-08,ELE-SKU-1034,Electronics,27
2025-09-09,ELE-SKU-1034,Electronics,25
2025-09-10,ELE-SKU-1034,Electronics,34
2025-09-11,ELE-SKU-1034,Electronics,27
2025-09-12,ELE-SKU-1034,Electronics,28
2025-09-13,ELE-SKU-1034,Electronics,24
2025-09-14,ELE-SKU-1034,Electronics,25
2025-09-15,ELE-SKU-1034,Electronics,20
2025-09-16,ELE-SKU-1034,Electronics,29
2025-09-17,ELE-SKU-1034,Electronics,33
2025-09-18,ELE-SKU-1034,Electronics,29
2025-09-19,ELE-SKU-1034,Electronics,25
2025-09-20,ELE-SKU-1034,Electronics,23
2025-09-21,ELE-SKU-1034,Electronics,0
2025-09-22,ELE-SKU-1034,Electronics,24
2025-09-23,ELE-SKU-1034,Electronics,32
2025-09-24,ELE-SKU-1034,Electronics,0
2025-09-25,ELE-SKU-1034,Electronics,31
2025-09-26,ELE-SKU-1034,Electronics,24
2025-09-27,ELE-SKU-1034,Electronics,23
2025-09-28,ELE-SKU-1034,Electronics,19
2025-09-29,ELE-SKU-1034,Electronics,30
2025-09-30,ELE-SKU-1034,Electronics,29
2025-10-01,ELE-SKU-1034,Electronics,28
2025-10-02,ELE-SKU-1034,Electronics,30
2025-10-03,ELE-SKU-1034,Electronics,23
2025-10-04,ELE-SKU-1034,Electronics,16
2025-10-05,ELE-SKU-1034,Electronics,21
2025-10-06,ELE-SKU-1034,Electronics,24
2025-10-07,ELE-SKU-1034,Electronics,0
2025-10-08,ELE-SKU-1034,Electronics,27
2025-10-09,ELE-SKU-1034,Electronics,27
2025-10-10,ELE-SKU-1034,Electronics,22
2025-10-11,ELE-SKU-1034,Electronics,24
2025-10-12,ELE-SKU-1034,Electronics,20
2025-10-13,ELE-SKU-1034,Electronics,20
2025-10-14,ELE-SKU-1034,Electronics,31
2025-10-15,ELE-SKU-1034,Electronics,26
2025-10-16,ELE-SKU-1034,Electronics,20
2025-10-17,ELE-SKU-1034,Electronics,22
2025-10-18,ELE-SKU-1034,Electronics,20
2025-10-19,ELE-SKU-1034,Electronics,20
2025-10-20,ELE-SKU-1034,Electronics,28
2025-10-21,ELE-SKU-1034,Electronics,24
2025-10-22,ELE-SKU-1034,Electronics,25
2025-10-23,ELE-SKU-1034,Electronics,26
2025-10-24,ELE-SKU-1034,Electronics,22
2025-10-25,ELE-SKU-1034,Electronics,14
2025-10-26,ELE-SKU-1034,Electronics,24
2025-10-27,ELE-SKU-1034,Electronics,24
2025-10-28,ELE-SKU-1034,Electronics,28
2025-10-29,ELE-SKU-1034,Electronics,29
2025-10-30,ELE-SKU-1034,Electronics,25
2025-10-31,ELE-SKU-1034,Electronics,21
2025-11-01,ELE-SKU-1034,Electronics,14
2025-11-02,ELE-SKU-1034,Electronics,17
2025-11-03,ELE-SKU-1034,Electronics,29
2025-11-04,ELE-SKU-1034,Electronics,28
2025-11-05,ELE-SKU-1034,Electronics,25
2025-11-06,ELE-SKU-1034,Electronics,25
2025-11-07,ELE-SKU-1034,Electronics,15
2025-11-08,ELE-SKU-1034,Electronics,0
2025-11-09,ELE-SKU-1034,Electronics,24
2025-11-10,ELE-SKU-1034,Electronics,24
2025-11-11,ELE-SKU-1034,Electronics,31
2025-11-12,ELE-SKU-1034,Electronics,26
2025-11-13,ELE-SKU-1034,Electronics,25
2025-11-14,ELE-SKU-1034,Electronics,21
2025-11-15,ELE-SKU-1034,Electronics,20
2025-11-16,ELE-SKU-1034,Electronics,22
2025-11-17,ELE-SKU-1034,Electronics,25
2025-11-18,ELE-SKU-1034,Electronics,25
2025-11-19,ELE-SKU-1034,Electronics,27
2025-11-20,ELE-SKU-1034,Electronics,28
2025-11-21,ELE-SKU-1034,Electronics,17
2025-11-22,ELE-SKU-1034,Electronics,20
2025-11-23,ELE-SKU-1034,Electronics,21
2025-11-24,ELE-SKU-1034,Electronics,25
2025-11-25,ELE-SKU-1034,Electronics,29
2025-11-26,ELE-SKU-1034,Electronics,0
2025-11-27,ELE-SKU-1034,Electronics,20
2025-11-28,ELE-SKU-1034,Electronics,15
2025-11-29,ELE-SKU-1034,Electronics,16
2025-11-30,ELE-SKU-1034,Electronics,17
2025-12-01,ELE-SKU-1034,Electronics,21
2025-12-02,ELE-SKU-1034,Electronics,30
2025-12-03,ELE-SKU-1034,Electronics,24
2025-12-04,ELE-SKU-1034,Electronics,20
2025-12-05,ELE-SKU-1034,Electronics,15
2025-12-06,ELE-SKU-1034,Electronics,13
2025-12-07,ELE-SKU-1034,Electronics,18
2025-12-08,ELE-SKU-1034,Electronics,28
2025-12-09,ELE-SKU-1034,Electronics,28
2025-12-10,ELE-SKU-1034,Electronics,25
2025-12-11,ELE-SKU-1034,Electronics,25
2025-12-12,ELE-SKU-1034,Electronics,21
2025-12-13,ELE-SKU-1034,Electronics,16
2025-12-14,ELE-SKU-1034,Electronics,0
2025-12-15,ELE-SKU-1034,Electronics,22
2025-12-16,ELE-SKU-1034,Electronics,21
2025-12-17,ELE-SKU-1034,Electronics,25
2025-12-18,ELE-SKU-1034,Electronics,23
2025-12-19,ELE-SKU-1034,Electronics,13
2025-12-20,ELE-SKU-1034,Electronics,19
2025-12-21,ELE-SKU-1034,Electronics,25
2025-12-22,ELE-SKU-1034,Electronics,24
2025-12-23,ELE-SKU-1034,Electronics,25
2025-12-24,ELE-SKU-1034,Electronics,26
2025-12-25,ELE-SKU-1034,Electronics,0
2025-12-26,ELE-SKU-1034,Electronics,14
2025-12-27,ELE-SKU-1034,Electronics,20
2025-12-28,ELE-SKU-1034,Electronics,0
2025-12-29,ELE-SKU-1034,Electronics,29
2025-12-30,ELE-SKU-1034,Electronics,26
2025-12-31,ELE-SKU-1034,Electronics,19
2026-01-01,ELE-SKU-1034,Electronics,15
2026-01-02,ELE-SKU-1034,Electronics,13
2026-01-03,ELE-SKU-1034,Electronics,14
2026-01-04,ELE-SKU-1034,Electronics,15
2026-01-05,ELE-SKU-1034,Electronics,23
2026-01-06,ELE-SKU-1034,Electronics,23
2026-01-07,ELE-SKU-1034,Electronics,29
2026-01-08,ELE-SKU-1034,Electronics,19
2026-01-09,ELE-SKU-1034,Electronics,18
2026-01-10,ELE-SKU-1034,Electronics,14
2026-01-11,ELE-SKU-1034,Electronics,16
2026-01-12,ELE-SKU-1034,Electronics,27
2026-01-13,ELE-SKU-1034,Electronics,23
2026-01-14,ELE-SKU-1034,Electronics,19
2026-01-15,ELE-SKU-1034,Electronics,22
2026-01-16,ELE-SKU-1034,Electronics,19
2026-01-17,ELE-SKU-1034,Electronics,17
2026-01-18,ELE-SKU-1034,Electronics,20
2026-01-19,ELE-SKU-1034,Electronics,22
2026-01-20,ELE-SKU-1034,Electronics,27
2026-01-21,ELE-SKU-1034,Electronics,27
2026-01-22,ELE-SKU-1034,Electronics,17
2026-01-23,ELE-SKU-1034,Electronics,18
2026-01-24,ELE-SKU-1034,Electronics,15
2026-01-25,ELE-SKU-1034,Electronics,24
2026-01-26,ELE-SKU-1034,Electronics,26
2026-01-27,ELE-SKU-1034,Electronics,19
2026-01-28,ELE-SKU-1034,Electronics,26
2026-01-29,ELE-SKU-1034,Electronics,19
2026-01-30,ELE-SKU-1034,Electronics,11
2026-01-31,ELE-SKU-1034,Electronics,11
2026-02-01,ELE-SKU-1034,Electronics,15
2026-02-02,ELE-SKU-1034,Electronics,21
2026-02-03,ELE-SKU-1034,Electronics,21
2026-02-04,ELE-SKU-1034,Electronics,22
2026-02-05,ELE-SKU-1034,Electronics,0
2026-02-06,ELE-SKU-1034,Electronics,0
2026-02-07,ELE-SKU-1034,Electronics,20
2026-02-08,ELE-SKU-1034,Electronics,16
2026-02-09,ELE-SKU-1034,Electronics,26
2026-02-10,ELE-SKU-1034,Electronics,28
2026-02-11,ELE-SKU-1034,Electronics,27
2026-02-12,ELE-SKU-1034,Electronics,16
2026-02-13,ELE-SKU-1034,Electronics,11
2026-02-14,ELE-SKU-1034,Electronics,11
2026-02-15,ELE-SKU-1034,Electronics,0
2026-02-16,ELE-SKU-1034,Electronics,28
2026-02-17,ELE-SKU-1034,Electronics,22
2026-02-18,ELE-SKU-1034,Electronics,16
2026-02-19,ELE-SKU-1034,Electronics,0
2026-02-20,ELE-SKU-1034,Electronics,14
2026-02-21,ELE-SKU-1034,Electronics,20
2026-02-22,ELE-SKU-1034,Electronics,18
2026-02-23,ELE-SKU-1034,Electronics,20
2026-02-24,ELE-SKU-1034,Electronics,0
2026-02-25,ELE-SKU-1034,Electronics,24
2026-02-26,ELE-SKU-1034,Electronics,16
2026-02-27,ELE-SKU-1034,Electronics,0
2025-09-01,ELE-SKU-1035,Electronics,19
2025-09-02,ELE-SKU-1035,Electronics,20
2025-09-03,ELE-SKU-1035,Electronics,18
2025-09-04,ELE-SKU-1035,Electronics,16
2025-09-05,ELE-SKU-1035,Electronics,14
2025-09-06,ELE-SKU-1035,Electronics,14
2025-09-07,ELE-SKU-1035,Electronics,15
2025-09-08,ELE-SKU-1035,Electronics,19
2025-09-09,ELE-SKU-1035,Electronics,21
2025-09-10,ELE-SKU-1035,Electronics,17
2025-09-11,ELE-SKU-1035,Electronics,18
2025-09-12,ELE-SKU-1035,Electronics,13
2025-09-13,ELE-SKU-1035,Electronics,8
2025-09-14,ELE-SKU-1035,Electronics,9
2025-09-15,ELE-SKU-1035,Electronics,16
2025-09-16,ELE-SKU-1035,Electronics,18
2025-09-17,ELE-SKU-1035,Electronics,23
2025-09-18,ELE-SKU-1035,Electronics,18
2025-09-19,ELE-SKU-1035,Electronics,11
2025-09-20,ELE-SKU-1035,Electronics,9
2025-09-21,ELE-SKU-1035,Electronics,11
2025-09-22,ELE-SKU-1035,Electronics,15
2025-09-23,ELE-SKU-1035,Electronics,17
2025-09-24,ELE-SKU-1035,Electronics,22
2025-09-25,ELE-SKU-1035,Electronics,15
2025-09-26,ELE-SKU-1035,Electronics,14
2025-09-27,ELE-SKU-1035,Electronics,12
2025-09-28,ELE-SKU-1035,Electronics,12
2025-09-29,ELE-SKU-1035,Electronics,15
2025-09-30,ELE-SKU-1035,Electronics,20
2025-10-01,ELE-SKU-1035,Electronics,20
2025-10-02,ELE-SKU-1035,Electronics,17
2025-10-03,ELE-SKU-1035,Electronics,13
2025-10-04,ELE-SKU-1035,Electronics,12
2025-10-05,ELE-SKU-1035,Electronics,11
2025-10-06,ELE-SKU-1035,Electronics,19
2025-10-07,ELE-SKU-1035,Electronics,18
2025-10-08,ELE-SKU-1035,Electronics,0
2025-10-09,ELE-SKU-1035,Electronics,16
2025-10-10,ELE-SKU-1035,Electronics,15
2025-10-11,ELE-SKU-1035,Electronics,8
2025-10-12,ELE-SKU-1035,Electronics,12
2025-10-13,ELE-SKU-1035,Electronics,14
2025-10-14,ELE-SKU-1035,Electronics,17
2025-10-15,ELE-SKU-1035,Electronics,17
2025-10-16,ELE-SKU-1035,Electronics,17
2025-10-17,ELE-SKU-1035,Electronics,13
2025-10-18,ELE-SKU-1035,Electronics,7
2025-10-19,ELE-SKU-1035,Electronics,13
2025-10-20,ELE-SKU-1035,Electronics,15
2025-10-21,ELE-SKU-1035,Electronics,21
2025-10-22,ELE-SKU-1035,Electronics,19
2025-10-23,ELE-SKU-1035,Electronics,17
2025-10-24,ELE-SKU-1035,Electronics,11
2025-10-25,ELE-SKU-1035,Electronics,7
2025-10-26,ELE-SKU-1035,Electronics,13
2025-10-27,ELE-SKU-1035,Electronics,15
2025-10-28,ELE-SKU-1035,Electronics,20
2025-10-29,ELE-SKU-1035,Electronics,22
2025-10-30,ELE-SKU-1035,Electronics,12
2025-10-31,ELE-SKU-1035,Electronics,0
2025-11-01,ELE-SKU-1035,Electronics,8
2025-11-02,ELE-SKU-1035,Electronics,10
2025-11-03,ELE-SKU-1035,Electronics,15
2025-11-04,ELE-SKU-1035,Electronics,19
2025-11-05,ELE-SKU-1035,Electronics,19
2025-11-06,ELE-SKU-1035,Electronics,17
2025-11-07,ELE-SKU-1035,Electronics,9
2025-11-08,ELE-SKU-1035,Electronics,8
2025-11-09,ELE-SKU-1035,Electronics,15
2025-11-10,ELE-SKU-1035,Electronics,13
2025-11-11,ELE-SKU-1035,Electronics,16
2025-11-12,ELE-SKU-1035,Electronics,16
2025-11-13,ELE-SKU-1035,Electronics,14
2025-11-14,ELE-SKU-1035,Electronics,10
2025-11-15,ELE-SKU-1035,Electronics,10
2025-11-16,ELE-SKU-1035,Electronics,10
2025-11-17,ELE-SKU-1035,Electronics,14
2025-11-18,ELE-SKU-1035,Electronics,0
2025-11-19,ELE-SKU-1035,Electronics,18
2025-11-20,ELE-SKU-1035,Electronics,16
2025-11-21,ELE-SKU-1035,Electronics,14
2025-11-22,ELE-SKU-1035,Electronics,12
2025-11-23,ELE-SKU-1035,Electronics,12
2025-11-24,ELE-SKU-1035,Electronics,17
2025-11-25,ELE-SKU-1035,Electronics,20
2025-11-26,ELE-SKU-1035,Electronics,21
2025-11-27,ELE-SKU-1035,Electronics,13
2025-11-28,ELE-SKU-1035,Electronics,7
2025-11-29,ELE-SKU-1035,Electronics,7
2025-11-30,ELE-SKU-1035,Electronics,9
2025-12-01,ELE-SKU-1035,Electronics,13
2025-12-02,ELE-SKU-1035,Electronics,19
2025-12-03,ELE-SKU-1035,Electronics,18
2025-12-04,ELE-SKU-1035,Electronics,12
2025-12-05,ELE-SKU-1035,Electronics,10
2025-12-06,ELE-SKU-1035,Electronics,7
2025-12-07,ELE-SKU-1035,Electronics,15
2025-12-08,ELE-SKU-1035,Electronics,17
2025-12-09,ELE-SKU-1035,Electronics,18
2025-12-10,ELE-SKU-1035,Electronics,19
2025-12-11,ELE-SKU-1035,Electronics,0
2025-12-12,ELE-SKU-1035,Electronics,10
2025-12-13,ELE-SKU-1035,Electronics,0
2025-12-14,ELE-SKU-1035,Electronics,9
2025-12-15,ELE-SKU-1035,Electronics,19
2025-12-16,ELE-SKU-1035,Electronics,0
2025-12-17,ELE-SKU-1035,Electronics,16
2025-12-18,ELE-SKU-1035,Electronics,13
2025-12-19,ELE-SKU-1035,Electronics,10
2025-12-20,ELE-SKU-1035,Electronics,0
2025-12-21,ELE-SKU-1035,Electronics,0
2025-12-22,ELE-SKU-1035,Electronics,19
2025-12-23,ELE-SKU-1035,Electronics,16
2025-12-24,ELE-SKU-1035,Electronics,16
2025-12-25,ELE-SKU-1035,Electronics,11
2025-12-26,ELE-SKU-1035,Electronics,11
2025-12-27,ELE-SKU-1035,Electronics,9
2025-12-28,ELE-SKU-1035,Electronics,10
2025-12-29,ELE-SKU-1035,Electronics,17
2025-12-30,ELE-SKU-1035,Electronics,20
2025-12-31,ELE-SKU-1035,Electronics,17
2026-01-01,ELE-SKU-1035,Electronics,10
2026-01-02,ELE-SKU-1035,Electronics,11
2026-01-03,ELE-SKU-1035,Electronics,11
2026-01-04,ELE-SKU-1035,Electronics,12
2026-01-05,ELE-SKU-1035,Electronics,13
2026-01-06,ELE-SKU-1035,Electronics,16
2026-01-07,ELE-SKU-1035,Electronics,19
2026-01-08,ELE-SKU-1035,Electronics,11
2026-01-09,ELE-SKU-1035,Electronics,6
2026-01-10,ELE-SKU-1035,Electronics,9
2026-01-11,ELE-SKU-1035,Electronics,13
2026-01-12,ELE-SKU-1035,Electronics,19
2026-01-13,ELE-SKU-1035,Electronics,15
2026-01-14,ELE-SKU-1035,Electronics,19
2026-01-15,ELE-SKU-1035,Electronics,14
2026-01-16,ELE-SKU-1035,Electronics,9
2026-01-17,ELE-SKU-1035,Electronics,7
2026-01-18,ELE-SKU-1035,Electronics,0
2026-01-19,ELE-SKU-1035,Electronics,16
2026-01-20,ELE-SKU-1035,Electronics,18
2026-01-21,ELE-SKU-1035,Electronics,15
2026-01-22,ELE-SKU-1035,Electronics,13
2026-01-23,ELE-SKU-1035,Electronics,10
2026-01-24,ELE-SKU-1035,Electronics,10
2026-01-25,ELE-SKU-1035,Electronics,0
2026-01-26,ELE-SKU-1035,Electronics,0
2026-01-27,ELE-SKU-1035,Electronics,18
2026-01-28,ELE-SKU-1035,Electronics,14
2026-01-29,ELE-SKU-1035,Electronics,14
2026-01-30,ELE-SKU-1035,Electronics,5
2026-01-31,ELE-SKU-1035,Electronics,12
2026-02-01,ELE-SKU-1035,Electronics,9
2026-02-02,ELE-SKU-1035,Electronics,0
2026-02-03,ELE-SKU-1035,Electronics,0
2026-02-04,ELE-SKU-1035,Electronics,17
2026-02-05,ELE-SKU-1035,Electronics,11
2026-02-06,ELE-SKU-1035,Electronics,6
2026-02-07,ELE-SKU-1035,Electronics,6
2026-02-08,ELE-SKU-1035,Electronics,11
2026-02-09,ELE-SKU-1035,Electronics,13
2026-02-10,ELE-SKU-1035,Electronics,17
2026-02-11,ELE-SKU-1035,Electronics,0
2026-02-12,ELE-SKU-1035,Electronics,14
2026-02-13,ELE-SKU-1035,Electronics,8
2026-02-14,ELE-SKU-1035,Electronics,9
2026-02-15,ELE-SKU-1035,Electronics,11
2026-02-16,ELE-SKU-1035,Electronics,13
2026-02-17,ELE-SKU-1035,Electronics,19
2026-02-18,ELE-SKU-1035,Electronics,14
2026-02-19,ELE-SKU-1035,Electronics,11
2026-02-20,ELE-SKU-1035,Electronics,6
2026-02-21,ELE-SKU-1035,Electronics,10
2026-02-22,ELE-SKU-1035,Electronics,11
2026-02-23,ELE-SKU-1035,Electronics,13
2026-02-24,ELE-SKU-1035,Electronics,18
2026-02-25,ELE-SKU-1035,Electronics,11
2026-02-26,ELE-SKU-1035,Electronics,12
2026-02-27,ELE-SKU-1035,Electronics,0
2025-09-01,HOM-SKU-1036,Home & Garden,12
2025-09-02,HOM-SKU-1036,Home & Garden,13
2025-09-03,HOM-SKU-1036,Home & Garden,13
2025-09-04,HOM-SKU-1036,Home & Garden,11
2025-09-05,HOM-SKU-1036,Home & Garden,6
2025-09-06,HOM-SKU-1036,Home & Garden,5
2025-09-07,HOM-SKU-1036,Home & Garden,7
2025-09-08,HOM-SKU-1036,Home & Garden,12
2025-09-09,HOM-SKU-1036,Home & Garden,0
2025-09-10,HOM-SKU-1036,Home & Garden,12
2025-09-11,HOM-SKU-1036,Home & Garden,14
2025-09-12,HOM-SKU-1036,Home & Garden,6
2025-09-13,HOM-SKU-1036,Home & Garden,7
2025-09-14,HOM-SKU-1036,Home & Garden,8
2025-09-15,HOM-SKU-1036,Home & Garden,10
2025-09-16,HOM-SKU-1036,Home & Garden,13
2025-09-17,HOM-SKU-1036,Home & Garden,15
2025-09-18,HOM-SKU-1036,Home & Garden,13
2025-09-19,HOM-SKU-1036,Home & Garden,8
2025-09-20,HOM-SKU-1036,Home & Garden,8
2025-09-21,HOM-SKU-1036,Home & Garden,9
2025-09-22,HOM-SKU-1036,Home & Garden,10
2025-09-23,HOM-SKU-1036,Home & Garden,15
2025-09-24,HOM-SKU-1036,Home & Garden,0
2025-09-25,HOM-SKU-1036,Home & Garden,14
2025-09-26,HOM-SKU-1036,Home & Garden,6
2025-09-27,HOM-SKU-1036,Home & Garden,5
2025-09-28,HOM-SKU-1036,Home & Garden,6
2025-09-29,HOM-SKU-1036,Home & Garden,11
2025-09-30,HOM-SKU-1036,Home & Garden,13
2025-10-01,HOM-SKU-1036,Home & Garden,13
2025-10-02,HOM-SKU-1036,Home & Garden,12
2025-10-03,HOM-SKU-1036,Home & Garden,7
2025-10-04,HOM-SKU-1036,Home & Garden,7
2025-10-05,HOM-SKU-1036,Home & Garden,9
2025-10-06,HOM-SKU-1036,Home & Garden,11
2025-10-07,HOM-SKU-1036,Home & Garden,14
2025-10-08,HOM-SKU-1036,Home & Garden,15
2025-10-09,HOM-SKU-1036,Home & Garden,12
2025-10-10,HOM-SKU-1036,Home & Garden,10
2025-10-11,HOM-SKU-1036,Home & Garden,8
2025-10-12,HOM-SKU-1036,Home & Garden,0
2025-10-13,HOM-SKU-1036,Home & Garden,12
2025-10-14,HOM-SKU-1036,Home & Garden,14
2025-10-15,HOM-SKU-1036,Home & Garden,17
2025-10-16,HOM-SKU-1036,Home & Garden,11
2025-10-17,HOM-SKU-1036,Home & Garden,9
2025-10-18,HOM-SKU-1036,Home & Garden,0
2025-10-19,HOM-SKU-1036,Home & Garden,8
2025-10-20,HOM-SKU-1036,Home & Garden,14
2025-10-21,HOM-SKU-1036,Home & Garden,16
2025-10-22,HOM-SKU-1036,Home & Garden,16
2025-10-23,HOM-SKU-1036,Home & Garden,13
2025-10-24,HOM-SKU-1036,Home & Garden,8
2025-10-25,HOM-SKU-1036,Home & Garden,9
2025-10-26,HOM-SKU-1036,Home & Garden,10
2025-10-27,HOM-SKU-1036,Home & Garden,0
2025-10-28,HOM-SKU-1036,Home & Garden,0
2025-10-29,HOM-SKU-1036,Home & Garden,17
2025-10-30,HOM-SKU-1036,Home & Garden,14
2025-10-31,HOM-SKU-1036,Home & Garden,11
2025-11-01,HOM-SKU-1036,Home & Garden,0
2025-11-02,HOM-SKU-1036,Home & Garden,8
2025-11-03,HOM-SKU-1036,Home & Garden,13
2025-11-04,HOM-SKU-1036,Home & Garden,18
2025-11-05,HOM-SKU-1036,Home & Garden,15
2025-11-06,HOM-SKU-1036,Home & Garden,12
2025-11-07,HOM-SKU-1036,Home & Garden,10
2025-11-08,HOM-SKU-1036,Home & Garden,8
2025-11-09,HOM-SKU-1036,Home & Garden,11
2025-11-10,HOM-SKU-1036,Home & Garden,15
2025-11-11,HOM-SKU-1036,Home & Garden,16
2025-11-12,HOM-SKU-1036,Home & Garden,16
2025-11-13,HOM-SKU-1036,Home & Garden,15
2025-11-14,HOM-SKU-1036,Home & Garden,12
2025-11-15,HOM-SKU-1036,Home & Garden,0
2025-11-16,HOM-SKU-1036,Home & Garden,14
2025-11-17,HOM-SKU-1036,Home & Garden,17
2025-11-18,HOM-SKU-1036,Home & Garden,18
2025-11-19,HOM-SKU-1036,Home & Garden,16
2025-11-20,HOM-SKU-1036,Home & Garden,0
2025-11-21,HOM-SKU-1036,Home & Garden,10
2025-11-22,HOM-SKU-1036,Home & Garden,9
2025-11-23,HOM-SKU-1036,Home & Garden,13
2025-11-24,HOM-SKU-1036,Home & Garden,15
2025-11-25,HOM-SKU-1036,Home & Garden,20
2025-11-26,HOM-SKU-1036,Home & Garden,16
2025-11-27,HOM-SKU-1036,Home & Garden,16
2025-11-28,HOM-SKU-1036,Home & Garden,10
2025-11-29,HOM-SKU-1036,Home & Garden,8
2025-11-30,HOM-SKU-1036,Home & Garden,14
2025-12-01,HOM-SKU-1036,Home & Garden,16
2025-12-02,HOM-SKU-1036,Home & Garden,20
2025-12-03,HOM-SKU-1036,Home & Garden,17
2025-12-04,HOM-SKU-1036,Home & Garden,17
2025-12-05,HOM-SKU-1036,Home & Garden,12
2025-12-06,HOM-SKU-1036,Home & Garden,11
2025-12-07,HOM-SKU-1036,Home & Garden,15
2025-12-08,HOM-SKU-1036,Home & Garden,16
2025-12-09,HOM-SKU-1036,Home & Garden,0
2025-12-10,HOM-SKU-1036,Home & Garden,19
2025-12-11,HOM-SKU-1036,Home & Garden,16
2025-12-12,HOM-SKU-1036,Home & Garden,11
2025-12-13,HOM-SKU-1036,Home & Garden,9
2025-12-14,HOM-SKU-1036,Home & Garden,12
2025-12-15,HOM-SKU-1036,Home & Garden,0
2025-12-16,HOM-SKU-1036,Home & Garden,0
2025-12-17,HOM-SKU-1036,Home & Garden,20
2025-12-18,HOM-SKU-1036,Home & Garden,16
2025-12-19,HOM-SKU-1036,Home & Garden,10
2025-12-20,HOM-SKU-1036,Home & Garden,13
2025-12-21,HOM-SKU-1036,Home & Garden,14
2025-12-22,HOM-SKU-1036,Home & Garden,19
2025-12-23,HOM-SKU-1036,Home & Garden,0
2025-12-24,HOM-SKU-1036,Home & Garden,19
2025-12-25,HOM-SKU-1036,Home & Garden,14
2025-12-26,HOM-SKU-1036,Home & Garden,11
2025-12-27,HOM-SKU-1036,Home & Garden,12
2025-12-28,HOM-SKU-1036,Home & Garden,15
2025-12-29,HOM-SKU-1036,Home & Garden,20
2025-12-30,HOM-SKU-1036,Home & Garden,19
2025-12-31,HOM-SKU-1036,Home & Garden,21
2026-01-01,HOM-SKU-1036,Home & Garden,18
2026-01-02,HOM-SKU-1036,Home & Garden,13
2026-01-03,HOM-SKU-1036,Home & Garden,13
2026-01-04,HOM-SKU-1036,Home & Garden,16
2026-01-05,HOM-SKU-1036,Home & Garden,0
2026-01-06,HOM-SKU-1036,Home & Garden,20
2026-01-07,HOM-SKU-1036,Home & Garden,19
2026-01-08,HOM-SKU-1036,Home & Garden,15
2026-01-09,HOM-SKU-1036,Home & Garden,14
2026-01-10,HOM-SKU-1036,Home & Garden,15
2026-01-11,HOM-SKU-1036,Home & Garden,18
2026-01-12,HOM-SKU-1036,Home & Garden,0
2026-01-13,HOM-SKU-1036,Home & Garden,23
2026-01-14,HOM-SKU-1036,Home & Garden,19
2026-01-15,HOM-SKU-1036,Home & Garden,14
2026-01-16,HOM-SKU-1036,Home & Garden,0
2026-01-17,HOM-SKU-1036,Home & Garden,11
2026-01-18,HOM-SKU-1036,Home & Garden,18
2026-01-19,HOM-SKU-1036,Home & Garden,18
2026-01-20,HOM-SKU-1036,Home & Garden,23
2026-01-21,HOM-SKU-1036,Home & Garden,22
2026-01-22,HOM-SKU-1036,Home & Garden,15
2026-01-23,HOM-SKU-1036,Home & Garden,15
2026-01-24,HOM-SKU-1036,Home & Garden,0
2026-01-25,HOM-SKU-1036,Home & Garden,19
2026-01-26,HOM-SKU-1036,Home & Garden,22
2026-01-27,HOM-SKU-1036,Home & Garden,24
2026-01-28,HOM-SKU-1036,Home & Garden,22
2026-01-29,HOM-SKU-1036,Home & Garden,18
2026-01-30,HOM-SKU-1036,Home & Garden,12
2026-01-31,HOM-SKU-1036,Home & Garden,13
2026-02-01,HOM-SKU-1036,Home & Garden,17
2026-02-02,HOM-SKU-1036,Home & Garden,22
2026-02-03,HOM-SKU-1036,Home & Garden,24
2026-02-04,HOM-SKU-1036,Home & Garden,21
2026-02-05,HOM-SKU-1036,Home & Garden,18
2026-02-06,HOM-SKU-1036,Home & Garden,16
2026-02-07,HOM-SKU-1036,Home & Garden,16
2026-02-08,HOM-SKU-1036,Home & Garden,19
2026-02-09,HOM-SKU-1036,Home & Garden,23
2026-02-10,HOM-SKU-1036,Home & Garden,0
2026-02-11,HOM-SKU-1036,Home & Garden,19
2026-02-12,HOM-SKU-1036,Home & Garden,17
2026-02-13,HOM-SKU-1036,Home & Garden,12
2026-02-14,HOM-SKU-1036,Home & Garden,16
2026-02-15,HOM-SKU-1036,Home & Garden,19
2026-02-16,HOM-SKU-1036,Home & Garden,22
2026-02-17,HOM-SKU-1036,Home & Garden,21
2026-02-18,HOM-SKU-1036,Home & Garden,21
2026-02-19,HOM-SKU-1036,Home & Garden,19
2026-02-20,HOM-SKU-1036,Home & Garden,17
2026-02-21,HOM-SKU-1036,Home & Garden,14
2026-02-22,HOM-SKU-1036,Home & Garden,0
2026-02-23,HOM-SKU-1036,Home & Garden,21
2026-02-24,HOM-SKU-1036,Home & Garden,23
2026-02-25,HOM-SKU-1036,Home & Garden,23
2026-02-26,HOM-SKU-1036,Home & Garden,16
2026-02-27,HOM-SKU-1036,Home & Garden,16
2025-09-01,SPO-SKU-1037,Sports & Outdoors,6
2025-09-02,SPO-SKU-1037,Sports & Outdoors,10
2025-09-03,SPO-SKU-1037,Sports & Outdoors,10
2025-09-04,SPO-SKU-1037,Sports & Outdoors,8
2025-09-05,SPO-SKU-1037,Sports & Outdoors,0
2025-09-06,SPO-SKU-1037,Sports & Outdoors,3
2025-09-07,SPO-SKU-1037,Sports & Outdoors,4
2025-09-08,SPO-SKU-1037,Sports & Outdoors,8
2025-09-09,SPO-SKU-1037,Sports & Outdoors,10
2025-09-10,SPO-SKU-1037,Sports & Outdoors,10
2025-09-11,SPO-SKU-1037,Sports & Outdoors,9
2025-09-12,SPO-SKU-1037,Sports & Outdoors,5
2025-09-13,SPO-SKU-1037,Sports & Outdoors,4
2025-09-14,SPO-SKU-1037,Sports & Outdoors,3
2025-09-15,SPO-SKU-1037,Sports & Outdoors,6
2025-09-16,SPO-SKU-1037,Sports & Outdoors,9
2025-09-17,SPO-SKU-1037,Sports & Outdoors,0
2025-09-18,SPO-SKU-1037,Sports & Outdoors,8
2025-09-19,SPO-SKU-1037,Sports & Outdoors,5
2025-09-20,SPO-SKU-1037,Sports & Outdoors,0
2025-09-21,SPO-SKU-1037,Sports & Outdoors,0
2025-09-22,SPO-SKU-1037,Sports & Outdoors,7
2025-09-23,SPO-SKU-1037,Sports & Outdoors,10
2025-09-24,SPO-SKU-1037,Sports & Outdoors,10
2025-09-25,SPO-SKU-1037,Sports & Outdoors,7
2025-09-26,SPO-SKU-1037,Sports & Outdoors,6
2025-09-27,SPO-SKU-1037,Sports & Outdoors,2
2025-09-28,SPO-SKU-1037,Sports & Outdoors,5
2025-09-29,SPO-SKU-1037,Sports & Outdoors,6
2025-09-30,SPO-SKU-1037,Sports & Outdoors,8
2025-10-01,SPO-SKU-1037,Sports & Outdoors,9
2025-10-02,SPO-SKU-1037,Sports & Outdoors,8
2025-10-03,SPO-SKU-1037,Sports & Outdoors,4
2025-10-04,SPO-SKU-1037,Sports & Outdoors,4
2025-10-05,SPO-SKU-1037,Sports & Outdoors,5
2025-10-06,SPO-SKU-1037,Sports & Outdoors,7
2025-10-07,SPO-SKU-1037,Sports & Outdoors,10
2025-10-08,SPO-SKU-1037,Sports & Outdoors,8
2025-10-09,SPO-SKU-1037,Sports & Outdoors,8
2025-10-10,SPO-SKU-1037,Sports & Outdoors,4
2025-10-11,SPO-SKU-1037,Sports & Outdoors,3
2025-10-12,SPO-SKU-1037,Sports & Outdoors,3
2025-10-13,SPO-SKU-1037,Sports & Outdoors,6
2025-10-14,SPO-SKU-1037,Sports & Outdoors,10
2025-10-15,SPO-SKU-1037,Sports & Outdoors,10
2025-10-16,SPO-SKU-1037,Sports & Outdoors,8
2025-10-17,SPO-SKU-1037,Sports & Outdoors,3
2025-10-18,SPO-SKU-1037,Sports & Outdoors,2
2025-10-19,SPO-SKU-1037,Sports & Outdoors,5
2025-10-20,SPO-SKU-1037,Sports & Outdoors,8
2025-10-21,SPO-SKU-1037,Sports & Outdoors,9
2025-10-22,SPO-SKU-1037,Sports & Outdoors,10
2025-10-23,SPO-SKU-1037,Sports & Outdoors,6
2025-10-24,SPO-SKU-1037,Sports & Outdoors,5
2025-10-25,SPO-SKU-1037,Sports & Outdoors,0
2025-10-26,SPO-SKU-1037,Sports & Outdoors,5
2025-10-27,SPO-SKU-1037,Sports & Outdoors,6
2025-10-28,SPO-SKU-1037,Sports & Outdoors,10
2025-10-29,SPO-SKU-1037,Sports & Outdoors,8
2025-10-30,SPO-SKU-1037,Sports & Outdoors,8
2025-10-31,SPO-SKU-1037,Sports & Outdoors,3
2025-11-01,SPO-SKU-1037,Sports & Outdoors,4
2025-11-02,SPO-SKU-1037,Sports & Outdoors,4
2025-11-03,SPO-SKU-1037,Sports & Outdoors,6
2025-11-04,SPO-SKU-1037,Sports & Outdoors,0
2025-11-05,SPO-SKU-1037,Sports & Outdoors,9
2025-11-06,SPO-SKU-1037,Sports & Outdoors,7
2025-11-07,SPO-SKU-1037,Sports & Outdoors,5
2025-11-08,SPO-SKU-1037,Sports & Outdoors,3
2025-11-09,SPO-SKU-1037,Sports & Outdoors,4
2025-11-10,SPO-SKU-1037,Sports & Outdoors,7
2025-11-11,SPO-SKU-1037,Sports & Outdoors,8
2025-11-12,SPO-SKU-1037,Sports & Outdoors,10
2025-11-13,SPO-SKU-1037,Sports & Outdoors,7
2025-11-14,SPO-SKU-1037,Sports & Outdoors,5
2025-11-15,SPO-SKU-1037,Sports & Outdoors,4
2025-11-16,SPO-SKU-1037,Sports & Outdoors,6
2025-11-17,SPO-SKU-1037,Sports & Outdoors,9
2025-11-18,SPO-SKU-1037,Sports & Outdoors,9
2025-11-19,SPO-SKU-1037,Sports & Outdoors,9
2025-11-20,SPO-SKU-1037,Sports & Outdoors,7
2025-11-21,SPO-SKU-1037,Sports & Outdoors,0
2025-11-22,SPO-SKU-1037,Sports & Outdoors,4
2025-11-23,SPO-SKU-1037,Sports & Outdoors,5
2025-11-24,SPO-SKU-1037,Sports & Outdoors,8
2025-11-25,SPO-SKU-1037,Sports & Outdoors,8
2025-11-26,SPO-SKU-1037,Sports & Outdoors,10
2025-11-27,SPO-SKU-1037,Sports & Outdoors,5
2025-11-28,SPO-SKU-1037,Sports & Outdoors,4
2025-11-29,SPO-SKU-1037,Sports & Outdoors,3
2025-11-30,SPO-SKU-1037,Sports & Outdoors,4
2025-12-01,SPO-SKU-1037,Sports & Outdoors,7
2025-12-02,SPO-SKU-1037,Sports & Outdoors,10
2025-12-03,SPO-SKU-1037,Sports & Outdoors,9
2025-12-04,SPO-SKU-1037,Sports & Outdoors,6
2025-12-05,SPO-SKU-1037,Sports & Outdoors,3
2025-12-06,SPO-SKU-1037,Sports & Outdoors,4
2025-12-07,SPO-SKU-1037,Sports & Outdoors,6
2025-12-08,SPO-SKU-1037,Sports & Outdoors,9
2025-12-09,SPO-SKU-1037,Sports & Outdoors,8
2025-12-10,SPO-SKU-1037,Sports & Outdoors,8
2025-12-11,SPO-SKU-1037,Sports & Outdoors,5
2025-12-12,SPO-SKU-1037,Sports & Outdoors,5
2025-12-13,SPO-SKU-1037,Sports & Outdoors,4
2025-12-14,SPO-SKU-1037,Sports & Outdoors,6
2025-12-15,SPO-SKU-1037,Sports & Outdoors,7
2025-12-16,SPO-SKU-1037,Sports & Outdoors,8
2025-12-17,SPO-SKU-1037,Sports & Outdoors,10
2025-12-18,SPO-SKU-1037,Sports & Outdoors,5
2025-12-19,SPO-SKU-1037,Sports & Outdoors,0
2025-12-20,SPO-SKU-1037,Sports & Outdoors,3
2025-12-21,SPO-SKU-1037,Sports & Outdoors,5
2025-12-22,SPO-SKU-1037,Sports & Outdoors,7
2025-12-23,SPO-SKU-1037,Sports & Outdoors,9
2025-12-24,SPO-SKU-1037,Sports & Outdoors,7
2025-12-25,SPO-SKU-1037,Sports & Outdoors,5
2025-12-26,SPO-SKU-1037,Sports & Outdoors,4
2025-12-27,SPO-SKU-1037,Sports & Outdoors,3
2025-12-28,SPO-SKU-1037,Sports & Outdoors,0
2025-12-29,SPO-SKU-1037,Sports & Outdoors,0
2025-12-30,SPO-SKU-1037,Sports & Outdoors,10
2025-12-31,SPO-SKU-1037,Sports & Outdoors,9
2026-01-01,SPO-SKU-1037,Sports & Outdoors,6
2026-01-02,SPO-SKU-1037,Sports & Outdoors,3
2026-01-03,SPO-SKU-1037,Sports & Outdoors,2
2026-01-04,SPO-SKU-1037,Sports & Outdoors,4
2026-01-05,SPO-SKU-1037,Sports & Outdoors,8
2026-01-06,SPO-SKU-1037,Sports & Outdoors,9
2026-01-07,SPO-SKU-1037,Sports & Outdoors,7
2026-01-08,SPO-SKU-1037,Sports & Outdoors,5
2026-01-09,SPO-SKU-1037,Sports & Outdoors,3
2026-01-10,SPO-SKU-1037,Sports & Outdoors,0
2026-01-11,SPO-SKU-1037,Sports & Outdoors,4
2026-01-12,SPO-SKU-1037,Sports & Outdoors,9
2026-01-13,SPO-SKU-1037,Sports & Outdoors,9
2026-01-14,SPO-SKU-1037,Sports & Outdoors,7
2026-01-15,SPO-SKU-1037,Sports & Outdoors,4
2026-01-16,SPO-SKU-1037,Sports & Outdoors,4
2026-01-17,SPO-SKU-1037,Sports & Outdoors,0
2026-01-18,SPO-SKU-1037,Sports & Outdoors,0
2026-01-19,SPO-SKU-1037,Sports & Outdoors,7
2026-01-20,SPO-SKU-1037,Sports & Outdoors,9
2026-01-21,SPO-SKU-1037,Sports & Outdoors,9
2026-01-22,SPO-SKU-1037,Sports & Outdoors,5
2026-01-23,SPO-SKU-1037,Sports & Outdoors,3
2026-01-24,SPO-SKU-1037,Sports & Outdoors,4
2026-01-25,SPO-SKU-1037,Sports & Outdoors,6
2026-01-26,SPO-SKU-1037,Sports & Outdoors,9
2026-01-27,SPO-SKU-1037,Sports & Outdoors,8
2026-01-28,SPO-SKU-1037,Sports & Outdoors,9
2026-01-29,SPO-SKU-1037,Sports & Outdoors,6
2026-01-30,SPO-SKU-1037,Sports & Outdoors,4
2026-01-31,SPO-SKU-1037,Sports & Outdoors,2
2026-02-01,SPO-SKU-1037,Sports & Outdoors,5
2026-02-02,SPO-SKU-1037,Sports & Outdoors,0
2026-02-03,SPO-SKU-1037,Sports & Outdoors,0
2026-02-04,SPO-SKU-1037,Sports & Outdoors,7
2026-02-05,SPO-SKU-1037,Sports & Outdoors,0
2026-02-06,SPO-SKU-1037,Sports & Outdoors,0
2026-02-07,SPO-SKU-1037,Sports & Outdoors,2
2026-02-08,SPO-SKU-1037,Sports & Outdoors,7
2026-02-09,SPO-SKU-1037,Sports & Outdoors,7
2026-02-10,SPO-SKU-1037,Sports & Outdoors,9
2026-02-11,SPO-SKU-1037,Sports & Outdoors,8
2026-02-12,SPO-SKU-1037,Sports & Outdoors,4
2026-02-13,SPO-SKU-1037,Sports & Outdoors,3
2026-02-14,SPO-SKU-1037,Sports & Outdoors,3
2026-02-15,SPO-SKU-1037,Sports & Outdoors,5
2026-02-16,SPO-SKU-1037,Sports & Outdoors,8
2026-02-17,SPO-SKU-1037,Sports & Outdoors,0
2026-02-18,SPO-SKU-1037,Sports & Outdoors,8
2026-02-19,SPO-SKU-1037,Sports & Outdoors,5
2026-02-20,SPO-SKU-1037,Sports & Outdoors,3
2026-02-21,SPO-SKU-1037,Sports & Outdoors,3
2026-02-22,SPO-SKU-1037,Sports & Outdoors,6
2026-02-23,SPO-SKU-1037,Sports & Outdoors,10
2026-02-24,SPO-SKU-1037,Sports & Outdoors,0
2026-02-25,SPO-SKU-1037,Sports & Outdoors,6
2026-02-26,SPO-SKU-1037,Sports & Outdoors,5
2026-02-27,SPO-SKU-1037,Sports & Outdoors,3
2025-09-01,APP-SKU-1038,Apparel,24
2025-09-02,APP-SKU-1038,Apparel,32
2025-09-03,APP-SKU-1038,Apparel,0
2025-09-04,APP-SKU-1038,Apparel,24
2025-09-05,APP-SKU-1038,Apparel,21
2025-09-06,APP-SKU-1038,Apparel,20
2025-09-07,APP-SKU-1038,Apparel,23
2025-09-08,APP-SKU-1038,Apparel,26
2025-09-09,APP-SKU-1038,Apparel,30
2025-09-10,APP-SKU-1038,Apparel,27
2025-09-11,APP-SKU-1038,Apparel,29
2025-09-12,APP-SKU-1038,Apparel,0
2025-09-13,APP-SKU-1038,Apparel,17
2025-09-14,APP-SKU-1038,Apparel,0
2025-09-15,APP-SKU-1038,Apparel,22
2025-09-16,APP-SKU-1038,Apparel,29
2025-09-17,APP-SKU-1038,Apparel,27
2025-09-18,APP-SKU-1038,Apparel,25
2025-09-19,APP-SKU-1038,Apparel,19
2025-09-20,APP-SKU-1038,Apparel,25
2025-09-21,APP-SKU-1038,Apparel,25
2025-09-22,APP-SKU-1038,Apparel,29
2025-09-23,APP-SKU-1038,Apparel,0
2025-09-24,APP-SKU-1038,Apparel,31
2025-09-25,APP-SKU-1038,Apparel,27
2025-09-26,APP-SKU-1038,Apparel,22
2025-09-27,APP-SKU-1038,Apparel,24
2025-09-28,APP-SKU-1038,Apparel,26
2025-09-29,APP-SKU-1038,Apparel,30
2025-09-30,APP-SKU-1038,Apparel,34
2025-10-01,APP-SKU-1038,Apparel,36
2025-10-02,APP-SKU-1038,Apparel,32
2025-10-03,APP-SKU-1038,Apparel,27
2025-10-04,APP-SKU-1038,Apparel,0
2025-10-05,APP-SKU-1038,Apparel,26
2025-10-06,APP-SKU-1038,Apparel,30
2025-10-07,APP-SKU-1038,Apparel,28
2025-10-08,APP-SKU-1038,Apparel,32
2025-10-09,APP-SKU-1038,Apparel,27
2025-10-10,APP-SKU-1038,Apparel,22
2025-10-11,APP-SKU-1038,Apparel,0
2025-10-12,APP-SKU-1038,Apparel,23
2025-10-13,APP-SKU-1038,Apparel,29
2025-10-14,APP-SKU-1038,Apparel,35
2025-10-15,APP-SKU-1038,Apparel,30
2025-10-16,APP-SKU-1038,Apparel,32
2025-10-17,APP-SKU-1038,Apparel,23
2025-10-18,APP-SKU-1038,Apparel,23
2025-10-19,APP-SKU-1038,Apparel,24
2025-10-20,APP-SKU-1038,Apparel,31
2025-10-21,APP-SKU-1038,Apparel,37
2025-10-22,APP-SKU-1038,Apparel,38
2025-10-23,APP-SKU-1038,Apparel,34
2025-10-24,APP-SKU-1038,Apparel,28
2025-10-25,APP-SKU-1038,Apparel,27
2025-10-26,APP-SKU-1038,Apparel,29
2025-10-27,APP-SKU-1038,Apparel,30
2025-10-28,APP-SKU-1038,Apparel,37
2025-10-29,APP-SKU-1038,Apparel,38
2025-10-30,APP-SKU-1038,Apparel,29
2025-10-31,APP-SKU-1038,Apparel,25
2025-11-01,APP-SKU-1038,Apparel,0
2025-11-02,APP-SKU-1038,Apparel,30
2025-11-03,APP-SKU-1038,Apparel,0
2025-11-04,APP-SKU-1038,Apparel,37
2025-11-05,APP-SKU-1038,Apparel,34
2025-11-06,APP-SKU-1038,Apparel,33
2025-11-07,APP-SKU-1038,Apparel,27
2025-11-08,APP-SKU-1038,Apparel,22
2025-11-09,APP-SKU-1038,Apparel,0
2025-11-10,APP-SKU-1038,Apparel,37
2025-11-11,APP-SKU-1038,Apparel,33
2025-11-12,APP-SKU-1038,Apparel,39
2025-11-13,APP-SKU-1038,Apparel,29
2025-11-14,APP-SKU-1038,Apparel,29
2025-11-15,APP-SKU-1038,Apparel,28
2025-11-16,APP-SKU-1038,Apparel,0
2025-11-17,APP-SKU-1038,Apparel,32
2025-11-18,APP-SKU-1038,Apparel,36
2025-11-19,APP-SKU-1038,Apparel,40
2025-11-20,APP-SKU-1038,Apparel,37
2025-11-21,APP-SKU-1038,Apparel,28
2025-11-22,APP-SKU-1038,Apparel,0
2025-11-23,APP-SKU-1038,Apparel,29
2025-11-24,APP-SKU-1038,Apparel,34
2025-11-25,APP-SKU-1038,Apparel,38
2025-11-26,APP-SKU-1038,Apparel,36
2025-11-27,APP-SKU-1038,Apparel,36
2025-11-28,APP-SKU-1038,Apparel,31
2025-11-29,APP-SKU-1038,Apparel,30
2025-11-30,APP-SKU-1038,Apparel,0
2025-12-01,APP-SKU-1038,Apparel,38
2025-12-02,APP-SKU-1038,Apparel,42
2025-12-03,APP-SKU-1038,Apparel,39
2025-12-04,APP-SKU-1038,Apparel,33
2025-12-05,APP-SKU-1038,Apparel,27
2025-12-06,APP-SKU-1038,Apparel,26
2025-12-07,APP-SKU-1038,Apparel,28
2025-12-08,APP-SKU-1038,Apparel,33
2025-12-09,APP-SKU-1038,Apparel,0
2025-12-10,APP-SKU-1038,Apparel,39
2025-12-11,APP-SKU-1038,Apparel,39
2025-12-12,APP-SKU-1038,Apparel,33
2025-12-13,APP-SKU-1038,Apparel,0
2025-12-14,APP-SKU-1038,Apparel,30
2025-12-15,APP-SKU-1038,Apparel,37
2025-12-16,APP-SKU-1038,Apparel,40
2025-12-17,APP-SKU-1038,Apparel,0
2025-12-18,APP-SKU-1038,Apparel,31
2025-12-19,APP-SKU-1038,Apparel,28
2025-12-20,APP-SKU-1038,Apparel,35
2025-12-21,APP-SKU-1038,Apparel,0
2025-12-22,APP-SKU-1038,Apparel,38
2025-12-23,APP-SKU-1038,Apparel,44
2025-12-24,APP-SKU-1038,Apparel,43
2025-12-25,APP-SKU-1038,Apparel,35
2025-12-26,APP-SKU-1038,Apparel,33
2025-12-27,APP-SKU-1038,Apparel,31
2025-12-28,APP-SKU-1038,Apparel,36
2025-12-29,APP-SKU-1038,Apparel,43
2025-12-30,APP-SKU-1038,Apparel,40
2025-12-31,APP-SKU-1038,Apparel,39
2026-01-01,APP-SKU-1038,Apparel,32
2026-01-02,APP-SKU-1038,Apparel,32
2026-01-03,APP-SKU-1038,Apparel,34
2026-01-04,APP-SKU-1038,Apparel,40
2026-01-05,APP-SKU-1038,Apparel,37
2026-01-06,APP-SKU-1038,Apparel,41
2026-01-07,APP-SKU-1038,Apparel,37
2026-01-08,APP-SKU-1038,Apparel,40
2026-01-09,APP-SKU-1038,Apparel,37
2026-01-10,APP-SKU-1038,Apparel,36
2026-01-11,APP-SKU-1038,Apparel,40
2026-01-12,APP-SKU-1038,Apparel,44
2026-01-13,APP-SKU-1038,Apparel,48
2026-01-14,APP-SKU-1038,Apparel,39
2026-01-15,APP-SKU-1038,Apparel,41
2026-01-16,APP-SKU-1038,Apparel,38
2026-01-17,APP-SKU-1038,Apparel,34
2026-01-18,APP-SKU-1038,Apparel,37
2026-01-19,APP-SKU-1038,Apparel,45
2026-01-20,APP-SKU-1038,Apparel,41
2026-01-21,APP-SKU-1038,Apparel,47
2026-01-22,APP-SKU-1038,Apparel,36
2026-01-23,APP-SKU-1038,Apparel,35
2026-01-24,APP-SKU-1038,Apparel,37
2026-01-25,APP-SKU-1038,Apparel,36
2026-01-26,APP-SKU-1038,Apparel,45
2026-01-27,APP-SKU-1038,Apparel,47
2026-01-28,APP-SKU-1038,Apparel,40
2026-01-29,APP-SKU-1038,Apparel,36
2026-01-30,APP-SKU-1038,Apparel,39
2026-01-31,APP-SKU-1038,Apparel,39
2026-02-01,APP-SKU-1038,Apparel,43
2026-02-02,APP-SKU-1038,Apparel,42
2026-02-03,APP-SKU-1038,Apparel,42
2026-02-04,APP-SKU-1038,Apparel,44
2026-02-05,APP-SKU-1038,Apparel,42
2026-02-06,APP-SKU-1038,Apparel,40
2026-02-07,APP-SKU-1038,Apparel,38
2026-02-08,APP-SKU-1038,Apparel,38
2026-02-09,APP-SKU-1038,Apparel,48
2026-02-10,APP-SKU-1038,Apparel,50
2026-02-11,APP-SKU-1038,Apparel,43
2026-02-12,APP-SKU-1038,Apparel,38
2026-02-13,APP-SKU-1038,Apparel,41
2026-02-14,APP-SKU-1038,Apparel,37
2026-02-15,APP-SKU-1038,Apparel,46
2026-02-16,APP-SKU-1038,Apparel,42
2026-02-17,APP-SKU-1038,Apparel,47
2026-02-18,APP-SKU-1038,Apparel,47
2026-02-19,APP-SKU-1038,Apparel,45
2026-02-20,APP-SKU-1038,Apparel,37
2026-02-21,APP-SKU-1038,Apparel,40
2026-02-22,APP-SKU-1038,Apparel,46
2026-02-23,APP-SKU-1038,Apparel,43
2026-02-24,APP-SKU-1038,Apparel,50
2026-02-25,APP-SKU-1038,Apparel,49
2026-02-26,APP-SKU-1038,Apparel,40
2026-02-27,APP-SKU-1038,Apparel,0
2025-09-01,HOM-SKU-1039,Home & Garden,28
2025-09-02,HOM-SKU-1039,Home & Garden,39
2025-09-03,HOM-SKU-1039,Home & Garden,45
2025-09-04,HOM-SKU-1039,Home & Garden,40
2025-09-05,HOM-SKU-1039,Home & Garden,25
2025-09-06,HOM-SKU-1039,Home & Garden,22
2025-09-07,HOM-SKU-1039,Home & Garden,19
2025-09-08,HOM-SKU-1039,Home & Garden,34
2025-09-09,HOM-SKU-1039,Home & Garden,39
2025-09-10,HOM-SKU-1039,Home & Garden,50
2025-09-11,HOM-SKU-1039,Home & Garden,42
2025-09-12,HOM-SKU-1039,Home & Garden,20
2025-09-13,HOM-SKU-1039,Home & Garden,0
2025-09-14,HOM-SKU-1039,Home & Garden,19
2025-09-15,HOM-SKU-1039,Home & Garden,0
2025-09-16,HOM-SKU-1039,Home & Garden,48
2025-09-17,HOM-SKU-1039,Home & Garden,40
2025-09-18,HOM-SKU-1039,Home & Garden,37
2025-09-19,HOM-SKU-1039,Home & Garden,31
2025-09-20,HOM-SKU-1039,Home & Garden,25
2025-09-21,HOM-SKU-1039,Home & Garden,26
2025-09-22,HOM-SKU-1039,Home & Garden,27
2025-09-23,HOM-SKU-1039,Home & Garden,38
2025-09-24,HOM-SKU-1039,Home & Garden,39
2025-09-25,HOM-SKU-1039,Home & Garden,31
2025-09-26,HOM-SKU-1039,Home & Garden,19
2025-09-27,HOM-SKU-1039,Home & Garden,16
2025-09-28,HOM-SKU-1039,Home & Garden,0
2025-09-29,HOM-SKU-1039,Home & Garden,37
2025-09-30,HOM-SKU-1039,Home & Garden,0
2025-10-01,HOM-SKU-1039,Home & Garden,42
2025-10-02,HOM-SKU-1039,Home & Garden,0
2025-10-03,HOM-SKU-1039,Home & Garden,19
2025-10-04,HOM-SKU-1039,Home & Garden,20
2025-10-05,HOM-SKU-1039,Home & Garden,23
2025-10-06,HOM-SKU-1039,Home & Garden,36
2025-10-07,HOM-SKU-1039,Home & Garden,39
2025-10-08,HOM-SKU-1039,Home & Garden,45
2025-10-09,HOM-SKU-1039,Home & Garden,41
2025-10-10,HOM-SKU-1039,Home & Garden,20
2025-10-11,HOM-SKU-1039,Home & Garden,0
2025-10-12,HOM-SKU-1039,Home & Garden,26
2025-10-13,HOM-SKU-1039,Home & Garden,38
2025-10-14,HOM-SKU-1039,Home & Garden,41
2025-10-15,HOM-SKU-1039,Home & Garden,51
2025-10-16,HOM-SKU-1039,Home & Garden,32
2025-10-17,HOM-SKU-1039,Home & Garden,25
2025-10-18,HOM-SKU-1039,Home & Garden,22
2025-10-19,HOM-SKU-1039,Home & Garden,29
2025-10-20,HOM-SKU-1039,Home & Garden,37
2025-10-21,HOM-SKU-1039,Home & Garden,0
2025-10-22,HOM-SKU-1039,Home & Garden,50
2025-10-23,HOM-SKU-1039,Home & Garden,39
2025-10-24,HOM-SKU-1039,Home & Garden,19
2025-10-25,HOM-SKU-1039,Home & Garden,14
2025-10-26,HOM-SKU-1039,Home & Garden,24
2025-10-27,HOM-SKU-1039,Home & Garden,36
2025-10-28,HOM-SKU-1039,Home & Garden,47
2025-10-29,HOM-SKU-1039,Home & Garden,41
2025-10-30,HOM-SKU-1039,Home & Garden,34
2025-10-31,HOM-SKU-1039,Home & Garden,20
2025-11-01,HOM-SKU-1039,Home & Garden,23
2025-11-02,HOM-SKU-1039,Home & Garden,21
2025-11-03,HOM-SKU-1039,Home & Garden,38
2025-11-04,HOM-SKU-1039,Home & Garden,51
2025-11-05,HOM-SKU-1039,Home & Garden,41
2025-11-06,HOM-SKU-1039,Home & Garden,42
2025-11-07,HOM-SKU-1039,Home & Garden,0
2025-11-08,HOM-SKU-1039,Home & Garden,22
2025-11-09,HOM-SKU-1039,Home & Garden,24
2025-11-10,HOM-SKU-1039,Home & Garden,38
2025-11-11,HOM-SKU-1039,Home & Garden,0
2025-11-12,HOM-SKU-1039,Home & Garden,49
2025-11-13,HOM-SKU-1039,Home & Garden,0
2025-11-14,HOM-SKU-1039,Home & Garden,22
2025-11-15,HOM-SKU-1039,Home & Garden,0
2025-11-16,HOM-SKU-1039,Home & Garden,0
2025-11-17,HOM-SKU-1039,Home & Garden,38
2025-11-18,HOM-SKU-1039,Home & Garden,45
2025-11-19,HOM-SKU-1039,Home & Garden,41
2025-11-20,HOM-SKU-1039,Home & Garden,30
2025-11-21,HOM-SKU-1039,Home & Garden,31
2025-11-22,HOM-SKU-1039,Home & Garden,25
2025-11-23,HOM-SKU-1039,Home & Garden,31
2025-11-24,HOM-SKU-1039,Home & Garden,37
2025-11-25,HOM-SKU-1039,Home & Garden,53
2025-11-26,HOM-SKU-1039,Home & Garden,46
2025-11-27,HOM-SKU-1039,Home & Garden,35
2025-11-28,HOM-SKU-1039,Home & Garden,22
2025-11-29,HOM-SKU-1039,Home & Garden,28
2025-11-30,HOM-SKU-1039,Home & Garden,25
2025-12-01,HOM-SKU-1039,Home & Garden,37
2025-12-02,HOM-SKU-1039,Home & Garden,0
2025-12-03,HOM-SKU-1039,Home & Garden,50
2025-12-04,HOM-SKU-1039,Home & Garden,33
2025-12-05,HOM-SKU-1039,Home & Garden,26
2025-12-06,HOM-SKU-1039,Home & Garden,24
2025-12-07,HOM-SKU-1039,Home & Garden,0
2025-12-08,HOM-SKU-1039,Home & Garden,38
2025-12-09,HOM-SKU-1039,Home & Garden,54
2025-12-10,HOM-SKU-1039,Home & Garden,52
2025-12-11,HOM-SKU-1039,Home & Garden,35
2025-12-12,HOM-SKU-1039,Home & Garden,0
2025-12-13,HOM-SKU-1039,Home & Garden,23
2025-12-14,HOM-SKU-1039,Home & Garden,26
2025-12-15,HOM-SKU-1039,Home & Garden,48
2025-12-16,HOM-SKU-1039,Home & Garden,53
2025-12-17,HOM-SKU-1039,Home & Garden,44
2025-12-18,HOM-SKU-1039,Home & Garden,33
2025-12-19,HOM-SKU-1039,Home & Garden,0
2025-12-20,HOM-SKU-1039,Home & Garden,21
2025-12-21,HOM-SKU-1039,Home & Garden,29
2025-12-22,HOM-SKU-1039,Home & Garden,41
2025-12-23,HOM-SKU-1039,Home & Garden,49
2025-12-24,HOM-SKU-1039,Home & Garden,48
2025-12-25,HOM-SKU-1039,Home & Garden,30
2025-12-26,HOM-SKU-1039,Home & Garden,28
2025-12-27,HOM-SKU-1039,Home & Garden,28
2025-12-28,HOM-SKU-1039,Home & Garden,28
2025-12-29,HOM-SKU-1039,Home & Garden,0
2025-12-30,HOM-SKU-1039,Home & Garden,55
2025-12-31,HOM-SKU-1039,Home & Garden,44
2026-01-01,HOM-SKU-1039,Home & Garden,0
2026-01-02,HOM-SKU-1039,Home & Garden,28
2026-01-03,HOM-SKU-1039,Home & Garden,30
2026-01-04,HOM-SKU-1039,Home & Garden,33
2026-01-05,HOM-SKU-1039,Home & Garden,50
2026-01-06,HOM-SKU-1039,Home & Garden,51
2026-01-07,HOM-SKU-1039,Home & Garden,47
2026-01-08,HOM-SKU-1039,Home & Garden,39
2026-01-09,HOM-SKU-1039,Home & Garden,0
2026-01-10,HOM-SKU-1039,Home & Garden,20
2026-01-11,HOM-SKU-1039,Home & Garden,32
2026-01-12,HOM-SKU-1039,Home & Garden,48
2026-01-13,HOM-SKU-1039,Home & Garden,46
2026-01-14,HOM-SKU-1039,Home & Garden,0
2026-01-15,HOM-SKU-1039,Home & Garden,37
2026-01-16,HOM-SKU-1039,Home & Garden,24
2026-01-17,HOM-SKU-1039,Home & Garden,21
2026-01-18,HOM-SKU-1039,Home & Garden,36
2026-01-19,HOM-SKU-1039,Home & Garden,46
2026-01-20,HOM-SKU-1039,Home & Garden,49
2026-01-21,HOM-SKU-1039,Home & Garden,50
2026-01-22,HOM-SKU-1039,Home & Garden,30
2026-01-23,HOM-SKU-1039,Home & Garden,31
2026-01-24,HOM-SKU-1039,Home & Garden,21
2026-01-25,HOM-SKU-1039,Home & Garden,40
2026-01-26,HOM-SKU-1039,Home & Garden,49
2026-01-27,HOM-SKU-1039,Home & Garden,56
2026-01-28,HOM-SKU-1039,Home & Garden,0
2026-01-29,HOM-SKU-1039,Home & Garden,32
2026-01-30,HOM-SKU-1039,Home & Garden,0
2026-01-31,HOM-SKU-1039,Home & Garden,33
2026-02-01,HOM-SKU-1039,Home & Garden,39
2026-02-02,HOM-SKU-1039,Home & Garden,51
2026-02-03,HOM-SKU-1039,Home & Garden,47
2026-02-04,HOM-SKU-1039,Home & Garden,45
2026-02-05,HOM-SKU-1039,Home & Garden,38
2026-02-06,HOM-SKU-1039,Home & Garden,23
2026-02-07,HOM-SKU-1039,Home & Garden,24
2026-02-08,HOM-SKU-1039,Home & Garden,34
2026-02-09,HOM-SKU-1039,Home & Garden,51
2026-02-10,HOM-SKU-1039,Home & Garden,55
2026-02-11,HOM-SKU-1039,Home & Garden,44
2026-02-12,HOM-SKU-1039,Home & Garden,37
2026-02-13,HOM-SKU-1039,Home & Garden,26
2026-02-14,HOM-SKU-1039,Home & Garden,32
2026-02-15,HOM-SKU-1039,Home & Garden,45
2026-02-16,HOM-SKU-1039,Home & Garden,48
2026-02-17,HOM-SKU-1039,Home & Garden,47
2026-02-18,HOM-SKU-1039,Home & Garden,46
2026-02-19,HOM-SKU-1039,Home & Garden,36
2026-02-20,HOM-SKU-1039,Home & Garden,22
2026-02-21,HOM-SKU-1039,Home & Garden,36
2026-02-22,HOM-SKU-1039,Home & Garden,42
2026-02-23,HOM-SKU-1039,Home & Garden,48
2026-02-24,HOM-SKU-1039,Home & Garden,56
2026-02-25,HOM-SKU-1039,Home & Garden,0
2026-02-26,HOM-SKU-1039,Home & Garden,30
2026-02-27,HOM-SKU-1039,Home & Garden,34
2025-09-01,HOM-SKU-1040,Home & Garden,0
2025-09-02,HOM-SKU-1040,Home & Garden,6
2025-09-03,HOM-SKU-1040,Home & Garden,7
2025-09-04,HOM-SKU-1040,Home & Garden,5
2025-09-05,HOM-SKU-1040,Home & Garden,5
2025-09-06,HOM-SKU-1040,Home & Garden,3
2025-09-07,HOM-SKU-1040,Home & Garden,3
2025-09-08,HOM-SKU-1040,Home & Garden,5
2025-09-09,HOM-SKU-1040,Home & Garden,7
2025-09-10,HOM-SKU-1040,Home & Garden,5
2025-09-11,HOM-SKU-1040,Home & Garden,6
2025-09-12,HOM-SKU-1040,Home & Garden,0
2025-09-13,HOM-SKU-1040,Home & Garden,4
2025-09-14,HOM-SKU-1040,Home & Garden,3
2025-09-15,HOM-SKU-1040,Home & Garden,5
2025-09-16,HOM-SKU-1040,Home & Garden,7
2025-09-17,HOM-SKU-1040,Home & Garden,6
2025-09-18,HOM-SKU-1040,Home & Garden,4
2025-09-19,HOM-SKU-1040,Home & Garden,5
2025-09-20,HOM-SKU-1040,Home & Garden,4
2025-09-21,HOM-SKU-1040,Home & Garden,0
2025-09-22,HOM-SKU-1040,Home & Garden,0
2025-09-23,HOM-SKU-1040,Home & Garden,6
2025-09-24,HOM-SKU-1040,Home & Garden,7
2025-09-25,HOM-SKU-1040,Home & Garden,5
2025-09-26,HOM-SKU-1040,Home & Garden,4
2025-09-27,HOM-SKU-1040,Home & Garden,0
2025-09-28,HOM-SKU-1040,Home & Garden,2
2025-09-29,HOM-SKU-1040,Home & Garden,6
2025-09-30,HOM-SKU-1040,Home & Garden,7
2025-10-01,HOM-SKU-1040,Home & Garden,6
2025-10-02,HOM-SKU-1040,Home & Garden,6
2025-10-03,HOM-SKU-1040,Home & Garden,5
2025-10-04,HOM-SKU-1040,Home & Garden,4
2025-10-05,HOM-SKU-1040,Home & Garden,3
2025-10-06,HOM-SKU-1040,Home & Garden,5
2025-10-07,HOM-SKU-1040,Home & Garden,7
2025-10-08,HOM-SKU-1040,Home & Garden,0
2025-10-09,HOM-SKU-1040,Home & Garden,6
2025-10-10,HOM-SKU-1040,Home & Garden,4
2025-10-11,HOM-SKU-1040,Home & Garden,3
2025-10-12,HOM-SKU-1040,Home & Garden,5
2025-10-13,HOM-SKU-1040,Home & Garden,5
2025-10-14,HOM-SKU-1040,Home & Garden,6
2025-10-15,HOM-SKU-1040,Home & Garden,5
2025-10-16,HOM-SKU-1040,Home & Garden,5
2025-10-17,HOM-SKU-1040,Home & Garden,0
2025-10-18,HOM-SKU-1040,Home & Garden,3
2025-10-19,HOM-SKU-1040,Home & Garden,4
2025-10-20,HOM-SKU-1040,Home & Garden,4
2025-10-21,HOM-SKU-1040,Home & Garden,7
2025-10-22,HOM-SKU-1040,Home & Garden,5
2025-10-23,HOM-SKU-1040,Home & Garden,6
2025-10-24,HOM-SKU-1040,Home & Garden,5
2025-10-25,HOM-SKU-1040,Home & Garden,0
2025-10-26,HOM-SKU-1040,Home & Garden,4
2025-10-27,HOM-SKU-1040,Home & Garden,5
2025-10-28,HOM-SKU-1040,Home & Garden,6
2025-10-29,HOM-SKU-1040,Home & Garden,6
2025-10-30,HOM-SKU-1040,Home & Garden,5
2025-10-31,HOM-SKU-1040,Home & Garden,4
2025-11-01,HOM-SKU-1040,Home & Garden,4
2025-11-02,HOM-SKU-1040,Home & Garden,5
2025-11-03,HOM-SKU-1040,Home & Garden,5
2025-11-04,HOM-SKU-1040,Home & Garden,6
2025-11-05,HOM-SKU-1040,Home & Garden,7
2025-11-06,HOM-SKU-1040,Home & Garden,6
2025-11-07,HOM-SKU-1040,Home & Garden,3
2025-11-08,HOM-SKU-1040,Home & Garden,4
2025-11-09,HOM-SKU-1040,Home & Garden,4
2025-11-10,HOM-SKU-1040,Home & Garden,6
2025-11-11,HOM-SKU-1040,Home & Garden,7
2025-11-12,HOM-SKU-1040,Home & Garden,5
2025-11-13,HOM-SKU-1040,Home & Garden,0
2025-11-14,HOM-SKU-1040,Home & Garden,4
2025-11-15,HOM-SKU-1040,Home & Garden,4
2025-11-16,HOM-SKU-1040,Home & Garden,4
2025-11-17,HOM-SKU-1040,Home & Garden,6
2025-11-18,HOM-SKU-1040,Home & Garden,5
2025-11-19,HOM-SKU-1040,Home & Garden,7
2025-11-20,HOM-SKU-1040,Home & Garden,5
2025-11-21,HOM-SKU-1040,Home & Garden,3
2025-11-22,HOM-SKU-1040,Home & Garden,0
2025-11-23,HOM-SKU-1040,Home & Garden,3
2025-11-24,HOM-SKU-1040,Home & Garden,5
2025-11-25,HOM-SKU-1040,Home & Garden,6
2025-11-26,HOM-SKU-1040,Home & Garden,7
2025-11-27,HOM-SKU-1040,Home & Garden,6
2025-11-28,HOM-SKU-1040,Home & Garden,0
2025-11-29,HOM-SKU-1040,Home & Garden,4
2025-11-30,HOM-SKU-1040,Home & Garden,5
2025-12-01,HOM-SKU-1040,Home & Garden,5
2025-12-02,HOM-SKU-1040,Home & Garden,6
2025-12-03,HOM-SKU-1040,Home & Garden,5
2025-12-04,HOM-SKU-1040,Home & Garden,5
2025-12-05,HOM-SKU-1040,Home & Garden,5
2025-12-06,HOM-SKU-1040,Home & Garden,2
2025-12-07,HOM-SKU-1040,Home & Garden,5
2025-12-08,HOM-SKU-1040,Home & Garden,0
2025-12-09,HOM-SKU-1040,Home & Garden,8
2025-12-10,HOM-SKU-1040,Home & Garden,6
2025-12-11,HOM-SKU-1040,Home & Garden,6
2025-12-12,HOM-SKU-1040,Home & Garden,4
2025-12-13,HOM-SKU-1040,Home & Garden,3
2025-12-14,HOM-SKU-1040,Home & Garden,5
2025-12-15,HOM-SKU-1040,Home & Garden,6
2025-12-16,HOM-SKU-1040,Home & Garden,8
2025-12-17,HOM-SKU-1040,Home & Garden,5
2025-12-18,HOM-SKU-1040,Home & Garden,4
2025-12-19,HOM-SKU-1040,Home & Garden,3
2025-12-20,HOM-SKU-1040,Home & Garden,4
2025-12-21,HOM-SKU-1040,Home & Garden,3
2025-12-22,HOM-SKU-1040,Home & Garden,7
2025-12-23,HOM-SKU-1040,Home & Garden,8
2025-12-24,HOM-SKU-1040,Home & Garden,7
2025-12-25,HOM-SKU-1040,Home & Garden,6
2025-12-26,HOM-SKU-1040,Home & Garden,5
2025-12-27,HOM-SKU-1040,Home & Garden,3
2025-12-28,HOM-SKU-1040,Home & Garden,6
2025-12-29,HOM-SKU-1040,Home & Garden,6
2025-12-30,HOM-SKU-1040,Home & Garden,7
2025-12-31,HOM-SKU-1040,Home & Garden,6
2026-01-01,HOM-SKU-1040,Home & Garden,5
2026-01-02,HOM-SKU-1040,Home & Garden,5
2026-01-03,HOM-SKU-1040,Home & Garden,2
2026-01-04,HOM-SKU-1040,Home & Garden,0
2026-01-05,HOM-SKU-1040,Home & Garden,7
2026-01-06,HOM-SKU-1040,Home & Garden,8
2026-01-07,HOM-SKU-1040,Home & Garden,6
2026-01-08,HOM-SKU-1040,Home & Garden,6
2026-01-09,HOM-SKU-1040,Home & Garden,5
2026-01-10,HOM-SKU-1040,Home & Garden,5
2026-01-11,HOM-SKU-1040,Home & Garden,5
2026-01-12,HOM-SKU-1040,Home & Garden,7
2026-01-13,HOM-SKU-1040,Home & Garden,6
2026-01-14,HOM-SKU-1040,Home & Garden,5
2026-01-15,HOM-SKU-1040,Home & Garden,0
2026-01-16,HOM-SKU-1040,Home & Garden,3
2026-01-17,HOM-SKU-1040,Home & Garden,5
2026-01-18,HOM-SKU-1040,Home & Garden,6
2026-01-19,HOM-SKU-1040,Home & Garden,6
2026-01-20,HOM-SKU-1040,Home & Garden,7
2026-01-21,HOM-SKU-1040,Home & Garden,6
2026-01-22,HOM-SKU-1040,Home & Garden,6
2026-01-23,HOM-SKU-1040,Home & Garden,3
2026-01-24,HOM-SKU-1040,Home & Garden,3
2026-01-25,HOM-SKU-1040,Home & Garden,0
2026-01-26,HOM-SKU-1040,Home & Garden,7
2026-01-27,HOM-SKU-1040,Home & Garden,6
2026-01-28,HOM-SKU-1040,Home & Garden,5
2026-01-29,HOM-SKU-1040,Home & Garden,6
2026-01-30,HOM-SKU-1040,Home & Garden,3
2026-01-31,HOM-SKU-1040,Home & Garden,5
2026-02-01,HOM-SKU-1040,Home & Garden,6
2026-02-02,HOM-SKU-1040,Home & Garden,5
2026-02-03,HOM-SKU-1040,Home & Garden,6
2026-02-04,HOM-SKU-1040,Home & Garden,0
2026-02-05,HOM-SKU-1040,Home & Garden,6
2026-02-06,HOM-SKU-1040,Home & Garden,3
2026-02-07,HOM-SKU-1040,Home & Garden,5
2026-02-08,HOM-SKU-1040,Home & Garden,4
2026-02-09,HOM-SKU-1040,Home & Garden,7
2026-02-10,HOM-SKU-1040,Home & Garden,8
2026-02-11,HOM-SKU-1040,Home & Garden,6
2026-02-12,HOM-SKU-1040,Home & Garden,0
2026-02-13,HOM-SKU-1040,Home & Garden,5
2026-02-14,HOM-SKU-1040,Home & Garden,3
2026-02-15,HOM-SKU-1040,Home & Garden,0
2026-02-16,HOM-SKU-1040,Home & Garden,6
2026-02-17,HOM-SKU-1040,Home & Garden,6
2026-02-18,HOM-SKU-1040,Home & Garden,6
2026-02-19,HOM-SKU-1040,Home & Garden,0
2026-02-20,HOM-SKU-1040,Home & Garden,3
2026-02-21,HOM-SKU-1040,Home & Garden,5
2026-02-22,HOM-SKU-1040,Home & Garden,4
2026-02-23,HOM-SKU-1040,Home & Garden,8
2026-02-24,HOM-SKU-1040,Home & Garden,7
2026-02-25,HOM-SKU-1040,Home & Garden,6
2026-02-26,HOM-SKU-1040,Home & Garden,4
2026-02-27,HOM-SKU-1040,Home & Garden,4
2025-09-01,ELE-SKU-1041,Electronics,0
2025-09-02,ELE-SKU-1041,Electronics,20
2025-09-03,ELE-SKU-1041,Electronics,23
2025-09-04,ELE-SKU-1041,Electronics,21
2025-09-05,ELE-SKU-1041,Electronics,12
2025-09-06,ELE-SKU-1041,Electronics,10
2025-09-07,ELE-SKU-1041,Electronics,0
2025-09-08,ELE-SKU-1041,Electronics,14
2025-09-09,ELE-SKU-1041,Electronics,18
2025-09-10,ELE-SKU-1041,Electronics,18
2025-09-11,ELE-SKU-1041,Electronics,19
2025-09-12,ELE-SKU-1041,Electronics,18
2025-09-13,ELE-SKU-1041,Electronics,13
2025-09-14,ELE-SKU-1041,Electronics,15
2025-09-15,ELE-SKU-1041,Electronics,17
2025-09-16,ELE-SKU-1041,Electronics,17
2025-09-17,ELE-SKU-1041,Electronics,0
2025-09-18,ELE-SKU-1041,Electronics,17
2025-09-19,ELE-SKU-1041,Electronics,15
2025-09-20,ELE-SKU-1041,Electronics,15
2025-09-21,ELE-SKU-1041,Electronics,16
2025-09-22,ELE-SKU-1041,Electronics,20
2025-09-23,ELE-SKU-1041,Electronics,19
2025-09-24,ELE-SKU-1041,Electronics,22
2025-09-25,ELE-SKU-1041,Electronics,19
2025-09-26,ELE-SKU-1041,Electronics,0
2025-09-27,ELE-SKU-1041,Electronics,0
2025-09-28,ELE-SKU-1041,Electronics,15
2025-09-29,ELE-SKU-1041,Electronics,21
2025-09-30,ELE-SKU-1041,Electronics,18
2025-10-01,ELE-SKU-1041,Electronics,24
2025-10-02,ELE-SKU-1041,Electronics,0
2025-10-03,ELE-SKU-1041,Electronics,0
2025-10-04,ELE-SKU-1041,Electronics,16
2025-10-05,ELE-SKU-1041,Electronics,14
2025-10-06,ELE-SKU-1041,Electronics,19
2025-10-07,ELE-SKU-1041,Electronics,19
2025-10-08,ELE-SKU-1041,Electronics,22
2025-10-09,ELE-SKU-1041,Electronics,17
2025-10-10,ELE-SKU-1041,Electronics,0
2025-10-11,ELE-SKU-1041,Electronics,15
2025-10-12,ELE-SKU-1041,Electronics,17
2025-10-13,ELE-SKU-1041,Electronics,22
2025-10-14,ELE-SKU-1041,Electronics,0
2025-10-15,ELE-SKU-1041,Electronics,25
2025-10-16,ELE-SKU-1041,Electronics,17
2025-10-17,ELE-SKU-1041,Electronics,19
2025-10-18,ELE-SKU-1041,Electronics,0
2025-10-19,ELE-SKU-1041,Electronics,18
2025-10-20,ELE-SKU-1041,Electronics,22
2025-10-21,ELE-SKU-1041,Electronics,23
2025-10-22,ELE-SKU-1041,Electronics,23
2025-10-23,ELE-SKU-1041,Electronics,16
2025-10-24,ELE-SKU-1041,Electronics,17
2025-10-25,ELE-SKU-1041,Electronics,17
2025-10-26,ELE-SKU-1041,Electronics,17
2025-10-27,ELE-SKU-1041,Electronics,18
2025-10-28,ELE-SKU-1041,Electronics,0
2025-10-29,ELE-SKU-1041,Electronics,21
2025-10-30,ELE-SKU-1041,Electronics,23
2025-10-31,ELE-SKU-1041,Electronics,16
2025-11-01,ELE-SKU-1041,Electronics,16
2025-11-02,ELE-SKU-1041,Electronics,14
2025-11-03,ELE-SKU-1041,Electronics,17
2025-11-04,ELE-SKU-1041,Electronics,26
2025-11-05,ELE-SKU-1041,Electronics,23
2025-11-06,ELE-SKU-1041,Electronics,22
2025-11-07,ELE-SKU-1041,Electronics,19
2025-11-08,ELE-SKU-1041,Electronics,17
2025-11-09,ELE-SKU-1041,Electronics,16
2025-11-10,ELE-SKU-1041,Electronics,21
2025-11-11,ELE-SKU-1041,Electronics,23
2025-11-12,ELE-SKU-1041,Electronics,23
2025-11-13,ELE-SKU-1041,Electronics,21
2025-11-14,ELE-SKU-1041,Electronics,17
2025-11-15,ELE-SKU-1041,Electronics,0
2025-11-16,ELE-SKU-1041,Electronics,15
2025-11-17,ELE-SKU-1041,Electronics,22
2025-11-18,ELE-SKU-1041,Electronics,25
2025-11-19,ELE-SKU-1041,Electronics,23
2025-11-20,ELE-SKU-1041,Electronics,0
2025-11-21,ELE-SKU-1041,Electronics,18
2025-11-22,ELE-SKU-1041,Electronics,13
2025-11-23,ELE-SKU-1041,Electronics,21
2025-11-24,ELE-SKU-1041,Electronics,19
2025-11-25,ELE-SKU-1041,Electronics,25
2025-11-26,ELE-SKU-1041,Electronics,25
2025-11-27,ELE-SKU-1041,Electronics,17
2025-11-28,ELE-SKU-1041,Electronics,16
2025-11-29,ELE-SKU-1041,Electronics,0
2025-11-30,ELE-SKU-1041,Electronics,15
2025-12-01,ELE-SKU-1041,Electronics,19
2025-12-02,ELE-SKU-1041,Electronics,26
2025-12-03,ELE-SKU-1041,Electronics,24
2025-12-04,ELE-SKU-1041,Electronics,0
2025-12-05,ELE-SKU-1041,Electronics,15
2025-12-06,ELE-SKU-1041,Electronics,16
2025-12-07,ELE-SKU-1041,Electronics,21
2025-12-08,ELE-SKU-1041,Electronics,20
2025-12-09,ELE-SKU-1041,Electronics,27
2025-12-10,ELE-SKU-1041,Electronics,25
2025-12-11,ELE-SKU-1041,Electronics,19
2025-12-12,ELE-SKU-1041,Electronics,18
2025-12-13,ELE-SKU-1041,Electronics,16
2025-12-14,ELE-SKU-1041,Electronics,22
2025-12-15,ELE-SKU-1041,Electronics,25
2025-12-16,ELE-SKU-1041,Electronics,22
2025-12-17,ELE-SKU-1041,Electronics,21
2025-12-18,ELE-SKU-1041,Electronics,19
2025-12-19,ELE-SKU-1041,Electronics,18
2025-12-20,ELE-SKU-1041,Electronics,20
2025-12-21,ELE-SKU-1041,Electronics,17
2025-12-22,ELE-SKU-1041,Electronics,26
2025-12-23,ELE-SKU-1041,Electronics,23
2025-12-24,ELE-SKU-1041,Electronics,27
2025-12-25,ELE-SKU-1041,Electronics,19
2025-12-26,ELE-SKU-1041,Electronics,19
2025-12-27,ELE-SKU-1041,Electronics,18
2025-12-28,ELE-SKU-1041,Electronics,21
2025-12-29,ELE-SKU-1041,Electronics,22
2025-12-30,ELE-SKU-1041,Electronics,27
2025-12-31,ELE-SKU-1041,Electronics,22
2026-01-01,ELE-SKU-1041,Electronics,22
2026-01-02,ELE-SKU-1041,Electronics,0
2026-01-03,ELE-SKU-1041,Electronics,20
2026-01-04,ELE-SKU-1041,Electronics,19
2026-01-05,ELE-SKU-1041,Electronics,0
2026-01-06,ELE-SKU-1041,Electronics,23
2026-01-07,ELE-SKU-1041,Electronics,25
2026-01-08,ELE-SKU-1041,Electronics,20
2026-01-09,ELE-SKU-1041,Electronics,20
2026-01-10,ELE-SKU-1041,Electronics,21
2026-01-11,ELE-SKU-1041,Electronics,0
2026-01-12,ELE-SKU-1041,Electronics,26
2026-01-13,ELE-SKU-1041,Electronics,25
2026-01-14,ELE-SKU-1041,Electronics,25
2026-01-15,ELE-SKU-1041,Electronics,22
2026-01-16,ELE-SKU-1041,Electronics,22
2026-01-17,ELE-SKU-1041,Electronics,21
2026-01-18,ELE-SKU-1041,Electronics,19
2026-01-19,ELE-SKU-1041,Electronics,24
2026-01-20,ELE-SKU-1041,Electronics,26
2026-01-21,ELE-SKU-1041,Electronics,23
2026-01-22,ELE-SKU-1041,Electronics,0
2026-01-23,ELE-SKU-1041,Electronics,16
2026-01-24,ELE-SKU-1041,Electronics,0
2026-01-25,ELE-SKU-1041,Electronics,22
2026-01-26,ELE-SKU-1041,Electronics,24
2026-01-27,ELE-SKU-1041,Electronics,28
2026-01-28,ELE-SKU-1041,Electronics,0
2026-01-29,ELE-SKU-1041,Electronics,23
2026-01-30,ELE-SKU-1041,Electronics,22
2026-01-31,ELE-SKU-1041,Electronics,18
2026-02-01,ELE-SKU-1041,Electronics,20
2026-02-02,ELE-SKU-1041,Electronics,27
2026-02-03,ELE-SKU-1041,Electronics,24
2026-02-04,ELE-SKU-1041,Electronics,27
2026-02-05,ELE-SKU-1041,Electronics,21
2026-02-06,ELE-SKU-1041,Electronics,20
2026-02-07,ELE-SKU-1041,Electronics,21
2026-02-08,ELE-SKU-1041,Electronics,21
2026-02-09,ELE-SKU-1041,Electronics,29
2026-02-10,ELE-SKU-1041,Electronics,0
2026-02-11,ELE-SKU-1041,Electronics,24
2026-02-12,ELE-SKU-1041,Electronics,19
2026-02-13,ELE-SKU-1041,Electronics,16
2026-02-14,ELE-SKU-1041,Electronics,19
2026-02-15,ELE-SKU-1041,Electronics,25
2026-02-16,ELE-SKU-1041,Electronics,27
2026-02-17,ELE-SKU-1041,Electronics,26
2026-02-18,ELE-SKU-1041,Electronics,28
2026-02-19,ELE-SKU-1041,Electronics,19
2026-02-20,ELE-SKU-1041,Electronics,21
2026-02-21,ELE-SKU-1041,Electronics,20
2026-02-22,ELE-SKU-1041,Electronics,22
2026-02-23,ELE-SKU-1041,Electronics,27
2026-02-24,ELE-SKU-1041,Electronics,31
2026-02-25,ELE-SKU-1041,Electronics,26
2026-02-26,ELE-SKU-1041,Electronics,25
2026-02-27,ELE-SKU-1041,Electronics,21
2025-09-01,HOM-SKU-1042,Home & Garden,32
2025-09-02,HOM-SKU-1042,Home & Garden,46
2025-09-03,HOM-SKU-1042,Home & Garden,42
2025-09-04,HOM-SKU-1042,Home & Garden,39
2025-09-05,HOM-SKU-1042,Home & Garden,24
2025-09-06,HOM-SKU-1042,Home & Garden,0
2025-09-07,HOM-SKU-1042,Home & Garden,25
2025-09-08,HOM-SKU-1042,Home & Garden,38
2025-09-09,HOM-SKU-1042,Home & Garden,41
2025-09-10,HOM-SKU-1042,Home & Garden,48
2025-09-11,HOM-SKU-1042,Home & Garden,41
2025-09-12,HOM-SKU-1042,Home & Garden,21
2025-09-13,HOM-SKU-1042,Home & Garden,21
2025-09-14,HOM-SKU-1042,Home & Garden,23
2025-09-15,HOM-SKU-1042,Home & Garden,27
2025-09-16,HOM-SKU-1042,Home & Garden,49
2025-09-17,HOM-SKU-1042,Home & Garden,47
2025-09-18,HOM-SKU-1042,Home & Garden,0
2025-09-19,HOM-SKU-1042,Home & Garden,21
2025-09-20,HOM-SKU-1042,Home & Garden,12
2025-09-21,HOM-SKU-1042,Home & Garden,20
2025-09-22,HOM-SKU-1042,Home & Garden,37
2025-09-23,HOM-SKU-1042,Home & Garden,47
2025-09-24,HOM-SKU-1042,Home & Garden,50
2025-09-25,HOM-SKU-1042,Home & Garden,35
2025-09-26,HOM-SKU-1042,Home & Garden,27
2025-09-27,HOM-SKU-1042,Home & Garden,22
2025-09-28,HOM-SKU-1042,Home & Garden,26
2025-09-29,HOM-SKU-1042,Home & Garden,30
2025-09-30,HOM-SKU-1042,Home & Garden,45
2025-10-01,HOM-SKU-1042,Home & Garden,43
2025-10-02,HOM-SKU-1042,Home & Garden,34
2025-10-03,HOM-SKU-1042,Home & Garden,21
2025-10-04,HOM-SKU-1042,Home & Garden,15
2025-10-05,HOM-SKU-1042,Home & Garden,0
2025-10-06,HOM-SKU-1042,Home & Garden,38
2025-10-07,HOM-SKU-1042,Home & Garden,50
2025-10-08,HOM-SKU-1042,Home & Garden,43
2025-10-09,HOM-SKU-1042,Home & Garden,29
2025-10-10,HOM-SKU-1042,Home & Garden,0
2025-10-11,HOM-SKU-1042,Home & Garden,19
2025-10-12,HOM-SKU-1042,Home & Garden,25
2025-10-13,HOM-SKU-1042,Home & Garden,33
2025-10-14,HOM-SKU-1042,Home & Garden,42
2025-10-15,HOM-SKU-1042,Home & Garden,43
2025-10-16,HOM-SKU-1042,Home & Garden,29
2025-10-17,HOM-SKU-1042,Home & Garden,24
2025-10-18,HOM-SKU-1042,Home & Garden,0
2025-10-19,HOM-SKU-1042,Home & Garden,15
2025-10-20,HOM-SKU-1042,Home & Garden,37
2025-10-21,HOM-SKU-1042,Home & Garden,41
2025-10-22,HOM-SKU-1042,Home & Garden,0
2025-10-23,HOM-SKU-1042,Home & Garden,27
2025-10-24,HOM-SKU-1042,Home & Garden,24
2025-10-25,HOM-SKU-1042,Home & Garden,9
2025-10-26,HOM-SKU-1042,Home & Garden,0
2025-10-27,HOM-SKU-1042,Home & Garden,37
2025-10-28,HOM-SKU-1042,Home & Garden,46
2025-10-29,HOM-SKU-1042,Home & Garden,44
2025-10-30,HOM-SKU-1042,Home & Garden,28
2025-10-31,HOM-SKU-1042,Home & Garden,19
2025-11-01,HOM-SKU-1042,Home & Garden,18
2025-11-02,HOM-SKU-1042,Home & Garden,20
2025-11-03,HOM-SKU-1042,Home & Garden,29
2025-11-04,HOM-SKU-1042,Home & Garden,46
2025-11-05,HOM-SKU-1042,Home & Garden,46
2025-11-06,HOM-SKU-1042,Home & Garden,34
2025-11-07,HOM-SKU-1042,Home & Garden,14
2025-11-08,HOM-SKU-1042,Home & Garden,12
2025-11-09,HOM-SKU-1042,Home & Garden,19
2025-11-10,HOM-SKU-1042,Home & Garden,36
2025-11-11,HOM-SKU-1042,Home & Garden,43
2025-11-12,HOM-SKU-1042,Home & Garden,35
2025-11-13,HOM-SKU-1042,Home & Garden,35
2025-11-14,HOM-SKU-1042,Home & Garden,23
2025-11-15,HOM-SKU-1042,Home & Garden,16
2025-11-16,HOM-SKU-1042,Home & Garden,25
2025-11-17,HOM-SKU-1042,Home & Garden,34
2025-11-18,HOM-SKU-1042,Home & Garden,46
2025-11-19,HOM-SKU-1042,Home & Garden,42
2025-11-20,HOM-SKU-1042,Home & Garden,26
2025-11-21,HOM-SKU-1042,Home & Garden,0
2025-11-22,HOM-SKU-1042,Home & Garden,10
2025-11-23,HOM-SKU-1042,Home & Garden,19
2025-11-24,HOM-SKU-1042,Home & Garden,29
2025-11-25,HOM-SKU-1042,Home & Garden,37
2025-11-26,HOM-SKU-1042,Home & Garden,43
2025-11-27,HOM-SKU-1042,Home & Garden,28
2025-11-28,HOM-SKU-1042,Home & Garden,0
2025-11-29,HOM-SKU-1042,Home & Garden,15
2025-11-30,HOM-SKU-1042,Home & Garden,26
2025-12-01,HOM-SKU-1042,Home & Garden,39
2025-12-02,HOM-SKU-1042,Home & Garden,47
2025-12-03,HOM-SKU-1042,Home & Garden,0
2025-12-04,HOM-SKU-1042,Home & Garden,28
2025-12-05,HOM-SKU-1042,Home & Garden,0
2025-12-06,HOM-SKU-1042,Home & Garden,7
2025-12-07,HOM-SKU-1042,Home & Garden,26
2025-12-08,HOM-SKU-1042,Home & Garden,36
2025-12-09,HOM-SKU-1042,Home & Garden,40
2025-12-10,HOM-SKU-1042,Home & Garden,44
2025-12-11,HOM-SKU-1042,Home & Garden,23
2025-12-12,HOM-SKU-1042,Home & Garden,9
2025-12-13,HOM-SKU-1042,Home & Garden,16
2025-12-14,HOM-SKU-1042,Home & Garden,23
2025-12-15,HOM-SKU-1042,Home & Garden,33
2025-12-16,HOM-SKU-1042,Home & Garden,37
2025-12-17,HOM-SKU-1042,Home & Garden,33
2025-12-18,HOM-SKU-1042,Home & Garden,24
2025-12-19,HOM-SKU-1042,Home & Garden,18
2025-12-20,HOM-SKU-1042,Home & Garden,13
2025-12-21,HOM-SKU-1042,Home & Garden,23
2025-12-22,HOM-SKU-1042,Home & Garden,37
2025-12-23,HOM-SKU-1042,Home & Garden,38
2025-12-24,HOM-SKU-1042,Home & Garden,33
2025-12-25,HOM-SKU-1042,Home & Garden,23
2025-12-26,HOM-SKU-1042,Home & Garden,8
2025-12-27,HOM-SKU-1042,Home & Garden,13
2025-12-28,HOM-SKU-1042,Home & Garden,18
2025-12-29,HOM-SKU-1042,Home & Garden,34
2025-12-30,HOM-SKU-1042,Home & Garden,35
2025-12-31,HOM-SKU-1042,Home & Garden,35
2026-01-01,HOM-SKU-1042,Home & Garden,20
2026-01-02,HOM-SKU-1042,Home & Garden,10
2026-01-03,HOM-SKU-1042,Home & Garden,7
2026-01-04,HOM-SKU-1042,Home & Garden,27
2026-01-05,HOM-SKU-1042,Home & Garden,32
2026-01-06,HOM-SKU-1042,Home & Garden,0
2026-01-07,HOM-SKU-1042,Home & Garden,41
2026-01-08,HOM-SKU-1042,Home & Garden,25
2026-01-09,HOM-SKU-1042,Home & Garden,12
2026-01-10,HOM-SKU-1042,Home & Garden,11
2026-01-11,HOM-SKU-1042,Home & Garden,23
2026-01-12,HOM-SKU-1042,Home & Garden,34
2026-01-13,HOM-SKU-1042,Home & Garden,45
2026-01-14,HOM-SKU-1042,Home & Garden,32
2026-01-15,HOM-SKU-1042,Home & Garden,23
2026-01-16,HOM-SKU-1042,Home & Garden,15
2026-01-17,HOM-SKU-1042,Home & Garden,15
2026-01-18,HOM-SKU-1042,Home & Garden,27
2026-01-19,HOM-SKU-1042,Home & Garden,37
2026-01-20,HOM-SKU-1042,Home & Garden,41
2026-01-21,HOM-SKU-1042,Home & Garden,29
2026-01-22,HOM-SKU-1042,Home & Garden,23
2026-01-23,HOM-SKU-1042,Home & Garden,11
2026-01-24,HOM-SKU-1042,Home & Garden,8
2026-01-25,HOM-SKU-1042,Home & Garden,22
2026-01-26,HOM-SKU-1042,Home & Garden,38
2026-01-27,HOM-SKU-1042,Home & Garden,42
2026-01-28,HOM-SKU-1042,Home & Garden,33
2026-01-29,HOM-SKU-1042,Home & Garden,16
2026-01-30,HOM-SKU-1042,Home & Garden,13
2026-01-31,HOM-SKU-1042,Home & Garden,11
2026-02-01,HOM-SKU-1042,Home & Garden,17
2026-02-02,HOM-SKU-1042,Home & Garden,38
2026-02-03,HOM-SKU-1042,Home & Garden,0
2026-02-04,HOM-SKU-1042,Home & Garden,26
2026-02-05,HOM-SKU-1042,Home & Garden,18
2026-02-06,HOM-SKU-1042,Home & Garden,5
2026-02-07,HOM-SKU-1042,Home & Garden,0
2026-02-08,HOM-SKU-1042,Home & Garden,0
2026-02-09,HOM-SKU-1042,Home & Garden,36
2026-02-10,HOM-SKU-1042,Home & Garden,41
2026-02-11,HOM-SKU-1042,Home & Garden,0
2026-02-12,HOM-SKU-1042,Home & Garden,13
2026-02-13,HOM-SKU-1042,Home & Garden,8
2026-02-14,HOM-SKU-1042,Home & Garden,14
2026-02-15,HOM-SKU-1042,Home & Garden,28
2026-02-16,HOM-SKU-1042,Home & Garden,0
2026-02-17,HOM-SKU-1042,Home & Garden,37
2026-02-18,HOM-SKU-1042,Home & Garden,27
2026-02-19,HOM-SKU-1042,Home & Garden,15
2026-02-20,HOM-SKU-1042,Home & Garden,6
2026-02-21,HOM-SKU-1042,Home & Garden,15
2026-02-22,HOM-SKU-1042,Home & Garden,24
2026-02-23,HOM-SKU-1042,Home & Garden,40
2026-02-24,HOM-SKU-1042,Home & Garden,42
2026-02-25,HOM-SKU-1042,Home & Garden,32
2026-02-26,HOM-SKU-1042,Home & Garden,10
2026-02-27,HOM-SKU-1042,Home & Garden,1
2025-09-01,HOM-SKU-1043,Home & Garden,39
2025-09-02,HOM-SKU-1043,Home & Garden,52
2025-09-03,HOM-SKU-1043,Home & Garden,45
2025-09-04,HOM-SKU-1043,Home & Garden,45
2025-09-05,HOM-SKU-1043,Home & Garden,34
2025-09-06,HOM-SKU-1043,Home & Garden,28
2025-09-07,HOM-SKU-1043,Home & Garden,31
2025-09-08,HOM-SKU-1043,Home & Garden,34
2025-09-09,HOM-SKU-1043,Home & Garden,53
2025-09-10,HOM-SKU-1043,Home & Garden,51
2025-09-11,HOM-SKU-1043,Home & Garden,46
2025-09-12,HOM-SKU-1043,Home & Garden,30
2025-09-13,HOM-SKU-1043,Home & Garden,21
2025-09-14,HOM-SKU-1043,Home & Garden,33
2025-09-15,HOM-SKU-1043,Home & Garden,40
2025-09-16,HOM-SKU-1043,Home & Garden,46
2025-09-17,HOM-SKU-1043,Home & Garden,0
2025-09-18,HOM-SKU-1043,Home & Garden,0
2025-09-19,HOM-SKU-1043,Home & Garden,22
2025-09-20,HOM-SKU-1043,Home & Garden,28
2025-09-21,HOM-SKU-1043,Home & Garden,31
2025-09-22,HOM-SKU-1043,Home & Garden,34
2025-09-23,HOM-SKU-1043,Home & Garden,49
2025-09-24,HOM-SKU-1043,Home & Garden,45
2025-09-25,HOM-SKU-1043,Home & Garden,41
2025-09-26,HOM-SKU-1043,Home & Garden,31
2025-09-27,HOM-SKU-1043,Home & Garden,19
2025-09-28,HOM-SKU-1043,Home & Garden,28
2025-09-29,HOM-SKU-1043,Home & Garden,33
2025-09-30,HOM-SKU-1043,Home & Garden,50
2025-10-01,HOM-SKU-1043,Home & Garden,53
2025-10-02,HOM-SKU-1043,Home & Garden,39
2025-10-03,HOM-SKU-1043,Home & Garden,35
2025-10-04,HOM-SKU-1043,Home & Garden,24
2025-10-05,HOM-SKU-1043,Home & Garden,0
2025-10-06,HOM-SKU-1043,Home & Garden,44
2025-10-07,HOM-SKU-1043,Home & Garden,38
2025-10-08,HOM-SKU-1043,Home & Garden,46
2025-10-09,HOM-SKU-1043,Home & Garden,41
2025-10-10,HOM-SKU-1043,Home & Garden,25
2025-10-11,HOM-SKU-1043,Home & Garden,22
2025-10-12,HOM-SKU-1043,Home & Garden,33
2025-10-13,HOM-SKU-1043,Home & Garden,0
2025-10-14,HOM-SKU-1043,Home & Garden,48
2025-10-15,HOM-SKU-1043,Home & Garden,43
2025-10-16,HOM-SKU-1043,Home & Garden,0
2025-10-17,HOM-SKU-1043,Home & Garden,22
2025-10-18,HOM-SKU-1043,Home & Garden,0
2025-10-19,HOM-SKU-1043,Home & Garden,29
2025-10-20,HOM-SKU-1043,Home & Garden,31
2025-10-21,HOM-SKU-1043,Home & Garden,44
2025-10-22,HOM-SKU-1043,Home & Garden,43
2025-10-23,HOM-SKU-1043,Home & Garden,38
2025-10-24,HOM-SKU-1043,Home & Garden,24
2025-10-25,HOM-SKU-1043,Home & Garden,20
2025-10-26,HOM-SKU-1043,Home & Garden,0
2025-10-27,HOM-SKU-1043,Home & Garden,31
2025-10-28,HOM-SKU-1043,Home & Garden,41
2025-10-29,HOM-SKU-1043,Home & Garden,45
2025-10-30,HOM-SKU-1043,Home & Garden,0
2025-10-31,HOM-SKU-1043,Home & Garden,27
2025-11-01,HOM-SKU-1043,Home & Garden,27
2025-11-02,HOM-SKU-1043,Home & Garden,22
2025-11-03,HOM-SKU-1043,Home & Garden,42
2025-11-04,HOM-SKU-1043,Home & Garden,52
2025-11-05,HOM-SKU-1043,Home & Garden,51
2025-11-06,HOM-SKU-1043,Home & Garden,41
2025-11-07,HOM-SKU-1043,Home & Garden,0
2025-11-08,HOM-SKU-1043,Home & Garden,0
2025-11-09,HOM-SKU-1043,Home & Garden,29
2025-11-10,HOM-SKU-1043,Home & Garden,43
2025-11-11,HOM-SKU-1043,Home & Garden,45
2025-11-12,HOM-SKU-1043,Home & Garden,45
2025-11-13,HOM-SKU-1043,Home & Garden,41
2025-11-14,HOM-SKU-1043,Home & Garden,19
2025-11-15,HOM-SKU-1043,Home & Garden,16
2025-11-16,HOM-SKU-1043,Home & Garden,29
2025-11-17,HOM-SKU-1043,Home & Garden,0
2025-11-18,HOM-SKU-1043,Home & Garden,38
2025-11-19,HOM-SKU-1043,Home & Garden,44
2025-11-20,HOM-SKU-1043,Home & Garden,38
2025-11-21,HOM-SKU-1043,Home & Garden,27
2025-11-22,HOM-SKU-1043,Home & Garden,0
2025-11-23,HOM-SKU-1043,Home & Garden,33
2025-11-24,HOM-SKU-1043,Home & Garden,44
2025-11-25,HOM-SKU-1043,Home & Garden,42
2025-11-26,HOM-SKU-1043,Home & Garden,0
2025-11-27,HOM-SKU-1043,Home & Garden,34
2025-11-28,HOM-SKU-1043,Home & Garden,0
2025-11-29,HOM-SKU-1043,Home & Garden,16
2025-11-30,HOM-SKU-1043,Home & Garden,23
2025-12-01,HOM-SKU-1043,Home & Garden,42
2025-12-02,HOM-SKU-1043,Home & Garden,46
2025-12-03,HOM-SKU-1043,Home & Garden,39
2025-12-04,HOM-SKU-1043,Home & Garden,0
2025-12-05,HOM-SKU-1043,Home & Garden,25
2025-12-06,HOM-SKU-1043,Home & Garden,19
2025-12-07,HOM-SKU-1043,Home & Garden,0
2025-12-08,HOM-SKU-1043,Home & Garden,34
2025-12-09,HOM-SKU-1043,Home & Garden,37
2025-12-10,HOM-SKU-1043,Home & Garden,43
2025-12-11,HOM-SKU-1043,Home & Garden,25
2025-12-12,HOM-SKU-1043,Home & Garden,29
2025-12-13,HOM-SKU-1043,Home & Garden,23
2025-12-14,HOM-SKU-1043,Home & Garden,25
2025-12-15,HOM-SKU-1043,Home & Garden,33
2025-12-16,HOM-SKU-1043,Home & Garden,41
2025-12-17,HOM-SKU-1043,Home & Garden,41
2025-12-18,HOM-SKU-1043,Home & Garden,23
2025-12-19,HOM-SKU-1043,Home & Garden,14
2025-12-20,HOM-SKU-1043,Home & Garden,25
2025-12-21,HOM-SKU-1043,Home & Garden,0
2025-12-22,HOM-SKU-1043,Home & Garden,32
2025-12-23,HOM-SKU-1043,Home & Garden,40
2025-12-24,HOM-SKU-1043,Home & Garden,37
2025-12-25,HOM-SKU-1043,Home & Garden,28
2025-12-26,HOM-SKU-1043,Home & Garden,18
2025-12-27,HOM-SKU-1043,Home & Garden,0
2025-12-28,HOM-SKU-1043,Home & Garden,0
2025-12-29,HOM-SKU-1043,Home & Garden,43
2025-12-30,HOM-SKU-1043,Home & Garden,38
2025-12-31,HOM-SKU-1043,Home & Garden,34
2026-01-01,HOM-SKU-1043,Home & Garden,29
2026-01-02,HOM-SKU-1043,Home & Garden,19
2026-01-03,HOM-SKU-1043,Home & Garden,14
2026-01-04,HOM-SKU-1043,Home & Garden,20
2026-01-05,HOM-SKU-1043,Home & Garden,0
2026-01-06,HOM-SKU-1043,Home & Garden,43
2026-01-07,HOM-SKU-1043,Home & Garden,34
2026-01-08,HOM-SKU-1043,Home & Garden,33
2026-01-09,HOM-SKU-1043,Home & Garden,25
2026-01-10,HOM-SKU-1043,Home & Garden,21
2026-01-11,HOM-SKU-1043,Home & Garden,29
2026-01-12,HOM-SKU-1043,Home & Garden,41
2026-01-13,HOM-SKU-1043,Home & Garden,43
2026-01-14,HOM-SKU-1043,Home & Garden,44
2026-01-15,HOM-SKU-1043,Home & Garden,22
2026-01-16,HOM-SKU-1043,Home & Garden,20
2026-01-17,HOM-SKU-1043,Home & Garden,19
2026-01-18,HOM-SKU-1043,Home & Garden,30
2026-01-19,HOM-SKU-1043,Home & Garden,45
2026-01-20,HOM-SKU-1043,Home & Garden,42
2026-01-21,HOM-SKU-1043,Home & Garden,35
2026-01-22,HOM-SKU-1043,Home & Garden,28
2026-01-23,HOM-SKU-1043,Home & Garden,13
2026-01-24,HOM-SKU-1043,Home & Garden,26
2026-01-25,HOM-SKU-1043,Home & Garden,21
2026-01-26,HOM-SKU-1043,Home & Garden,32
2026-01-27,HOM-SKU-1043,Home & Garden,0
2026-01-28,HOM-SKU-1043,Home & Garden,0
2026-01-29,HOM-SKU-1043,Home & Garden,27
2026-01-30,HOM-SKU-1043,Home & Garden,25
2026-01-31,HOM-SKU-1043,Home & Garden,15
2026-02-01,HOM-SKU-1043,Home & Garden,23
2026-02-02,HOM-SKU-1043,Home & Garden,41
2026-02-03,HOM-SKU-1043,Home & Garden,46
2026-02-04,HOM-SKU-1043,Home & Garden,40
2026-02-05,HOM-SKU-1043,Home & Garden,27
2026-02-06,HOM-SKU-1043,Home & Garden,11
2026-02-07,HOM-SKU-1043,Home & Garden,15
2026-02-08,HOM-SKU-1043,Home & Garden,25
2026-02-09,HOM-SKU-1043,Home & Garden,42
2026-02-10,HOM-SKU-1043,Home & Garden,45
2026-02-11,HOM-SKU-1043,Home & Garden,32
2026-02-12,HOM-SKU-1043,Home & Garden,20
2026-02-13,HOM-SKU-1043,Home & Garden,19
2026-02-14,HOM-SKU-1043,Home & Garden,17
2026-02-15,HOM-SKU-1043,Home & Garden,21
2026-02-16,HOM-SKU-1043,Home & Garden,35
2026-02-17,HOM-SKU-1043,Home & Garden,33
2026-02-18,HOM-SKU-1043,Home & Garden,38
2026-02-19,HOM-SKU-1043,Home & Garden,25
2026-02-20,HOM-SKU-1043,Home & Garden,18
2026-02-21,HOM-SKU-1043,Home & Garden,0
2026-02-22,HOM-SKU-1043,Home & Garden,28
2026-02-23,HOM-SKU-1043,Home & Garden,39
2026-02-24,HOM-SKU-1043,Home & Garden,39
2026-02-25,HOM-SKU-1043,Home & Garden,36
2026-02-26,HOM-SKU-1043,Home & Garden,29
2026-02-27,HOM-SKU-1043,Home & Garden,14
2025-09-01,ELE-SKU-1044,Electronics,41
2025-09-02,ELE-SKU-1044,Electronics,57
2025-09-03,ELE-SKU-1044,Electronics,0
2025-09-04,ELE-SKU-1044,Electronics,44
2025-09-05,ELE-SKU-1044,Electronics,39
2025-09-06,ELE-SKU-1044,Electronics,22
2025-09-07,ELE-SKU-1044,Electronics,31
2025-09-08,ELE-SKU-1044,Electronics,47
2025-09-09,ELE-SKU-1044,Electronics,0
2025-09-10,ELE-SKU-1044,Electronics,51
2025-09-11,ELE-SKU-1044,Electronics,41
2025-09-12,ELE-SKU-1044,Electronics,39
2025-09-13,ELE-SKU-1044,Electronics,30
2025-09-14,ELE-SKU-1044,Electronics,0
2025-09-15,ELE-SKU-1044,Electronics,45
2025-09-16,ELE-SKU-1044,Electronics,50
2025-09-17,ELE-SKU-1044,Electronics,60
2025-09-18,ELE-SKU-1044,Electronics,43
2025-09-19,ELE-SKU-1044,Electronics,33
2025-09-20,ELE-SKU-1044,Electronics,20
2025-09-21,ELE-SKU-1044,Electronics,32
2025-09-22,ELE-SKU-1044,Electronics,0
2025-09-23,ELE-SKU-1044,Electronics,48
2025-09-24,ELE-SKU-1044,Electronics,59
2025-09-25,ELE-SKU-1044,Electronics,50
2025-09-26,ELE-SKU-1044,Electronics,35
2025-09-27,ELE-SKU-1044,Electronics,32
2025-09-28,ELE-SKU-1044,Electronics,29
2025-09-29,ELE-SKU-1044,Electronics,44
2025-09-30,ELE-SKU-1044,Electronics,54
2025-10-01,ELE-SKU-1044,Electronics,58
2025-10-02,ELE-SKU-1044,Electronics,44
2025-10-03,ELE-SKU-1044,Electronics,39
2025-10-04,ELE-SKU-1044,Electronics,19
2025-10-05,ELE-SKU-1044,Electronics,29
2025-10-06,ELE-SKU-1044,Electronics,43
2025-10-07,ELE-SKU-1044,Electronics,53
2025-10-08,ELE-SKU-1044,Electronics,53
2025-10-09,ELE-SKU-1044,Electronics,48
2025-10-10,ELE-SKU-1044,Electronics,30
2025-10-11,ELE-SKU-1044,Electronics,27
2025-10-12,ELE-SKU-1044,Electronics,26
2025-10-13,ELE-SKU-1044,Electronics,41
2025-10-14,ELE-SKU-1044,Electronics,58
2025-10-15,ELE-SKU-1044,Electronics,0
2025-10-16,ELE-SKU-1044,Electronics,51
2025-10-17,ELE-SKU-1044,Electronics,32
2025-10-18,ELE-SKU-1044,Electronics,34
2025-10-19,ELE-SKU-1044,Electronics,33
2025-10-20,ELE-SKU-1044,Electronics,47
2025-10-21,ELE-SKU-1044,Electronics,0
2025-10-22,ELE-SKU-1044,Electronics,65
2025-10-23,ELE-SKU-1044,Electronics,43
2025-10-24,ELE-SKU-1044,Electronics,27
2025-10-25,ELE-SKU-1044,Electronics,0
2025-10-26,ELE-SKU-1044,Electronics,42
2025-10-27,ELE-SKU-1044,Electronics,47
2025-10-28,ELE-SKU-1044,Electronics,64
2025-10-29,ELE-SKU-1044,Electronics,55
2025-10-30,ELE-SKU-1044,Electronics,49
2025-10-31,ELE-SKU-1044,Electronics,38
2025-11-01,ELE-SKU-1044,Electronics,32
2025-11-02,ELE-SKU-1044,Electronics,37
2025-11-03,ELE-SKU-1044,Electronics,51
2025-11-04,ELE-SKU-1044,Electronics,67
2025-11-05,ELE-SKU-1044,Electronics,56
2025-11-06,ELE-SKU-1044,Electronics,54
2025-11-07,ELE-SKU-1044,Electronics,31
2025-11-08,ELE-SKU-1044,Electronics,28
2025-11-09,ELE-SKU-1044,Electronics,37
2025-11-10,ELE-SKU-1044,Electronics,57
2025-11-11,ELE-SKU-1044,Electronics,68
2025-11-12,ELE-SKU-1044,Electronics,54
2025-11-13,ELE-SKU-1044,Electronics,43
2025-11-14,ELE-SKU-1044,Electronics,37
2025-11-15,ELE-SKU-1044,Electronics,35
2025-11-16,ELE-SKU-1044,Electronics,37
2025-11-17,ELE-SKU-1044,Electronics,58
2025-11-18,ELE-SKU-1044,Electronics,63
2025-11-19,ELE-SKU-1044,Electronics,68
2025-11-20,ELE-SKU-1044,Electronics,43
2025-11-21,ELE-SKU-1044,Electronics,39
2025-11-22,ELE-SKU-1044,Electronics,0
2025-11-23,ELE-SKU-1044,Electronics,42
2025-11-24,ELE-SKU-1044,Electronics,61
2025-11-25,ELE-SKU-1044,Electronics,59
2025-11-26,ELE-SKU-1044,Electronics,55
2025-11-27,ELE-SKU-1044,Electronics,55
2025-11-28,ELE-SKU-1044,Electronics,29
2025-11-29,ELE-SKU-1044,Electronics,34
2025-11-30,ELE-SKU-1044,Electronics,37
2025-12-01,ELE-SKU-1044,Electronics,62
2025-12-02,ELE-SKU-1044,Electronics,64
2025-12-03,ELE-SKU-1044,Electronics,60
2025-12-04,ELE-SKU-1044,Electronics,52
2025-12-05,ELE-SKU-1044,Electronics,31
2025-12-06,ELE-SKU-1044,Electronics,36
2025-12-07,ELE-SKU-1044,Electronics,41
2025-12-08,ELE-SKU-1044,Electronics,54
2025-12-09,ELE-SKU-1044,Electronics,67
2025-12-10,ELE-SKU-1044,Electronics,62
2025-12-11,ELE-SKU-1044,Electronics,43
2025-12-12,ELE-SKU-1044,Electronics,43
2025-12-13,ELE-SKU-1044,Electronics,29
2025-12-14,ELE-SKU-1044,Electronics,0
2025-12-15,ELE-SKU-1044,Electronics,64
2025-12-16,ELE-SKU-1044,Electronics,0
2025-12-17,ELE-SKU-1044,Electronics,62
2025-12-18,ELE-SKU-1044,Electronics,52
2025-12-19,ELE-SKU-1044,Electronics,34
2025-12-20,ELE-SKU-1044,Electronics,42
2025-12-21,ELE-SKU-1044,Electronics,48
2025-12-22,ELE-SKU-1044,Electronics,59
2025-12-23,ELE-SKU-1044,Electronics,69
2025-12-24,ELE-SKU-1044,Electronics,0
2025-12-25,ELE-SKU-1044,Electronics,46
2025-12-26,ELE-SKU-1044,Electronics,42
2025-12-27,ELE-SKU-1044,Electronics,0
2025-12-28,ELE-SKU-1044,Electronics,43
2025-12-29,ELE-SKU-1044,Electronics,0
2025-12-30,ELE-SKU-1044,Electronics,63
2025-12-31,ELE-SKU-1044,Electronics,71
2026-01-01,ELE-SKU-1044,Electronics,43
2026-01-02,ELE-SKU-1044,Electronics,38
2026-01-03,ELE-SKU-1044,Electronics,0
2026-01-04,ELE-SKU-1044,Electronics,46
2026-01-05,ELE-SKU-1044,Electronics,62
2026-01-06,ELE-SKU-1044,Electronics,75
2026-01-07,ELE-SKU-1044,Electronics,63
2026-01-08,ELE-SKU-1044,Electronics,54
2026-01-09,ELE-SKU-1044,Electronics,44
2026-01-10,ELE-SKU-1044,Electronics,38
2026-01-11,ELE-SKU-1044,Electronics,56
2026-01-12,ELE-SKU-1044,Electronics,70
2026-01-13,ELE-SKU-1044,Electronics,68
2026-01-14,ELE-SKU-1044,Electronics,65
2026-01-15,ELE-SKU-1044,Electronics,52
2026-01-16,ELE-SKU-1044,Electronics,44
2026-01-17,ELE-SKU-1044,Electronics,33
2026-01-18,ELE-SKU-1044,Electronics,51
2026-01-19,ELE-SKU-1044,Electronics,60
2026-01-20,ELE-SKU-1044,Electronics,76
2026-01-21,ELE-SKU-1044,Electronics,61
2026-01-22,ELE-SKU-1044,Electronics,56
2026-01-23,ELE-SKU-1044,Electronics,35
2026-01-24,ELE-SKU-1044,Electronics,35
2026-01-25,ELE-SKU-1044,Electronics,58
2026-01-26,ELE-SKU-1044,Electronics,71
2026-01-27,ELE-SKU-1044,Electronics,79
2026-01-28,ELE-SKU-1044,Electronics,68
2026-01-29,ELE-SKU-1044,Electronics,51
2026-01-30,ELE-SKU-1044,Electronics,48
2026-01-31,ELE-SKU-1044,Electronics,50
2026-02-01,ELE-SKU-1044,Electronics,57
2026-02-02,ELE-SKU-1044,Electronics,69
2026-02-03,ELE-SKU-1044,Electronics,75
2026-02-04,ELE-SKU-1044,Electronics,65
2026-02-05,ELE-SKU-1044,Electronics,47
2026-02-06,ELE-SKU-1044,Electronics,48
2026-02-07,ELE-SKU-1044,Electronics,45
2026-02-08,ELE-SKU-1044,Electronics,63
2026-02-09,ELE-SKU-1044,Electronics,71
2026-02-10,ELE-SKU-1044,Electronics,72
2026-02-11,ELE-SKU-1044,Electronics,63
2026-02-12,ELE-SKU-1044,Electronics,49
2026-02-13,ELE-SKU-1044,Electronics,50
2026-02-14,ELE-SKU-1044,Electronics,0
2026-02-15,ELE-SKU-1044,Electronics,51
2026-02-16,ELE-SKU-1044,Electronics,68
2026-02-17,ELE-SKU-1044,Electronics,82
2026-02-18,ELE-SKU-1044,Electronics,65
2026-02-19,ELE-SKU-1044,Electronics,51
2026-02-20,ELE-SKU-1044,Electronics,47
2026-02-21,ELE-SKU-1044,Electronics,50
2026-02-22,ELE-SKU-1044,Electronics,55
2026-02-23,ELE-SKU-1044,Electronics,79
2026-02-24,ELE-SKU-1044,Electronics,80
2026-02-25,ELE-SKU-1044,Electronics,73
2026-02-26,ELE-SKU-1044,Electronics,58
2026-02-27,ELE-SKU-1044,Electronics,41
2025-09-01,APP-SKU-1045,Apparel,31
2025-09-02,APP-SKU-1045,Apparel,38
2025-09-03,APP-SKU-1045,Apparel,39
2025-09-04,APP-SKU-1045,Apparel,31
2025-09-05,APP-SKU-1045,Apparel,19
2025-09-06,APP-SKU-1045,Apparel,16
2025-09-07,APP-SKU-1045,Apparel,15
2025-09-08,APP-SKU-1045,Apparel,30
2025-09-09,APP-SKU-1045,Apparel,41
2025-09-10,APP-SKU-1045,Apparel,36
2025-09-11,APP-SKU-1045,Apparel,30
2025-09-12,APP-SKU-1045,Apparel,20
2025-09-13,APP-SKU-1045,Apparel,15
2025-09-14,APP-SKU-1045,Apparel,20
2025-09-15,APP-SKU-1045,Apparel,0
2025-09-16,APP-SKU-1045,Apparel,39
2025-09-17,APP-SKU-1045,Apparel,37
2025-09-18,APP-SKU-1045,Apparel,28
2025-09-19,APP-SKU-1045,Apparel,21
2025-09-20,APP-SKU-1045,Apparel,13
2025-09-21,APP-SKU-1045,Apparel,22
2025-09-22,APP-SKU-1045,Apparel,31
2025-09-23,APP-SKU-1045,Apparel,39
2025-09-24,APP-SKU-1045,Apparel,35
2025-09-25,APP-SKU-1045,Apparel,31
2025-09-26,APP-SKU-1045,Apparel,22
2025-09-27,APP-SKU-1045,Apparel,0
2025-09-28,APP-SKU-1045,Apparel,17
2025-09-29,APP-SKU-1045,Apparel,30
2025-09-30,APP-SKU-1045,Apparel,33
2025-10-01,APP-SKU-1045,Apparel,43
2025-10-02,APP-SKU-1045,Apparel,25
2025-10-03,APP-SKU-1045,Apparel,15
2025-10-04,APP-SKU-1045,Apparel,18
2025-10-05,APP-SKU-1045,Apparel,14
2025-10-06,APP-SKU-1045,Apparel,25
2025-10-07,APP-SKU-1045,Apparel,41
2025-10-08,APP-SKU-1045,Apparel,41
2025-10-09,APP-SKU-1045,Apparel,24
2025-10-10,APP-SKU-1045,Apparel,21
2025-10-11,APP-SKU-1045,Apparel,15
2025-10-12,APP-SKU-1045,Apparel,14
2025-10-13,APP-SKU-1045,Apparel,31
2025-10-14,APP-SKU-1045,Apparel,42
2025-10-15,APP-SKU-1045,Apparel,0
2025-10-16,APP-SKU-1045,Apparel,26
2025-10-17,APP-SKU-1045,Apparel,20
2025-10-18,APP-SKU-1045,Apparel,11
2025-10-19,APP-SKU-1045,Apparel,14
2025-10-20,APP-SKU-1045,Apparel,26
2025-10-21,APP-SKU-1045,Apparel,40
2025-10-22,APP-SKU-1045,Apparel,37
2025-10-23,APP-SKU-1045,Apparel,24
2025-10-24,APP-SKU-1045,Apparel,14
2025-10-25,APP-SKU-1045,Apparel,14
2025-10-26,APP-SKU-1045,Apparel,22
2025-10-27,APP-SKU-1045,Apparel,29
2025-10-28,APP-SKU-1045,Apparel,37
2025-10-29,APP-SKU-1045,Apparel,32
2025-10-30,APP-SKU-1045,Apparel,31
2025-10-31,APP-SKU-1045,Apparel,14
2025-11-01,APP-SKU-1045,Apparel,16
2025-11-02,APP-SKU-1045,Apparel,23
2025-11-03,APP-SKU-1045,Apparel,32
2025-11-04,APP-SKU-1045,Apparel,0
2025-11-05,APP-SKU-1045,Apparel,0
2025-11-06,APP-SKU-1045,Apparel,0
2025-11-07,APP-SKU-1045,Apparel,11
2025-11-08,APP-SKU-1045,Apparel,8
2025-11-09,APP-SKU-1045,Apparel,21
2025-11-10,APP-SKU-1045,Apparel,33
2025-11-11,APP-SKU-1045,Apparel,41
2025-11-12,APP-SKU-1045,Apparel,38
2025-11-13,APP-SKU-1045,Apparel,21
2025-11-14,APP-SKU-1045,Apparel,17
2025-11-15,APP-SKU-1045,Apparel,12
2025-11-16,APP-SKU-1045,Apparel,19
2025-11-17,APP-SKU-1045,Apparel,26
2025-11-18,APP-SKU-1045,Apparel,36
2025-11-19,APP-SKU-1045,Apparel,31
2025-11-20,APP-SKU-1045,Apparel,27
2025-11-21,APP-SKU-1045,Apparel,16
2025-11-22,APP-SKU-1045,Apparel,6
2025-11-23,APP-SKU-1045,Apparel,17
2025-11-24,APP-SKU-1045,Apparel,30
2025-11-25,APP-SKU-1045,Apparel,38
2025-11-26,APP-SKU-1045,Apparel,31
2025-11-27,APP-SKU-1045,Apparel,20
2025-11-28,APP-SKU-1045,Apparel,10
2025-11-29,APP-SKU-1045,Apparel,7
2025-11-30,APP-SKU-1045,Apparel,23
2025-12-01,APP-SKU-1045,Apparel,28
2025-12-02,APP-SKU-1045,Apparel,41
2025-12-03,APP-SKU-1045,Apparel,28
2025-12-04,APP-SKU-1045,Apparel,18
2025-12-05,APP-SKU-1045,Apparel,13
2025-12-06,APP-SKU-1045,Apparel,0
2025-12-07,APP-SKU-1045,Apparel,20
2025-12-08,APP-SKU-1045,Apparel,26
2025-12-09,APP-SKU-1045,Apparel,37
2025-12-10,APP-SKU-1045,Apparel,28
2025-12-11,APP-SKU-1045,Apparel,23
2025-12-12,APP-SKU-1045,Apparel,0
2025-12-13,APP-SKU-1045,Apparel,6
2025-12-14,APP-SKU-1045,Apparel,13
2025-12-15,APP-SKU-1045,Apparel,30
2025-12-16,APP-SKU-1045,Apparel,31
2025-12-17,APP-SKU-1045,Apparel,0
2025-12-18,APP-SKU-1045,Apparel,19
2025-12-19,APP-SKU-1045,Apparel,16
2025-12-20,APP-SKU-1045,Apparel,13
2025-12-21,APP-SKU-1045,Apparel,13
2025-12-22,APP-SKU-1045,Apparel,30
2025-12-23,APP-SKU-1045,Apparel,38
2025-12-24,APP-SKU-1045,Apparel,27
2025-12-25,APP-SKU-1045,Apparel,23
2025-12-26,APP-SKU-1045,Apparel,15
2025-12-27,APP-SKU-1045,Apparel,14
2025-12-28,APP-SKU-1045,Apparel,18
2025-12-29,APP-SKU-1045,Apparel,33
2025-12-30,APP-SKU-1045,Apparel,32
2025-12-31,APP-SKU-1045,Apparel,28
2026-01-01,APP-SKU-1045,Apparel,23
2026-01-02,APP-SKU-1045,Apparel,9
2026-01-03,APP-SKU-1045,Apparel,12
2026-01-04,APP-SKU-1045,Apparel,21
2026-01-05,APP-SKU-1045,Apparel,33
2026-01-06,APP-SKU-1045,Apparel,32
2026-01-07,APP-SKU-1045,Apparel,0
2026-01-08,APP-SKU-1045,Apparel,24
2026-01-09,APP-SKU-1045,Apparel,10
2026-01-10,APP-SKU-1045,Apparel,15
2026-01-11,APP-SKU-1045,Apparel,14
2026-01-12,APP-SKU-1045,Apparel,29
2026-01-13,APP-SKU-1045,Apparel,38
2026-01-14,APP-SKU-1045,Apparel,26
2026-01-15,APP-SKU-1045,Apparel,20
2026-01-16,APP-SKU-1045,Apparel,14
2026-01-17,APP-SKU-1045,Apparel,12
2026-01-18,APP-SKU-1045,Apparel,20
2026-01-19,APP-SKU-1045,Apparel,33
2026-01-20,APP-SKU-1045,Apparel,38
2026-01-21,APP-SKU-1045,Apparel,26
2026-01-22,APP-SKU-1045,Apparel,16
2026-01-23,APP-SKU-1045,Apparel,13
2026-01-24,APP-SKU-1045,Apparel,0
2026-01-25,APP-SKU-1045,Apparel,24
2026-01-26,APP-SKU-1045,Apparel,29
2026-01-27,APP-SKU-1045,Apparel,35
2026-01-28,APP-SKU-1045,Apparel,25
2026-01-29,APP-SKU-1045,Apparel,16
2026-01-30,APP-SKU-1045,Apparel,4
2026-01-31,APP-SKU-1045,Apparel,9
2026-02-01,APP-SKU-1045,Apparel,20
2026-02-02,APP-SKU-1045,Apparel,26
2026-02-03,APP-SKU-1045,Apparel,38
2026-02-04,APP-SKU-1045,Apparel,25
2026-02-05,APP-SKU-1045,Apparel,16
2026-02-06,APP-SKU-1045,Apparel,10
2026-02-07,APP-SKU-1045,Apparel,10
2026-02-08,APP-SKU-1045,Apparel,17
2026-02-09,APP-SKU-1045,Apparel,26
2026-02-10,APP-SKU-1045,Apparel,38
2026-02-11,APP-SKU-1045,Apparel,28
2026-02-12,APP-SKU-1045,Apparel,0
2026-02-13,APP-SKU-1045,Apparel,0
2026-02-14,APP-SKU-1045,Apparel,13
2026-02-15,APP-SKU-1045,Apparel,22
2026-02-16,APP-SKU-1045,Apparel,0
2026-02-17,APP-SKU-1045,Apparel,33
2026-02-18,APP-SKU-1045,Apparel,29
2026-02-19,APP-SKU-1045,Apparel,11
2026-02-20,APP-SKU-1045,Apparel,5
2026-02-21,APP-SKU-1045,Apparel,10
2026-02-22,APP-SKU-1045,Apparel,18
2026-02-23,APP-SKU-1045,Apparel,31
2026-02-24,APP-SKU-1045,Apparel,31
2026-02-25,APP-SKU-1045,Apparel,26
2026-02-26,APP-SKU-1045,Apparel,11
2026-02-27,APP-SKU-1045,Apparel,6
2025-09-01,APP-SKU-1046,Apparel,8
2025-09-02,APP-SKU-1046,Apparel,8
2025-09-03,APP-SKU-1046,Apparel,9
2025-09-04,APP-SKU-1046,Apparel,9
2025-09-05,APP-SKU-1046,Apparel,6
2025-09-06,APP-SKU-1046,Apparel,3
2025-09-07,APP-SKU-1046,Apparel,3
2025-09-08,APP-SKU-1046,Apparel,6
2025-09-09,APP-SKU-1046,Apparel,9
2025-09-10,APP-SKU-1046,Apparel,10
2025-09-11,APP-SKU-1046,Apparel,7
2025-09-12,APP-SKU-1046,Apparel,5
2025-09-13,APP-SKU-1046,Apparel,5
2025-09-14,APP-SKU-1046,Apparel,5
2025-09-15,APP-SKU-1046,Apparel,8
2025-09-16,APP-SKU-1046,Apparel,9
2025-09-17,APP-SKU-1046,Apparel,11
2025-09-18,APP-SKU-1046,Apparel,0
2025-09-19,APP-SKU-1046,Apparel,6
2025-09-20,APP-SKU-1046,Apparel,4
2025-09-21,APP-SKU-1046,Apparel,6
2025-09-22,APP-SKU-1046,Apparel,8
2025-09-23,APP-SKU-1046,Apparel,10
2025-09-24,APP-SKU-1046,Apparel,10
2025-09-25,APP-SKU-1046,Apparel,9
2025-09-26,APP-SKU-1046,Apparel,0
2025-09-27,APP-SKU-1046,Apparel,3
2025-09-28,APP-SKU-1046,Apparel,5
2025-09-29,APP-SKU-1046,Apparel,8
2025-09-30,APP-SKU-1046,Apparel,9
2025-10-01,APP-SKU-1046,Apparel,10
2025-10-02,APP-SKU-1046,Apparel,7
2025-10-03,APP-SKU-1046,Apparel,6
2025-10-04,APP-SKU-1046,Apparel,5
2025-10-05,APP-SKU-1046,Apparel,5
2025-10-06,APP-SKU-1046,Apparel,8
2025-10-07,APP-SKU-1046,Apparel,11
2025-10-08,APP-SKU-1046,Apparel,10
2025-10-09,APP-SKU-1046,Apparel,8
2025-10-10,APP-SKU-1046,Apparel,5
2025-10-11,APP-SKU-1046,Apparel,3
2025-10-12,APP-SKU-1046,Apparel,6
2025-10-13,APP-SKU-1046,Apparel,0
2025-10-14,APP-SKU-1046,Apparel,12
2025-10-15,APP-SKU-1046,Apparel,10
2025-10-16,APP-SKU-1046,Apparel,9
2025-10-17,APP-SKU-1046,Apparel,5
2025-10-18,APP-SKU-1046,Apparel,4
2025-10-19,APP-SKU-1046,Apparel,0
2025-10-20,APP-SKU-1046,Apparel,0
2025-10-21,APP-SKU-1046,Apparel,12
2025-10-22,APP-SKU-1046,Apparel,11
2025-10-23,APP-SKU-1046,Apparel,9
2025-10-24,APP-SKU-1046,Apparel,6
2025-10-25,APP-SKU-1046,Apparel,6
2025-10-26,APP-SKU-1046,Apparel,7
2025-10-27,APP-SKU-1046,Apparel,9
2025-10-28,APP-SKU-1046,Apparel,11
2025-10-29,APP-SKU-1046,Apparel,12
2025-10-30,APP-SKU-1046,Apparel,10
2025-10-31,APP-SKU-1046,Apparel,7
2025-11-01,APP-SKU-1046,Apparel,4
2025-11-02,APP-SKU-1046,Apparel,7
2025-11-03,APP-SKU-1046,Apparel,8
2025-11-04,APP-SKU-1046,Apparel,0
2025-11-05,APP-SKU-1046,Apparel,12
2025-11-06,APP-SKU-1046,Apparel,10
2025-11-07,APP-SKU-1046,Apparel,7
2025-11-08,APP-SKU-1046,Apparel,4
2025-11-09,APP-SKU-1046,Apparel,7
2025-11-10,APP-SKU-1046,Apparel,10
2025-11-11,APP-SKU-1046,Apparel,13
2025-11-12,APP-SKU-1046,Apparel,13
2025-11-13,APP-SKU-1046,Apparel,8
2025-11-14,APP-SKU-1046,Apparel,7
2025-11-15,APP-SKU-1046,Apparel,5
2025-11-16,APP-SKU-1046,Apparel,0
2025-11-17,APP-SKU-1046,Apparel,10
2025-11-18,APP-SKU-1046,Apparel,12
2025-11-19,APP-SKU-1046,Apparel,13
2025-11-20,APP-SKU-1046,Apparel,9
2025-11-21,APP-SKU-1046,Apparel,5
2025-11-22,APP-SKU-1046,Apparel,5
2025-11-23,APP-SKU-1046,Apparel,6
2025-11-24,APP-SKU-1046,Apparel,9
2025-11-25,APP-SKU-1046,Apparel,11
2025-11-26,APP-SKU-1046,Apparel,12
2025-11-27,APP-SKU-1046,Apparel,9
2025-11-28,APP-SKU-1046,Apparel,6
2025-11-29,APP-SKU-1046,Apparel,6
2025-11-30,APP-SKU-1046,Apparel,7
2025-12-01,APP-SKU-1046,Apparel,11
2025-12-02,APP-SKU-1046,Apparel,14
2025-12-03,APP-SKU-1046,Apparel,12
2025-12-04,APP-SKU-1046,Apparel,0
2025-12-05,APP-SKU-1046,Apparel,7
2025-12-06,APP-SKU-1046,Apparel,0
2025-12-07,APP-SKU-1046,Apparel,7
2025-12-08,APP-SKU-1046,Apparel,11
2025-12-09,APP-SKU-1046,Apparel,0
2025-12-10,APP-SKU-1046,Apparel,12
2025-12-11,APP-SKU-1046,Apparel,0
2025-12-12,APP-SKU-1046,Apparel,6
2025-12-13,APP-SKU-1046,Apparel,7
2025-12-14,APP-SKU-1046,Apparel,9
2025-12-15,APP-SKU-1046,Apparel,11
2025-12-16,APP-SKU-1046,Apparel,14
2025-12-17,APP-SKU-1046,Apparel,13
2025-12-18,APP-SKU-1046,Apparel,11
2025-12-19,APP-SKU-1046,Apparel,6
2025-12-20,APP-SKU-1046,Apparel,7
2025-12-21,APP-SKU-1046,Apparel,9
2025-12-22,APP-SKU-1046,Apparel,13
2025-12-23,APP-SKU-1046,Apparel,12
2025-12-24,APP-SKU-1046,Apparel,13
2025-12-25,APP-SKU-1046,Apparel,11
2025-12-26,APP-SKU-1046,Apparel,0
2025-12-27,APP-SKU-1046,Apparel,6
2025-12-28,APP-SKU-1046,Apparel,8
2025-12-29,APP-SKU-1046,Apparel,11
2025-12-30,APP-SKU-1046,Apparel,14
2025-12-31,APP-SKU-1046,Apparel,12
2026-01-01,APP-SKU-1046,Apparel,9
2026-01-02,APP-SKU-1046,Apparel,6
2026-01-03,APP-SKU-1046,Apparel,7
2026-01-04,APP-SKU-1046,Apparel,10
2026-01-05,APP-SKU-1046,Apparel,11
2026-01-06,APP-SKU-1046,Apparel,13
2026-01-07,APP-SKU-1046,Apparel,12
2026-01-08,APP-SKU-1046,Apparel,10
2026-01-09,APP-SKU-1046,Apparel,8
2026-01-10,APP-SKU-1046,Apparel,6
2026-01-11,APP-SKU-1046,Apparel,0
2026-01-12,APP-SKU-1046,Apparel,0
2026-01-13,APP-SKU-1046,Apparel,14
2026-01-14,APP-SKU-1046,Apparel,14
2026-01-15,APP-SKU-1046,Apparel,10
2026-01-16,APP-SKU-1046,Apparel,9
2026-01-17,APP-SKU-1046,Apparel,0
2026-01-18,APP-SKU-1046,Apparel,9
2026-01-19,APP-SKU-1046,Apparel,12
2026-01-20,APP-SKU-1046,Apparel,13
2026-01-21,APP-SKU-1046,Apparel,14
2026-01-22,APP-SKU-1046,Apparel,9
2026-01-23,APP-SKU-1046,Apparel,7
2026-01-24,APP-SKU-1046,Apparel,9
2026-01-25,APP-SKU-1046,Apparel,11
2026-01-26,APP-SKU-1046,Apparel,13
2026-01-27,APP-SKU-1046,Apparel,15
2026-01-28,APP-SKU-1046,Apparel,13
2026-01-29,APP-SKU-1046,Apparel,10
2026-01-30,APP-SKU-1046,Apparel,9
2026-01-31,APP-SKU-1046,Apparel,0
2026-02-01,APP-SKU-1046,Apparel,12
2026-02-02,APP-SKU-1046,Apparel,15
2026-02-03,APP-SKU-1046,Apparel,0
2026-02-04,APP-SKU-1046,Apparel,13
2026-02-05,APP-SKU-1046,Apparel,9
2026-02-06,APP-SKU-1046,Apparel,9
2026-02-07,APP-SKU-1046,Apparel,10
2026-02-08,APP-SKU-1046,Apparel,12
2026-02-09,APP-SKU-1046,Apparel,0
2026-02-10,APP-SKU-1046,Apparel,14
2026-02-11,APP-SKU-1046,Apparel,13
2026-02-12,APP-SKU-1046,Apparel,11
2026-02-13,APP-SKU-1046,Apparel,9
2026-02-14,APP-SKU-1046,Apparel,9
2026-02-15,APP-SKU-1046,Apparel,10
2026-02-16,APP-SKU-1046,Apparel,0
2026-02-17,APP-SKU-1046,Apparel,16
2026-02-18,APP-SKU-1046,Apparel,0
2026-02-19,APP-SKU-1046,Apparel,11
2026-02-20,APP-SKU-1046,Apparel,10
2026-02-21,APP-SKU-1046,Apparel,8
2026-02-22,APP-SKU-1046,Apparel,12
2026-02-23,APP-SKU-1046,Apparel,0
2026-02-24,APP-SKU-1046,Apparel,14
2026-02-25,APP-SKU-1046,Apparel,13
2026-02-26,APP-SKU-1046,Apparel,11
2026-02-27,APP-SKU-1046,Apparel,9
2025-09-01,ELE-SKU-1047,Electronics,32
2025-09-02,ELE-SKU-1047,Electronics,59
2025-09-03,ELE-SKU-1047,Electronics,62
2025-09-04,ELE-SKU-1047,Electronics,40
2025-09-05,ELE-SKU-1047,Electronics,0
2025-09-06,ELE-SKU-1047,Electronics,24
2025-09-07,ELE-SKU-1047,Electronics,27
2025-09-08,ELE-SKU-1047,Electronics,35
2025-09-09,ELE-SKU-1047,Electronics,63
2025-09-10,ELE-SKU-1047,Electronics,56
2025-09-11,ELE-SKU-1047,Electronics,48
2025-09-12,ELE-SKU-1047,Electronics,28
2025-09-13,ELE-SKU-1047,Electronics,0
2025-09-14,ELE-SKU-1047,Electronics,21
2025-09-15,ELE-SKU-1047,Electronics,0
2025-09-16,ELE-SKU-1047,Electronics,55
2025-09-17,ELE-SKU-1047,Electronics,61
2025-09-18,ELE-SKU-1047,Electronics,42
2025-09-19,ELE-SKU-1047,Electronics,29
2025-09-20,ELE-SKU-1047,Electronics,17
2025-09-21,ELE-SKU-1047,Electronics,27
2025-09-22,ELE-SKU-1047,Electronics,38
2025-09-23,ELE-SKU-1047,Electronics,49
2025-09-24,ELE-SKU-1047,Electronics,54
2025-09-25,ELE-SKU-1047,Electronics,39
2025-09-26,ELE-SKU-1047,Electronics,39
2025-09-27,ELE-SKU-1047,Electronics,26
2025-09-28,ELE-SKU-1047,Electronics,31
2025-09-29,ELE-SKU-1047,Electronics,46
2025-09-30,ELE-SKU-1047,Electronics,54
2025-10-01,ELE-SKU-1047,Electronics,58
2025-10-02,ELE-SKU-1047,Electronics,53
2025-10-03,ELE-SKU-1047,Electronics,36
2025-10-04,ELE-SKU-1047,Electronics,27
2025-10-05,ELE-SKU-1047,Electronics,32
2025-10-06,ELE-SKU-1047,Electronics,49
2025-10-07,ELE-SKU-1047,Electronics,65
2025-10-08,ELE-SKU-1047,Electronics,0
2025-10-09,ELE-SKU-1047,Electronics,47
2025-10-10,ELE-SKU-1047,Electronics,39
2025-10-11,ELE-SKU-1047,Electronics,16
2025-10-12,ELE-SKU-1047,Electronics,0
2025-10-13,ELE-SKU-1047,Electronics,47
2025-10-14,ELE-SKU-1047,Electronics,54
2025-10-15,ELE-SKU-1047,Electronics,58
2025-10-16,ELE-SKU-1047,Electronics,0
2025-10-17,ELE-SKU-1047,Electronics,37
2025-10-18,ELE-SKU-1047,Electronics,22
2025-10-19,ELE-SKU-1047,Electronics,0
2025-10-20,ELE-SKU-1047,Electronics,49
2025-10-21,ELE-SKU-1047,Electronics,64
2025-10-22,ELE-SKU-1047,Electronics,59
2025-10-23,ELE-SKU-1047,Electronics,45
2025-10-24,ELE-SKU-1047,Electronics,33
2025-10-25,ELE-SKU-1047,Electronics,25
2025-10-26,ELE-SKU-1047,Electronics,26
2025-10-27,ELE-SKU-1047,Electronics,52
2025-10-28,ELE-SKU-1047,Electronics,55
2025-10-29,ELE-SKU-1047,Electronics,52
2025-10-30,ELE-SKU-1047,Electronics,49
2025-10-31,ELE-SKU-1047,Electronics,38
2025-11-01,ELE-SKU-1047,Electronics,27
2025-11-02,ELE-SKU-1047,Electronics,26
2025-11-03,ELE-SKU-1047,Electronics,47
2025-11-04,ELE-SKU-1047,Electronics,68
2025-11-05,ELE-SKU-1047,Electronics,55
2025-11-06,ELE-SKU-1047,Electronics,42
2025-11-07,ELE-SKU-1047,Electronics,32
2025-11-08,ELE-SKU-1047,Electronics,30
2025-11-09,ELE-SKU-1047,Electronics,33
2025-11-10,ELE-SKU-1047,Electronics,43
2025-11-11,ELE-SKU-1047,Electronics,63
2025-11-12,ELE-SKU-1047,Electronics,0
2025-11-13,ELE-SKU-1047,Electronics,48
2025-11-14,ELE-SKU-1047,Electronics,38
2025-11-15,ELE-SKU-1047,Electronics,18
2025-11-16,ELE-SKU-1047,Electronics,0
2025-11-17,ELE-SKU-1047,Electronics,59
2025-11-18,ELE-SKU-1047,Electronics,71
2025-11-19,ELE-SKU-1047,Electronics,55
2025-11-20,ELE-SKU-1047,Electronics,50
2025-11-21,ELE-SKU-1047,Electronics,38
2025-11-22,ELE-SKU-1047,Electronics,21
2025-11-23,ELE-SKU-1047,Electronics,31
2025-11-24,ELE-SKU-1047,Electronics,58
2025-11-25,ELE-SKU-1047,Electronics,65
2025-11-26,ELE-SKU-1047,Electronics,64
2025-11-27,ELE-SKU-1047,Electronics,42
2025-11-28,ELE-SKU-1047,Electronics,38
2025-11-29,ELE-SKU-1047,Electronics,30
2025-11-30,ELE-SKU-1047,Electronics,46
2025-12-01,ELE-SKU-1047,Electronics,47
2025-12-02,ELE-SKU-1047,Electronics,71
2025-12-03,ELE-SKU-1047,Electronics,69
2025-12-04,ELE-SKU-1047,Electronics,0
2025-12-05,ELE-SKU-1047,Electronics,31
2025-12-06,ELE-SKU-1047,Electronics,30
2025-12-07,ELE-SKU-1047,Electronics,38
2025-12-08,ELE-SKU-1047,Electronics,0
2025-12-09,ELE-SKU-1047,Electronics,0
2025-12-10,ELE-SKU-1047,Electronics,69
2025-12-11,ELE-SKU-1047,Electronics,0
2025-12-12,ELE-SKU-1047,Electronics,37
2025-12-13,ELE-SKU-1047,Electronics,34
2025-12-14,ELE-SKU-1047,Electronics,0
2025-12-15,ELE-SKU-1047,Electronics,60
2025-12-16,ELE-SKU-1047,Electronics,66
2025-12-17,ELE-SKU-1047,Electronics,65
2025-12-18,ELE-SKU-1047,Electronics,50
2025-12-19,ELE-SKU-1047,Electronics,37
2025-12-20,ELE-SKU-1047,Electronics,28
2025-12-21,ELE-SKU-1047,Electronics,0
2025-12-22,ELE-SKU-1047,Electronics,53
2025-12-23,ELE-SKU-1047,Electronics,65
2025-12-24,ELE-SKU-1047,Electronics,61
2025-12-25,ELE-SKU-1047,Electronics,50
2025-12-26,ELE-SKU-1047,Electronics,36
2025-12-27,ELE-SKU-1047,Electronics,22
2025-12-28,ELE-SKU-1047,Electronics,39
2025-12-29,ELE-SKU-1047,Electronics,64
2025-12-30,ELE-SKU-1047,Electronics,60
2025-12-31,ELE-SKU-1047,Electronics,62
2026-01-01,ELE-SKU-1047,Electronics,0
2026-01-02,ELE-SKU-1047,Electronics,39
2026-01-03,ELE-SKU-1047,Electronics,38
2026-01-04,ELE-SKU-1047,Electronics,48
2026-01-05,ELE-SKU-1047,Electronics,0
2026-01-06,ELE-SKU-1047,Electronics,66
2026-01-07,ELE-SKU-1047,Electronics,69
2026-01-08,ELE-SKU-1047,Electronics,51
2026-01-09,ELE-SKU-1047,Electronics,32
2026-01-10,ELE-SKU-1047,Electronics,0
2026-01-11,ELE-SKU-1047,Electronics,0
2026-01-12,ELE-SKU-1047,Electronics,55
2026-01-13,ELE-SKU-1047,Electronics,75
2026-01-14,ELE-SKU-1047,Electronics,60
2026-01-15,ELE-SKU-1047,Electronics,45
2026-01-16,ELE-SKU-1047,Electronics,24
2026-01-17,ELE-SKU-1047,Electronics,34
2026-01-18,ELE-SKU-1047,Electronics,51
2026-01-19,ELE-SKU-1047,Electronics,68
2026-01-20,ELE-SKU-1047,Electronics,75
2026-01-21,ELE-SKU-1047,Electronics,63
2026-01-22,ELE-SKU-1047,Electronics,50
2026-01-23,ELE-SKU-1047,Electronics,28
2026-01-24,ELE-SKU-1047,Electronics,40
2026-01-25,ELE-SKU-1047,Electronics,45
2026-01-26,ELE-SKU-1047,Electronics,62
2026-01-27,ELE-SKU-1047,Electronics,74
2026-01-28,ELE-SKU-1047,Electronics,56
2026-01-29,ELE-SKU-1047,Electronics,49
2026-01-30,ELE-SKU-1047,Electronics,25
2026-01-31,ELE-SKU-1047,Electronics,37
2026-02-01,ELE-SKU-1047,Electronics,47
2026-02-02,ELE-SKU-1047,Electronics,72
2026-02-03,ELE-SKU-1047,Electronics,63
2026-02-04,ELE-SKU-1047,Electronics,61
2026-02-05,ELE-SKU-1047,Electronics,37
2026-02-06,ELE-SKU-1047,Electronics,30
2026-02-07,ELE-SKU-1047,Electronics,27
2026-02-08,ELE-SKU-1047,Electronics,0
2026-02-09,ELE-SKU-1047,Electronics,0
2026-02-10,ELE-SKU-1047,Electronics,71
2026-02-11,ELE-SKU-1047,Electronics,58
2026-02-12,ELE-SKU-1047,Electronics,41
2026-02-13,ELE-SKU-1047,Electronics,26
2026-02-14,ELE-SKU-1047,Electronics,35
2026-02-15,ELE-SKU-1047,Electronics,45
2026-02-16,ELE-SKU-1047,Electronics,64
2026-02-17,ELE-SKU-1047,Electronics,70
2026-02-18,ELE-SKU-1047,Electronics,60
2026-02-19,ELE-SKU-1047,Electronics,37
2026-02-20,ELE-SKU-1047,Electronics,36
2026-02-21,ELE-SKU-1047,Electronics,44
2026-02-22,ELE-SKU-1047,Electronics,51
2026-02-23,ELE-SKU-1047,Electronics,66
2026-02-24,ELE-SKU-1047,Electronics,73
2026-02-25,ELE-SKU-1047,Electronics,59
2026-02-26,ELE-SKU-1047,Electronics,46
2026-02-27,ELE-SKU-1047,Electronics,28
2025-09-01,HOM-SKU-1048,Home & Garden,35
2025-09-02,HOM-SKU-1048,Home & Garden,46
2025-09-03,HOM-SKU-1048,Home & Garden,66
2025-09-04,HOM-SKU-1048,Home & Garden,49
2025-09-05,HOM-SKU-1048,Home & Garden,34
2025-09-06,HOM-SKU-1048,Home & Garden,21
2025-09-07,HOM-SKU-1048,Home & Garden,20
2025-09-08,HOM-SKU-1048,Home & Garden,39
2025-09-09,HOM-SKU-1048,Home & Garden,52
2025-09-10,HOM-SKU-1048,Home & Garden,64
2025-09-11,HOM-SKU-1048,Home & Garden,52
2025-09-12,HOM-SKU-1048,Home & Garden,30
2025-09-13,HOM-SKU-1048,Home & Garden,27
2025-09-14,HOM-SKU-1048,Home & Garden,32
2025-09-15,HOM-SKU-1048,Home & Garden,43
2025-09-16,HOM-SKU-1048,Home & Garden,52
2025-09-17,HOM-SKU-1048,Home & Garden,52
2025-09-18,HOM-SKU-1048,Home & Garden,44
2025-09-19,HOM-SKU-1048,Home & Garden,37
2025-09-20,HOM-SKU-1048,Home & Garden,31
2025-09-21,HOM-SKU-1048,Home & Garden,31
2025-09-22,HOM-SKU-1048,Home & Garden,52
2025-09-23,HOM-SKU-1048,Home & Garden,52
2025-09-24,HOM-SKU-1048,Home & Garden,52
2025-09-25,HOM-SKU-1048,Home & Garden,51
2025-09-26,HOM-SKU-1048,Home & Garden,25
2025-09-27,HOM-SKU-1048,Home & Garden,26
2025-09-28,HOM-SKU-1048,Home & Garden,0
2025-09-29,HOM-SKU-1048,Home & Garden,39
2025-09-30,HOM-SKU-1048,Home & Garden,59
2025-10-01,HOM-SKU-1048,Home & Garden,61
2025-10-02,HOM-SKU-1048,Home & Garden,45
2025-10-03,HOM-SKU-1048,Home & Garden,41
2025-10-04,HOM-SKU-1048,Home & Garden,17
2025-10-05,HOM-SKU-1048,Home & Garden,38
2025-10-06,HOM-SKU-1048,Home & Garden,41
2025-10-07,HOM-SKU-1048,Home & Garden,67
2025-10-08,HOM-SKU-1048,Home & Garden,64
2025-10-09,HOM-SKU-1048,Home & Garden,44
2025-10-10,HOM-SKU-1048,Home & Garden,29
2025-10-11,HOM-SKU-1048,Home & Garden,23
2025-10-12,HOM-SKU-1048,Home & Garden,37
2025-10-13,HOM-SKU-1048,Home & Garden,53
2025-10-14,HOM-SKU-1048,Home & Garden,69
2025-10-15,HOM-SKU-1048,Home & Garden,64
2025-10-16,HOM-SKU-1048,Home & Garden,45
2025-10-17,HOM-SKU-1048,Home & Garden,27
2025-10-18,HOM-SKU-1048,Home & Garden,32
2025-10-19,HOM-SKU-1048,Home & Garden,27
2025-10-20,HOM-SKU-1048,Home & Garden,45
2025-10-21,HOM-SKU-1048,Home & Garden,71
2025-10-22,HOM-SKU-1048,Home & Garden,65
2025-10-23,HOM-SKU-1048,Home & Garden,52
2025-10-24,HOM-SKU-1048,Home & Garden,36
2025-10-25,HOM-SKU-1048,Home & Garden,19
2025-10-26,HOM-SKU-1048,Home & Garden,27
2025-10-27,HOM-SKU-1048,Home & Garden,0
2025-10-28,HOM-SKU-1048,Home & Garden,71
2025-10-29,HOM-SKU-1048,Home & Garden,67
2025-10-30,HOM-SKU-1048,Home & Garden,54
2025-10-31,HOM-SKU-1048,Home & Garden,29
2025-11-01,HOM-SKU-1048,Home & Garden,24
2025-11-02,HOM-SKU-1048,Home & Garden,37
2025-11-03,HOM-SKU-1048,Home & Garden,60
2025-11-04,HOM-SKU-1048,Home & Garden,61
2025-11-05,HOM-SKU-1048,Home & Garden,0
2025-11-06,HOM-SKU-1048,Home & Garden,58
2025-11-07,HOM-SKU-1048,Home & Garden,33
2025-11-08,HOM-SKU-1048,Home & Garden,32
2025-11-09,HOM-SKU-1048,Home & Garden,41
2025-11-10,HOM-SKU-1048,Home & Garden,50
2025-11-11,HOM-SKU-1048,Home & Garden,62
2025-11-12,HOM-SKU-1048,Home & Garden,64
2025-11-13,HOM-SKU-1048,Home & Garden,51
2025-11-14,HOM-SKU-1048,Home & Garden,42
2025-11-15,HOM-SKU-1048,Home & Garden,25
2025-11-16,HOM-SKU-1048,Home & Garden,48
2025-11-17,HOM-SKU-1048,Home & Garden,63
2025-11-18,HOM-SKU-1048,Home & Garden,0
2025-11-19,HOM-SKU-1048,Home & Garden,62
2025-11-20,HOM-SKU-1048,Home & Garden,47
2025-11-21,HOM-SKU-1048,Home & Garden,30
2025-11-22,HOM-SKU-1048,Home & Garden,35
2025-11-23,HOM-SKU-1048,Home & Garden,33
2025-11-24,HOM-SKU-1048,Home & Garden,57
2025-11-25,HOM-SKU-1048,Home & Garden,61
2025-11-26,HOM-SKU-1048,Home & Garden,66
2025-11-27,HOM-SKU-1048,Home & Garden,45
2025-11-28,HOM-SKU-1048,Home & Garden,33
2025-11-29,HOM-SKU-1048,Home & Garden,29
2025-11-30,HOM-SKU-1048,Home & Garden,41
2025-12-01,HOM-SKU-1048,Home & Garden,56
2025-12-02,HOM-SKU-1048,Home & Garden,67
2025-12-03,HOM-SKU-1048,Home & Garden,67
2025-12-04,HOM-SKU-1048,Home & Garden,56
2025-12-05,HOM-SKU-1048,Home & Garden,34
2025-12-06,HOM-SKU-1048,Home & Garden,35
2025-12-07,HOM-SKU-1048,Home & Garden,0
2025-12-08,HOM-SKU-1048,Home & Garden,59
2025-12-09,HOM-SKU-1048,Home & Garden,71
2025-12-10,HOM-SKU-1048,Home & Garden,67
2025-12-11,HOM-SKU-1048,Home & Garden,46
2025-12-12,HOM-SKU-1048,Home & Garden,38
2025-12-13,HOM-SKU-1048,Home & Garden,38
2025-12-14,HOM-SKU-1048,Home & Garden,45
2025-12-15,HOM-SKU-1048,Home & Garden,63
2025-12-16,HOM-SKU-1048,Home & Garden,70
2025-12-17,HOM-SKU-1048,Home & Garden,75
2025-12-18,HOM-SKU-1048,Home & Garden,50
2025-12-19,HOM-SKU-1048,Home & Garden,40
2025-12-20,HOM-SKU-1048,Home & Garden,42
2025-12-21,HOM-SKU-1048,Home & Garden,39
2025-12-22,HOM-SKU-1048,Home & Garden,62
2025-12-23,HOM-SKU-1048,Home & Garden,65
2025-12-24,HOM-SKU-1048,Home & Garden,71
2025-12-25,HOM-SKU-1048,Home & Garden,45
2025-12-26,HOM-SKU-1048,Home & Garden,30
2025-12-27,HOM-SKU-1048,Home & Garden,0
2025-12-28,HOM-SKU-1048,Home & Garden,0
2025-12-29,HOM-SKU-1048,Home & Garden,59
2025-12-30,HOM-SKU-1048,Home & Garden,81
2025-12-31,HOM-SKU-1048,Home & Garden,60
2026-01-01,HOM-SKU-1048,Home & Garden,50
2026-01-02,HOM-SKU-1048,Home & Garden,0
2026-01-03,HOM-SKU-1048,Home & Garden,40
2026-01-04,HOM-SKU-1048,Home & Garden,45
2026-01-05,HOM-SKU-1048,Home & Garden,71
2026-01-06,HOM-SKU-1048,Home & Garden,74
2026-01-07,HOM-SKU-1048,Home & Garden,61
2026-01-08,HOM-SKU-1048,Home & Garden,48
2026-01-09,HOM-SKU-1048,Home & Garden,46
2026-01-10,HOM-SKU-1048,Home & Garden,38
2026-01-11,HOM-SKU-1048,Home & Garden,55
2026-01-12,HOM-SKU-1048,Home & Garden,61
2026-01-13,HOM-SKU-1048,Home & Garden,83
2026-01-14,HOM-SKU-1048,Home & Garden,64
2026-01-15,HOM-SKU-1048,Home & Garden,49
2026-01-16,HOM-SKU-1048,Home & Garden,44
2026-01-17,HOM-SKU-1048,Home & Garden,47
2026-01-18,HOM-SKU-1048,Home & Garden,60
2026-01-19,HOM-SKU-1048,Home & Garden,0
2026-01-20,HOM-SKU-1048,Home & Garden,77
2026-01-21,HOM-SKU-1048,Home & Garden,62
2026-01-22,HOM-SKU-1048,Home & Garden,47
2026-01-23,HOM-SKU-1048,Home & Garden,35
2026-01-24,HOM-SKU-1048,Home & Garden,34
2026-01-25,HOM-SKU-1048,Home & Garden,61
2026-01-26,HOM-SKU-1048,Home & Garden,71
2026-01-27,HOM-SKU-1048,Home & Garden,82
2026-01-28,HOM-SKU-1048,Home & Garden,0
2026-01-29,HOM-SKU-1048,Home & Garden,52
2026-01-30,HOM-SKU-1048,Home & Garden,39
2026-01-31,HOM-SKU-1048,Home & Garden,0
2026-02-01,HOM-SKU-1048,Home & Garden,50
2026-02-02,HOM-SKU-1048,Home & Garden,71
2026-02-03,HOM-SKU-1048,Home & Garden,77
2026-02-04,HOM-SKU-1048,Home & Garden,72
2026-02-05,HOM-SKU-1048,Home & Garden,60
2026-02-06,HOM-SKU-1048,Home & Garden,0
2026-02-07,HOM-SKU-1048,Home & Garden,49
2026-02-08,HOM-SKU-1048,Home & Garden,56
2026-02-09,HOM-SKU-1048,Home & Garden,77
2026-02-10,HOM-SKU-1048,Home & Garden,72
2026-02-11,HOM-SKU-1048,Home & Garden,66
2026-02-12,HOM-SKU-1048,Home & Garden,53
2026-02-13,HOM-SKU-1048,Home & Garden,46
2026-02-14,HOM-SKU-1048,Home & Garden,49
2026-02-15,HOM-SKU-1048,Home & Garden,51
2026-02-16,HOM-SKU-1048,Home & Garden,67
2026-02-17,HOM-SKU-1048,Home & Garden,73
2026-02-18,HOM-SKU-1048,Home & Garden,74
2026-02-19,HOM-SKU-1048,Home & Garden,62
2026-02-20,HOM-SKU-1048,Home & Garden,46
2026-02-21,HOM-SKU-1048,Home & Garden,43
2026-02-22,HOM-SKU-1048,Home & Garden,53
2026-02-23,HOM-SKU-1048,Home & Garden,75
2026-02-24,HOM-SKU-1048,Home & Garden,72
2026-02-25,HOM-SKU-1048,Home & Garden,0
2026-02-26,HOM-SKU-1048,Home & Garden,51
2026-02-27,HOM-SKU-1048,Home & Garden,52
2025-09-01,SPO-SKU-1049,Sports & Outdoors,3
2025-09-02,SPO-SKU-1049,Sports & Outdoors,0
2025-09-03,SPO-SKU-1049,Sports & Outdoors,3
2025-09-04,SPO-SKU-1049,Sports & Outdoors,0
2025-09-05,SPO-SKU-1049,Sports & Outdoors,2
2025-09-06,SPO-SKU-1049,Sports & Outdoors,0
2025-09-07,SPO-SKU-1049,Sports & Outdoors,2
2025-09-08,SPO-SKU-1049,Sports & Outdoors,3
2025-09-09,SPO-SKU-1049,Sports & Outdoors,0
2025-09-10,SPO-SKU-1049,Sports & Outdoors,3
2025-09-11,SPO-SKU-1049,Sports & Outdoors,3
2025-09-12,SPO-SKU-1049,Sports & Outdoors,2
2025-09-13,SPO-SKU-1049,Sports & Outdoors,2
2025-09-14,SPO-SKU-1049,Sports & Outdoors,2
2025-09-15,SPO-SKU-1049,Sports & Outdoors,3
2025-09-16,SPO-SKU-1049,Sports & Outdoors,3
2025-09-17,SPO-SKU-1049,Sports & Outdoors,0
2025-09-18,SPO-SKU-1049,Sports & Outdoors,3
2025-09-19,SPO-SKU-1049,Sports & Outdoors,2
2025-09-20,SPO-SKU-1049,Sports & Outdoors,2
2025-09-21,SPO-SKU-1049,Sports & Outdoors,2
2025-09-22,SPO-SKU-1049,Sports & Outdoors,3
2025-09-23,SPO-SKU-1049,Sports & Outdoors,3
2025-09-24,SPO-SKU-1049,Sports & Outdoors,3
2025-09-25,SPO-SKU-1049,Sports & Outdoors,3
2025-09-26,SPO-SKU-1049,Sports & Outdoors,2
2025-09-27,SPO-SKU-1049,Sports & Outdoors,0
2025-09-28,SPO-SKU-1049,Sports & Outdoors,2
2025-09-29,SPO-SKU-1049,Sports & Outdoors,3
2025-09-30,SPO-SKU-1049,Sports & Outdoors,3
2025-10-01,SPO-SKU-1049,Sports & Outdoors,3
2025-10-02,SPO-SKU-1049,Sports & Outdoors,3
2025-10-03,SPO-SKU-1049,Sports & Outdoors,2
2025-10-04,SPO-SKU-1049,Sports & Outdoors,2
2025-10-05,SPO-SKU-1049,Sports & Outdoors,2
2025-10-06,SPO-SKU-1049,Sports & Outdoors,3
2025-10-07,SPO-SKU-1049,Sports & Outdoors,3
2025-10-08,SPO-SKU-1049,Sports & Outdoors,3
2025-10-09,SPO-SKU-1049,Sports & Outdoors,3
2025-10-10,SPO-SKU-1049,Sports & Outdoors,2
2025-10-11,SPO-SKU-1049,Sports & Outdoors,0
2025-10-12,SPO-SKU-1049,Sports & Outdoors,2
2025-10-13,SPO-SKU-1049,Sports & Outdoors,0
2025-10-14,SPO-SKU-1049,Sports & Outdoors,3
2025-10-15,SPO-SKU-1049,Sports & Outdoors,3
2025-10-16,SPO-SKU-1049,Sports & Outdoors,3
2025-10-17,SPO-SKU-1049,Sports & Outdoors,2
2025-10-18,SPO-SKU-1049,Sports & Outdoors,2
2025-10-19,SPO-SKU-1049,Sports & Outdoors,2
2025-10-20,SPO-SKU-1049,Sports & Outdoors,3
2025-10-21,SPO-SKU-1049,Sports & Outdoors,3
2025-10-22,SPO-SKU-1049,Sports & Outdoors,3
2025-10-23,SPO-SKU-1049,Sports & Outdoors,3
2025-10-24,SPO-SKU-1049,Sports & Outdoors,0
2025-10-25,SPO-SKU-1049,Sports & Outdoors,2
2025-10-26,SPO-SKU-1049,Sports & Outdoors,2
2025-10-27,SPO-SKU-1049,Sports & Outdoors,3
2025-10-28,SPO-SKU-1049,Sports & Outdoors,3
2025-10-29,SPO-SKU-1049,Sports & Outdoors,3
2025-10-30,SPO-SKU-1049,Sports & Outdoors,3
2025-10-31,SPO-SKU-1049,Sports & Outdoors,2
2025-11-01,SPO-SKU-1049,Sports & Outdoors,2
2025-11-02,SPO-SKU-1049,Sports & Outdoors,2
2025-11-03,SPO-SKU-1049,Sports & Outdoors,3
2025-11-04,SPO-SKU-1049,Sports & Outdoors,3
2025-11-05,SPO-SKU-1049,Sports & Outdoors,3
2025-11-06,SPO-SKU-1049,Sports & Outdoors,3
2025-11-07,SPO-SKU-1049,Sports & Outdoors,2
2025-11-08,SPO-SKU-1049,Sports & Outdoors,2
2025-11-09,SPO-SKU-1049,Sports & Outdoors,2
2025-11-10,SPO-SKU-1049,Sports & Outdoors,3
2025-11-11,SPO-SKU-1049,Sports & Outdoors,3
2025-11-12,SPO-SKU-1049,Sports & Outdoors,3
2025-11-13,SPO-SKU-1049,Sports & Outdoors,3
2025-11-14,SPO-SKU-1049,Sports & Outdoors,2
2025-11-15,SPO-SKU-1049,Sports & Outdoors,2
2025-11-16,SPO-SKU-1049,Sports & Outdoors,2
2025-11-17,SPO-SKU-1049,Sports & Outdoors,3
2025-11-18,SPO-SKU-1049,Sports & Outdoors,3
2025-11-19,SPO-SKU-1049,Sports & Outdoors,3
2025-11-20,SPO-SKU-1049,Sports & Outdoors,3
2025-11-21,SPO-SKU-1049,Sports & Outdoors,2
2025-11-22,SPO-SKU-1049,Sports & Outdoors,2
2025-11-23,SPO-SKU-1049,Sports & Outdoors,2
2025-11-24,SPO-SKU-1049,Sports & Outdoors,0
2025-11-25,SPO-SKU-1049,Sports & Outdoors,3
2025-11-26,SPO-SKU-1049,Sports & Outdoors,0
2025-11-27,SPO-SKU-1049,Sports & Outdoors,0
2025-11-28,SPO-SKU-1049,Sports & Outdoors,2
2025-11-29,SPO-SKU-1049,Sports & Outdoors,2
2025-11-30,SPO-SKU-1049,Sports & Outdoors,2
2025-12-01,SPO-SKU-1049,Sports & Outdoors,3
2025-12-02,SPO-SKU-1049,Sports & Outdoors,3
2025-12-03,SPO-SKU-1049,Sports & Outdoors,3
2025-12-04,SPO-SKU-1049,Sports & Outdoors,2
2025-12-05,SPO-SKU-1049,Sports & Outdoors,2
2025-12-06,SPO-SKU-1049,Sports & Outdoors,2
2025-12-07,SPO-SKU-1049,Sports & Outdoors,2
2025-12-08,SPO-SKU-1049,Sports & Outdoors,3
2025-12-09,SPO-SKU-1049,Sports & Outdoors,3
2025-12-10,SPO-SKU-1049,Sports & Outdoors,3
2025-12-11,SPO-SKU-1049,Sports & Outdoors,2
2025-12-12,SPO-SKU-1049,Sports & Outdoors,2
2025-12-13,SPO-SKU-1049,Sports & Outdoors,2
2025-12-14,SPO-SKU-1049,Sports & Outdoors,0
2025-12-15,SPO-SKU-1049,Sports & Outdoors,0
2025-12-16,SPO-SKU-1049,Sports & Outdoors,3
2025-12-17,SPO-SKU-1049,Sports & Outdoors,3
2025-12-18,SPO-SKU-1049,Sports & Outdoors,2
2025-12-19,SPO-SKU-1049,Sports & Outdoors,2
2025-12-20,SPO-SKU-1049,Sports & Outdoors,2
2025-12-21,SPO-SKU-1049,Sports & Outdoors,2
2025-12-22,SPO-SKU-1049,Sports & Outdoors,3
2025-12-23,SPO-SKU-1049,Sports & Outdoors,3
2025-12-24,SPO-SKU-1049,Sports & Outdoors,3
2025-12-25,SPO-SKU-1049,Sports & Outdoors,2
2025-12-26,SPO-SKU-1049,Sports & Outdoors,2
2025-12-27,SPO-SKU-1049,Sports & Outdoors,2
2025-12-28,SPO-SKU-1049,Sports & Outdoors,2
2025-12-29,SPO-SKU-1049,Sports & Outdoors,3
2025-12-30,SPO-SKU-1049,Sports & Outdoors,3
2025-12-31,SPO-SKU-1049,Sports & Outdoors,3
2026-01-01,SPO-SKU-1049,Sports & Outdoors,0
2026-01-02,SPO-SKU-1049,Sports & Outdoors,0
2026-01-03,SPO-SKU-1049,Sports & Outdoors,2
2026-01-04,SPO-SKU-1049,Sports & Outdoors,2
2026-01-05,SPO-SKU-1049,Sports & Outdoors,3
2026-01-06,SPO-SKU-1049,Sports & Outdoors,3
2026-01-07,SPO-SKU-1049,Sports & Outdoors,3
2026-01-08,SPO-SKU-1049,Sports & Outdoors,2
2026-01-09,SPO-SKU-1049,Sports & Outdoors,2
2026-01-10,SPO-SKU-1049,Sports & Outdoors,2
2026-01-11,SPO-SKU-1049,Sports & Outdoors,2
2026-01-12,SPO-SKU-1049,Sports & Outdoors,0
2026-01-13,SPO-SKU-1049,Sports & Outdoors,3
2026-01-14,SPO-SKU-1049,Sports & Outdoors,0
2026-01-15,SPO-SKU-1049,Sports & Outdoors,2
2026-01-16,SPO-SKU-1049,Sports & Outdoors,2
2026-01-17,SPO-SKU-1049,Sports & Outdoors,2
2026-01-18,SPO-SKU-1049,Sports & Outdoors,2
2026-01-19,SPO-SKU-1049,Sports & Outdoors,3
2026-01-20,SPO-SKU-1049,Sports & Outdoors,3
2026-01-21,SPO-SKU-1049,Sports & Outdoors,3
2026-01-22,SPO-SKU-1049,Sports & Outdoors,2
2026-01-23,SPO-SKU-1049,Sports & Outdoors,2
2026-01-24,SPO-SKU-1049,Sports & Outdoors,2
2026-01-25,SPO-SKU-1049,Sports & Outdoors,2
2026-01-26,SPO-SKU-1049,Sports & Outdoors,3
2026-01-27,SPO-SKU-1049,Sports & Outdoors,3
2026-01-28,SPO-SKU-1049,Sports & Outdoors,3
2026-01-29,SPO-SKU-1049,Sports & Outdoors,2
2026-01-30,SPO-SKU-1049,Sports & Outdoors,2
2026-01-31,SPO-SKU-1049,Sports & Outdoors,2
2026-02-01,SPO-SKU-1049,Sports & Outdoors,2
2026-02-02,SPO-SKU-1049,Sports & Outdoors,3
2026-02-03,SPO-SKU-1049,Sports & Outdoors,3
2026-02-04,SPO-SKU-1049,Sports & Outdoors,3
2026-02-05,SPO-SKU-1049,Sports & Outdoors,2
2026-02-06,SPO-SKU-1049,Sports & Outdoors,2
2026-02-07,SPO-SKU-1049,Sports & Outdoors,2
2026-02-08,SPO-SKU-1049,Sports & Outdoors,2
2026-02-09,SPO-SKU-1049,Sports & Outdoors,0
2026-02-10,SPO-SKU-1049,Sports & Outdoors,3
2026-02-11,SPO-SKU-1049,Sports & Outdoors,3
2026-02-12,SPO-SKU-1049,Sports & Outdoors,2
2026-02-13,SPO-SKU-1049,Sports & Outdoors,2
2026-02-14,SPO-SKU-1049,Sports & Outdoors,2
2026-02-15,SPO-SKU-1049,Sports & Outdoors,2
2026-02-16,SPO-SKU-1049,Sports & Outdoors,3
2026-02-17,SPO-SKU-1049,Sports & Outdoors,3
2026-02-18,SPO-SKU-1049,Sports & Outdoors,3
2026-02-19,SPO-SKU-1049,Sports & Outdoors,2
2026-02-20,SPO-SKU-1049,Sports & Outdoors,2
2026-02-21,SPO-SKU-1049,Sports & Outdoors,2
2026-02-22,SPO-SKU-1049,Sports & Outdoors,2
2026-02-23,SPO-SKU-1049,Sports & Outdoors,3
2026-02-24,SPO-SKU-1049,Sports & Outdoors,3
2026-02-25,SPO-SKU-1049,Sports & Outdoors,3
2026-02-26,SPO-SKU-1049,Sports & Outdoors,2
2026-02-27,SPO-SKU-1049,Sports & Outdoors,2
